record_id,glide_id,start_date,end_date,country,area_km2,source,main_cause,fatalities,displaced,severity,flood_impact_index
5513,FL-2024-000019-IRN,2024-02-26,2024-03-07,Iran (Islamic Republic of),"175,791",News,Heavy rain,18,"3,000",1.5,6.5
5514,,2024-02-26,2024-03-01,Peru,"95,634",News,Heavy rain,32,0,1.0,5.7
5516,,2024-02-21,2024-02-22,Brazil,"46,782",FloodList,Heavy rain,8,0,1.0,5.0
5511,,2024-02-12,2024-02-13,Oman,"44,119",News,Heavy rain,3,200,1.0,4.9
5512,FL-2024-000011-PHL,2024-01-28,2024-02-04,Philippines,"4,256",News,Torrential rain,14,0,1.0,4.5
5515,,2024-01-22,2024-01-24,United States of America,753,FloodList,Heavy rain,0,0,1.0,3.4
5509,,2024-01-14,2024-01-15,Brazil,"1,068",News,Heavy rain,11,0,1.0,3.3
5508,,2024-01-07,2024-01-08,South Africa,"225,556",,Heavy rain,41,0,1.5,5.8
5506,,2024-01-06,2024-01-09,Australia,605,News,Heavy rain,0,0,1.5,3.6
5505,,2024-01-01,2024-01-05,Germany,"47,931",News,Heavy rain,0,0,1.0,5.4
5503,,2023-12-30,2024-01-05,France,"7,396",News,Heavy rain,0,491,1.0,4.7
5510,,2023-12-29,2024-01-23,Congo,"4,662",News,Heavy rain,17,0,1.5,5.3
5504,,2023-12-28,2024-01-04,United Kingdom of Great Britain and Northern Ireland,"21,869",FloodList,Heavy rain,0,130,1.0,5.2
5507,FL-2024-000009-COD,2023-12-28,2024-01-12,Democratic Republic of the Congo,"92,099",News,Heavy rain,300,"120,000",2.0,6.5
5495,,2023-12-25,2023-12-29,South Africa,"91,791",News,Heavy rain,21,"5,600",1.0,5.7
5498,,2023-12-22,2023-12-28,Lesotho,"3,034",News,Heavy rain,0,0,1.0,4.3
5500,,2023-12-22,2023-12-25,Thailand,"21,103",News,Heavy rain,6,0,1.0,4.9
5496,,2023-12-18,2023-12-21,United States of America,"89,167",USGS,Heavy rain,0,0,1.5,5.7
5497,,2023-12-16,2023-12-16,Argentina,"1,145",News,Heavy rain,13,0,1.0,3.1
5494,,2023-12-13,2023-12-18,Australia,"9,740",FloodList,Heavy rain,0,0,1.0,4.8
5501,,2023-12-10,2023-12-13,India,"23,760",News,Heavy rain,0,"7,500",1.0,5.0
5502,,2023-12-10,2023-12-13,Bolivia (Plurinational State of),"261,750",News,Heavy rain,8,0,1.0,6.0
5493,,2023-12-04,2023-12-06,United States of America,"53,724",FloodList,Heavy rain,1,0,1.0,5.2
5499,FL-2023-000259-COG,2023-12-01,2023-12-29,Congo,"175,295",News,Heavy rain,7,"4,928",1.5,6.9
5491,FL-2023-000249-AGO,2023-11-30,2023-12-04,Angola,"237,560",News,Heavy rain,30,"20,000",2.0,6.4
5488,,2023-11-17,2023-11-20,United States of America,"3,194",News,Heavy rain,0,8,1.0,4.1
5490,FL-2023-000236-DOM,2023-11-17,2023-11-18,Dominican Republic • Haiti,"10,138",News,Heavy rain,34,"37,000",2.0,4.6
5486,,2023-11-02,2023-11-07,Ethiopia,"311,914",News,Heavy rain,20,"12,000",2.0,6.6
5487,,2023-11-02,2023-11-03,Italy,"19,489",FloodList,Heavy rain,3,300,1.0,4.6
5484,,2023-10-30,2023-11-04,Paraguay,"51,408",News,Heavy rain,6,0,1.0,5.5
5485,FL-2023-000232-COL,2023-10-30,2023-11-03,Colombia,"34,324",News,Heavy rain,0,0,1.0,5.2
5492,,2023-10-29,2023-11-02,Malawi,"5,157",FloodList,Heavy rain,1,0,1.0,4.4
5483,,2023-10-26,2023-10-27,Burundi,"1,591",News,Heavy rain,7,0,1.0,3.5
5479,TC-2023-000212-YEM,2023-10-24,2023-10-31,Yemen,"13,013",News,Tropical cyclone,1,"15,939",1.5,5.2
5478,,2023-10-18,2023-10-21,United Kingdom of Great Britain and Northern Ireland,"22,157",FloodList,Heavy rain,4,340,1.5,5.1
5477,FL-2023-000216-KEN,2023-10-15,2023-11-11,Kenya,"229,835",News,Heavy rain,46,"58,000",1.5,7.0
5473,,2023-10-06,2023-10-10,Myanmar,"4,674",FloodList,Heavy rain,5,"14,934",1.5,4.5
5475,,2023-10-06,2023-10-07,Sri Lanka,"21,227",News,Heavy rain,7,0,1.0,4.6
5482,,2023-10-04,2023-10-04,India,"21,138",News,Ice jam/break-up,92,"12,400",1.5,4.5
5489,,2023-10-04,2023-11-30,Somalia,"637,728",News,Heavy rain,55,"695,000",2.0,7.9
5474,,2023-10-03,2023-10-10,Brazil,"93,711",FloodList,Heavy rain,2,"12,289",1.5,6.1
5480,,2023-09-28,2023-09-29,United States of America,"6,665",News,Torrential rain,0,0,1.0,4.1
5471,,2023-09-25,2023-09-25,Mexico,80,FloodList,Heavy rain,8,0,1.0,1.9
5472,,2023-09-24,2023-09-25,Guatemala,110,FloodList,Heavy rain,6,0,1.0,2.3
5469,,2023-09-23,2023-09-26,South Africa,"132,164",News,Heavy rain,11,"2,710",1.5,5.9
5470,FL-2023-000199-SDN,2023-09-15,2023-09-22,Sudan,"72,376",News,Heavy rain,0,"8,000",1.5,5.9
5476,FL-2023-000215-GHA,2023-09-15,2023-10-24,Ghana,"5,412",News,Dam/Levy break or release,0,"26,000",1.0,5.3
5466,,2023-09-10,2023-09-11,Libya,211,FloodList,Dam/Levy break or release,"5,300","40,000",2.0,2.9
5465,,2023-09-09,2023-09-09,United States of America,805,FloodList,Heavy rain,0,0,1.0,2.9
5481,,2023-09-09,2023-09-13,United States of America,"98,217",News,Heavy rain,2,0,1.0,5.7
5463,,2023-09-08,2023-09-08,China • Hong Kong Special Administrative Region,"108,684",FloodList,Torrential rain,2,"11,000",1.5,5.2
5464,,2023-09-08,2023-09-08,Japan,"5,091",FloodList,Heavy rain,3,40,1.0,3.7
5468,,2023-09-07,2023-09-08,Myanmar,"1,144",News,Heavy rain,0,"1,000",1.0,3.4
5462,,2023-09-05,2023-09-07,Greece • Türkiye • Bulgaria,"11,585",FloodList,Torrential rain,11,340,1.5,4.7
5459,,2023-09-02,2023-09-03,Algeria,"234,541",FloodList,Heavy rain,8,0,1.0,5.7
5460,,2023-09-02,2023-09-04,Spain,"452,296",FloodList,Torrential rain,0,0,1.5,6.3
5461,FL-2023-000169-BRA,2023-09-02,2023-09-04,Brazil,"285,553",FloodList,Heavy rain,46,"25,855",2.0,6.2
5467,FL-2023-000167-LBR,2023-09-01,2023-09-04,Liberia,"9,264",Relief web,Heavy rain,0,520,1.0,4.6
5458,,2023-08-27,2023-08-29,United States of America,"4,931",FloodList,Heavy rain,0,0,1.0,4.2
5457,,2023-08-23,2023-08-23,Tajikistan,"24,805",FloodList,Heavy rain,13,400,1.0,4.4
5455,,2023-08-22,2023-08-22,United States of America,9,FloodList,Heavy rain,0,150,1.0,1.0
5456,,2023-08-22,2023-08-23,Dominican Republic,"3,739",FloodList,Heavy rain,0,300,1.0,3.9
5453,,2023-08-17,2023-08-18,Mexico,"161,862",FloodList,Tropical cyclone,1,0,1.0,5.5
5454,,2023-08-17,2023-08-21,Chile,"83,719",FloodList,Heavy rain,3,"32,728",1.5,5.8
5452,,2023-08-03,2023-08-04,Slovenia,"7,874",FloodList,Heavy rain,3,"4,000",1.5,4.4
5450,,2023-07-22,2023-07-22,Afghanistan,"5,080",FloodList,Heavy rain,12,0,1.0,3.7
5451,,2023-07-22,2023-07-22,Canada,"23,775",FloodList,Heavy rain,0,0,1.0,4.4
5449,,2023-07-20,2023-07-20,Bhutan,61,FloodList,Heavy rain,23,0,1.0,1.8
5448,,2023-07-19,2023-07-20,United States of America,"1,782",FloodList,Torrential rain,0,0,1.0,3.6
5446,,2023-07-15,2023-07-16,United States of America,676,FloodList,Torrential rain,3,0,1.0,3.1
5444,,2023-07-10,2023-07-12,United States of America,"48,826",FloodList,Heavy rain,1,150,1.5,5.3
5439,,2023-07-09,2023-07-10,United States of America,"40,743",FloodList,Heavy rain,1,0,1.0,4.9
5441,,2023-07-09,2023-07-13,Russian Federation,"6,990",FloodList,Torrential rain,0,240,1.0,4.5
5445,,2023-07-09,2023-07-13,India,"4,988",FloodList,Heavy rain,0,"35,000",2.0,4.7
5447,,2023-07-09,2023-07-16,Republic of Korea,"33,455",FloodList,Heavy rain,30,"9,000",2.0,5.7
5442,,2023-07-08,2023-07-10,Türkiye,"34,202",FloodList,Heavy rain,1,500,1.0,5.0
5440,,2023-07-07,2023-07-09,Indonesia,"1,053",FloodList,Heavy rain,5,50,1.5,3.7
5443,,2023-07-07,2023-07-10,Brazil,"7,360",FloodList,Heavy rain,1,"3,578",1.0,4.5
5438,,2023-07-06,2023-07-06,Spain,"1,124",FloodList,Heavy rain,0,0,1.0,3.1
5437,,2023-06-27,2023-06-28,South Africa,"2,090",FloodList,Heavy rain,7,151,1.0,3.6
5435,,2023-06-24,2023-06-24,Serbia,"1,222",FloodList,Torrential rain,2,0,1.0,3.1
5436,,2023-06-23,2023-06-23,Chile,"99,467",FloodList,Heavy rain,2,"5,000",1.5,5.2
5434,,2023-06-21,2023-06-24,Ghana,"22,668",FloodList,Heavy rain,8,0,1.0,5.0
5431,,2023-06-17,2023-06-19,Nepal,"14,824",FloodList,Heavy rain,5,80,1.5,4.8
5430,,2023-06-16,2023-06-18,Brazil,"19,925",FloodList,Torrential rain,11,"4,000",1.5,5.0
5433,,2023-06-16,2023-06-20,India,"184,454",News,Tropical cyclone,12,"150,000",2.0,6.3
5432,,2023-06-14,2023-06-22,India,"119,900",FloodList,Heavy rain,0,"2,211",1.5,6.2
5428,,2023-06-10,2023-06-11,Pakistan,"14,688",FloodList,Heavy rain,20,0,1.0,4.5
5429,,2023-06-08,2023-06-10,Cuba,"34,826",FloodList,Heavy rain,1,"7,259",1.5,5.2
5426,,2023-06-04,2023-06-05,Türkiye,"27,391",FloodList,Heavy rain,2,0,1.0,4.7
5423,,2023-06-03,2023-06-05,Haiti,"1,197",FloodList,Heavy rain,42,"13,390",1.5,3.7
5424,,2023-06-03,2023-06-03,Algeria,"36,905",FloodList,Heavy rain,6,0,1.0,4.6
5425,,2023-06-03,2023-06-04,Ecuador,"16,077",FloodList,Heavy rain,0,0,1.0,4.5
5421,,2023-06-02,2023-06-04,Japan,"14,311",FloodList,Heavy rain,4,0,1.0,4.6
5422,,2023-06-01,2023-06-02,China,"3,350",FloodList,Heavy rain,2,0,1.0,3.8
5427,,2023-05-28,2023-05-28,Iran (Islamic Republic of),"3,727",FloodList,Heavy rain,4,0,1.0,3.6
5420,,2023-05-23,2023-05-23,Algeria,"23,884",FloodList,Heavy rain,2,0,1.0,4.4
5419,,2023-05-17,2023-05-18,Bosnia and Herzegovina,"4,114",FloodList,Heavy rain,0,10,1.0,3.9
5418,,2023-05-16,2023-05-25,Italy,"8,610",FloodList,Heavy rain,15,"36,000",1.5,5.1
5417,,2023-05-12,2023-05-17,Croatia,"17,668",FloodList,Heavy rain,0,0,1.0,5.0
5414,,2023-05-09,2023-05-10,United Kingdom of Great Britain and Northern Ireland,"8,539",FloodList,Heavy rain,0,72,1.0,4.2
5415,,2023-05-09,2023-05-10,Sierra Leone,460,FloodList,Heavy rain,7,0,1.0,3.0
5413,,2023-05-04,2023-05-05,Democratic Republic of the Congo,130,FloodList,Heavy rain,394,"12,000",2.0,2.7
5412,,2023-05-03,2023-05-03,Italy,830,FloodList,Dam/Levy break or release,2,250,1.5,3.1
5411,,2023-05-02,2023-05-03,Rwanda,"6,122",FloodList,Heavy rain,127,"1,480",1.5,4.3
5416,,2023-05-01,2023-05-05,Ethiopia,"111,179",FloodList,Heavy rain,38,"9,110",1.5,5.9
5410,,2023-04-29,2023-04-30,Pakistan,"38,422",FloodList,Heavy rain,2,0,1.0,4.9
5408,,2023-04-21,2023-04-22,Brazil,"52,960",FloodList,Heavy rain,0,"9,261",1.0,5.0
5409,,2023-04-21,2023-04-30,Kenya,861,FloodList,Heavy rain,0,"11,300",1.5,4.1
5406,,2023-04-15,2023-04-16,Ukraine,"298,423",FloodList,Heavy rain,0,200,1.0,5.8
5404,,2023-04-12,2023-04-13,Iran (Islamic Republic of) • Iraq,"184,315",FloodList,Heavy rain,3,400,1.0,5.6
5403,,2023-04-09,2023-04-09,Philippines,"2,220",FloodList,Heavy rain,5,350,1.0,3.3
5399,,2023-04-03,2023-04-03,Italy,"1,001",FloodList,Heavy rain,1,0,1.0,3.0
5405,,2023-04-03,2023-04-12,United Republic of Tanzania,"1,766",FloodList,Heavy rain,7,"1,400",1.0,4.2
5400,,2023-04-02,2023-04-02,Kenya,"2,221",FloodList,Heavy rain,4,0,1.0,3.3
5407,,2023-04-01,2023-04-21,Angola,"404,521",FloodList,Heavy rain,20,755,1.5,7.1
5402,,2023-03-31,2023-04-04,Burundi,210,FloodList,Heavy rain,14,192,1.0,3.0
5398,,2023-03-29,2023-03-31,Indonesia,"7,198",FloodList,Heavy rain,0,0,1.0,4.3
5391,,2023-03-25,2023-03-25,Brazil,420,FloodList,Heavy rain,0,688,1.0,2.6
5392,,2023-03-24,2023-03-25,Somalia,"2,003",FloodList,Heavy rain,20,0,1.0,3.6
5397,,2023-03-24,2023-04-02,Pakistan,"16,207",FloodList,Heavy rain,11,0,1.0,5.2
5394,,2023-03-23,2023-03-23,South Africa,"20,651",FloodList,Heavy rain,3,0,1.0,4.3
5395,,2023-03-23,2023-03-27,Kenya,"18,138",FloodList,Heavy rain,12,"3,500",1.0,5.0
5396,,2023-03-23,2023-03-28,Brazil,"169,703",FloodList,Heavy rain,0,"10,415",1.5,6.2
5393,,2023-03-20,2023-03-27,Bolivia (Plurinational State of),530,FloodList,Dam/Levy break or release,2,600,1.0,3.6
5388,,2023-03-18,2023-03-18,Cameroon,718,FloodList,Heavy rain,1,0,1.0,2.9
5390,,2023-03-18,2023-03-18,Ecuador,"36,146",FloodList,Heavy rain,0,84,1.0,4.6
5389,,2023-03-16,2023-03-21,Brazil,"1,760,016",FloodList,Heavy rain,9,"1,200",1.5,7.2
5386,,2023-03-15,2023-03-15,Türkiye,"13,381",FloodList,Heavy rain,14,0,1.0,4.1
5401,,2023-03-15,2023-04-03,Ethiopia,"136,381",FloodList,Heavy rain,29,"12,500",2.0,6.7
5385,,2023-03-12,2023-03-16,Malawi,"47,329",FloodList,Tropical cyclone,326,"180,000",2.0,5.7
5387,,2023-03-10,2023-03-13,Indonesia,"13,000",FloodList,Heavy rain,4,0,1.5,4.9
5384,,2023-03-08,2023-03-12,Australia,"9,557",FloodList,Heavy rain,0,25,1.0,4.7
5380,,2023-03-07,2023-03-07,Ghana,"4,067",FloodList,Heavy rain,3,0,1.0,3.6
5381,,2023-03-06,2023-03-07,Ecuador,337,FloodList,Heavy rain,3,0,1.0,2.8
5379,,2023-03-05,2023-03-05,Brazil,466,FloodList,Heavy rain,0,700,1.0,2.7
5382,,2023-03-05,2023-03-07,Brazil,"3,729",FloodList,Heavy rain,1,0,1.0,4.0
5383,,2023-03-04,2023-03-11,Peru,"66,607",FloodList,Heavy rain,8,"1,961",1.5,5.9
5378,,2023-02-28,2023-03-02,Malaysia,"42,707",FloodList,Heavy rain,0,"30,000",2.0,5.4
5377,,2023-02-27,2023-03-01,Australia,"2,197",FloodList,Heavy rain,0,700,1.0,3.8
5376,,2023-02-24,2023-03-13,Mozambique,"179,000",FloodList,Tropical cyclone,17,"22,000",2.0,6.8
5374,,2023-02-21,2023-03-05,Madagascar,"21,820",FloodList,Tropical cyclone,10,"32,300",2.0,5.8
5370,,2023-02-18,2023-02-20,Brazil,"47,667",FloodList,Heavy rain,40,"2,496",1.5,5.3
5371,,2023-02-18,2023-02-18,South Africa,"27,424",FloodList,Heavy rain,2,0,1.0,4.4
5373,,2023-02-18,2023-02-21,Ecuador,"6,500",FloodList,Heavy rain,6,0,1.0,4.4
5368,,2023-02-16,2023-02-17,United States of America,"62,552",FloodList,Heavy rain,2,0,1.0,5.1
5375,,2023-02-16,2023-02-26,Paraguay,"131,000",FloodList,Heavy rain,0,0,1.0,6.2
5369,,2023-02-15,2023-02-16,Bolivia (Plurinational State of),"81,513",FloodList,Heavy rain,6,"2,328",1.0,5.2
5367,,2023-02-13,2023-02-14,Brazil,366,FloodList,Heavy rain,0,300,1.0,2.9
5372,,2023-02-13,2023-02-21,Philippines,"199,417",FloodList,Heavy rain,2,"30,000",1.5,6.4
5365,,2023-02-12,2023-02-13,Malawi,593,FloodList,Heavy rain,4,0,1.0,3.1
5366,,2023-02-11,2023-02-18,New Zealand,"69,700",FloodList,Tropical cyclone,15,"10,000",2.0,6.0
5363,,2023-02-08,2023-02-12,Mozambique,"1,816",FloodList,Heavy rain,6,"13,700",1.5,4.1
5364,,2023-02-08,2023-02-13,Syrian Arab Republic,158,FloodList,Dam/Levy break or release,0,"7,000",1.5,3.2
5360,,2023-02-05,2023-02-06,Peru,"2,003",FloodList,Heavy rain,3,40,1.0,3.6
5361,,2023-02-05,2023-02-07,Bolivia (Plurinational State of),"493,000",FloodList,Heavy rain,1,80,1.0,6.2
5359,,2023-02-03,2023-02-04,Fiji,235,FloodList,Heavy rain,0,350,1.0,2.7
5362,,2023-02-02,2023-02-12,South Africa,"327,000",FloodList,Heavy rain,5,"1,000",1.5,6.7
5358,,2023-02-01,2023-02-02,Indonesia,"5,380",FloodList,Heavy rain,2,30,1.0,4.0
5357,,2023-01-27,2023-01-27,New Zealand,705,FloodList,Heavy rain,4,540,1.0,2.8
5356,,2023-01-26,2023-01-27,Indonesia,163,FloodList,Heavy rain,5,"1,021",1.0,2.5
5355,,2023-01-24,2023-01-25,Malaysia,"141,000",FloodList,Heavy rain,0,"4,996",1.5,5.6
5354,,2023-01-21,2023-01-24,Indonesia,"54,678",FloodList,Heavy rain,3,"3,000",1.5,5.5
5352,,2023-01-19,2023-01-20,Madagascar,"11,491",FloodList,Heavy rain,30,214,1.5,4.5
5351,,2023-01-18,2023-01-19,Serbia,"8,220",FloodList,Heavy rain,0,84,1.0,4.2
5353,,2023-01-18,2023-01-19,Brazil,"1,590",FloodList,Heavy rain,3,190,1.0,3.5
5350,,2023-01-14,2023-01-14,Colombia,155,FloodList,Heavy rain,2,0,1.0,2.2
5347,,2023-01-04,2023-01-04,Democratic Republic of the Congo,"2,748",FloodList,Heavy rain,9,0,1.0,3.4
5348,,2023-01-03,2023-01-06,Indonesia,"5,150",FloodList,Heavy rain,2,0,1.0,4.3
5349,,2023-01-01,2023-01-19,Philippines,"469,000",FloodList,Heavy rain,38,"119,121",2.0,7.3
5345,,2022-12-31,2022-12-31,United States of America,"29,000",FloodList,Heavy rain,2,300,1.0,4.5
5342,,2022-12-27,2022-12-27,Philippines,"172,000",FloodList,Heavy rain,17,"45,000",2.0,5.5
5346,,2022-12-25,2023-01-02,Indonesia,"1,750",FloodList,Heavy rain,1,"2,694",1.0,4.2
5341,,2022-12-20,2022-12-20,Brazil,"9,032",FloodList,Heavy rain,2,190,1.0,4.0
5343,,2022-12-20,2022-12-26,Uganda,"1,179",FloodList,Heavy rain,10,864,1.0,3.9
5340,,2022-12-16,2022-12-19,Thailand • Malaysia,"61,733",FloodList,Heavy rain,28,"28,686",2.0,5.7
5339,,2022-12-15,2022-12-15,Namibia,317,FloodList,Heavy rain,2,0,1.0,2.5
5338,,2022-12-12,2022-12-13,Democratic Republic of the Congo,"1,013",FloodList,Heavy rain,120,0,1.5,3.5
5336,,2022-12-11,2022-12-13,Türkiye,194,FloodList,Heavy rain,0,0,1.0,2.8
5337,,2022-12-10,2022-12-10,Bosnia and Herzegovina • Croatia,"5,093",FloodList,Heavy rain,1,0,1.0,3.7
5335,,2022-12-07,2022-12-07,Brazil,"583,000",FloodList,Heavy rain,1,0,1.5,5.9
5334,,2022-12-04,2022-12-04,Portugal,"7,152",FloodList,Heavy rain,1,0,1.0,3.9
5332,,2022-12-03,2022-12-03,South Africa,"11,559",FloodList,Heavy rain,9,0,1.0,4.1
5333,,2022-12-02,2022-12-02,Viet Nam,"29,000",FloodList,Heavy rain,3,0,1.0,4.5
5331,,2022-11-28,2022-12-04,Brazil,"571,000",FloodList,Heavy rain,4,"20,000",2.0,6.9
5330,,2022-11-25,2022-11-28,Angola,"3,584",FloodList,Heavy rain,2,980,1.0,4.2
5329,,2022-11-24,2022-11-24,Saudi Arabia,"1,148",FloodList,Torrential rain,2,0,1.0,3.1
5344,,2022-11-18,2022-12-23,Malawi,"61,400",FloodList,Heavy rain,40,0,1.0,6.3
5328,,2022-11-17,2022-11-23,Rwanda • Democratic Republic of the Congo,"60,135",FloodList,Heavy rain,40,0,1.5,5.8
5326,,2022-11-10,2022-11-10,United States of America,"9,539",FloodList,Tropical cyclone,4,"2,120",1.0,4.0
5327,,2022-11-08,2022-11-11,Venezuela (Bolivarian Republic of),"22,223",FloodList,Heavy rain,4,"1,260",1.0,4.9
5325,,2022-11-04,2022-11-04,Dominican Republic,944,FloodList,Torrential rain,6,0,1.0,3.0
5320,,2022-10-25,2022-10-31,Venezuela (Bolivarian Republic of),"1,198",FloodList,Heavy rain,3,42,1.0,3.9
5322,,2022-10-23,2022-10-30,Colombia,"63,612",FloodList,Heavy rain,0,140,1.5,5.9
5323,,2022-10-23,2022-11-01,Indonesia,"90,633",FloodList,Heavy rain,11,684,1.5,6.1
5315,,2022-10-17,2022-10-17,Venezuela (Bolivarian Republic of),"5,989",FloodList,Heavy rain,3,0,1.0,3.8
5317,,2022-10-16,2022-10-17,Philippines,"351,509",FloodList,Heavy rain,5,"3,500",1.5,6.0
5312,,2022-10-15,2022-10-15,Greece,"1,800",FloodList,Heavy rain,2,30,1.0,3.3
5313,,2022-10-15,2022-10-15,Viet Nam,"19,690",FloodList,Heavy rain,0,"14,000",1.0,4.3
5311,,2022-10-14,2022-10-15,Mexico,"96,468",FloodList,Heavy rain,1,120,1.0,5.3
5318,,2022-10-14,2022-10-17,Indonesia,"29,716",FloodList,Heavy rain,4,0,1.0,5.1
5314,,2022-10-12,2022-10-16,Sri Lanka,717,FloodList,Heavy rain,3,"5,000",1.0,3.6
5308,,2022-10-10,2022-10-11,Viet Nam,"8,679",FloodList,Heavy rain,1,"1,000",1.0,4.2
5307,,2022-10-09,2022-10-11,Colombia • Nicaragua • Honduras • Guatemala • Costa Rica • El Salvador • Panama,"750,460",FloodList,Tropical cyclone,25,"29,000",1.5,6.5
5306,,2022-10-08,2022-10-08,Venezuela (Bolivarian Republic of),114,FloodList,Heavy rain,50,"1,200",1.5,2.2
5316,,2022-10-08,2022-10-17,Indonesia,"1,440",FloodList,Heavy rain,5,38,1.0,4.2
5304,,2022-10-06,2022-10-06,Indonesia,"4,494",FloodList,Heavy rain,3,"18,000",1.0,3.7
5303,,2022-10-05,2022-10-05,India,"3,839",FloodList,Heavy rain,8,0,1.0,3.6
5301,,2022-10-04,2022-10-04,Ghana,55,FloodList,Dam/Levy break or release,0,"1,500",1.0,1.7
5302,,2022-10-02,2022-10-05,Thailand,"289,000",FloodList,Heavy rain,0,"13,135",1.5,6.2
5319,,2022-10-01,2022-10-30,Philippines,"244,759",FloodList,Heavy rain,36,"40,000",2.0,7.2
5309,,2022-09-30,2022-10-11,Nigeria,"42,700",FloodList,Heavy rain,200,"690,254",2.0,6.0
5298,,2022-09-28,2022-09-28,United States of America,"4,248",FloodList,Tropical cyclone,27,"10,054",1.0,3.6
5300,,2022-09-28,2022-10-04,Nigeria,"27,000",FloodList,Heavy rain,300,"100,000",2.0,5.6
5299,,2022-09-26,2022-09-30,Viet Nam • Thailand,"143,000",FloodList,Tropical cyclone,4,"327,937",2.0,6.2
5295,,2022-09-25,2022-09-25,Spain,442,FloodList,Heavy rain,1,0,1.0,2.6
5296,,2022-09-25,2022-09-25,Philippines,"7,151",FloodList,Tropical cyclone,5,"9,103",1.5,4.0
5294,,2022-09-23,2022-09-24,Venezuela (Bolivarian Republic of),"11,000",FloodList,Heavy rain,7,0,1.0,4.3
5297,,2022-09-23,2022-09-23,Mali,"79,700",FloodList,Heavy rain,0,"2,200",1.0,4.9
5293,,2022-09-22,2022-09-24,Australia,"14,000",FloodList,Heavy rain,1,0,1.0,4.6
5287,,2022-09-18,2022-09-18,Japan,"48,000",FloodList,Tropical cyclone,1,"3,000",1.5,4.9
5288,,2022-09-17,2022-09-18,United States of America,"31,000",FloodList,Tidal surge,0,420,1.0,4.8
5291,,2022-09-17,2022-09-17,Guinea,150,FloodList,Heavy rain,3,0,1.0,2.2
5292,,2022-09-17,2022-09-21,Niger,"187,000",FloodList,Heavy rain,121,0,2.0,6.3
5289,,2022-09-16,2022-09-17,Spain,820,FloodList,Heavy rain,1,36,1.0,3.2
5290,,2022-09-16,2022-09-20,Puerto Rico • Guadeloupe • Dominican Republic,"38,000",FloodList,Tropical cyclone,3,"2,146",1.5,5.5
5286,,2022-09-15,2022-09-16,Italy,"1,700",FloodList,Torrential rain,7,0,1.0,3.5
5285,,2022-09-11,2022-09-11,South Africa,260,FloodList,Dam/Levy break or release,3,0,1.0,2.4
5284,,2022-09-09,2022-09-12,Nepal • India,"2,050",FloodList,Heavy rain,5,0,1.0,3.9
5282,,2022-09-04,2022-09-06,Republic of Korea,500,FloodList,Tropical cyclone,2,"3,000",1.0,3.2
5281,,2022-09-03,2022-09-04,Mexico,"45,600",FloodList,Heavy rain,4,0,1.0,5.0
5283,,2022-09-03,2022-09-03,Colombia,"10,600",FloodList,Heavy rain,3,0,1.0,4.0
5278,,2022-09-02,2022-09-04,Uganda,"7,246",FloodList,Heavy rain,2,0,1.0,4.3
5279,,2022-09-02,2022-09-03,Senegal,720,FloodList,Heavy rain,3,0,1.0,3.2
5280,,2022-09-02,2022-09-05,Bulgaria,"10,000",FloodList,Heavy rain,0,500,1.0,4.6
5310,,2022-09-01,2022-10-13,Cambodia,"135,097",FloodList,Heavy rain,15,"5,000",2.0,7.1
5275,,2022-08-29,2022-08-29,Sierra Leone,500,FloodList,Torrential rain,6,0,1.0,2.7
5277,,2022-08-28,2022-08-31,India,"224,000",FloodList,Heavy rain,4,0,1.5,6.1
5274,,2022-08-23,2022-08-26,Philippines,"19,100",FloodList,Heavy rain,3,"4,330",1.5,5.1
5305,,2022-08-22,2022-10-07,Chad,"1,227,395",FloodList,Heavy rain,0,"970,000",2.0,8.1
5271,,2022-08-21,2022-08-22,United States of America,"11,240",FloodList,Heavy rain,1,260,1.0,4.4
5272,,2022-08-21,2022-08-25,Indonesia,585,FloodList,Torrential rain,3,"2,000",1.0,3.5
5269,,2022-08-19,2022-08-21,India,"6,300",FloodList,Monsoonal rain,22,135,1.0,4.3
5273,,2022-08-18,2022-08-22,Nigeria,"4,550",FloodList,Heavy rain,10,"3,000",1.0,4.4
5265,,2022-08-17,2022-08-18,China,"62,000",FloodList,Heavy rain,16,0,1.5,5.3
5268,,2022-08-15,2022-08-27,Pakistan,"335,000",FloodList,Monsoonal rain,"1,000","20,000",2.0,6.9
5276,,2022-08-15,2022-08-25,Haiti,160,FloodList,Heavy rain,3,0,1.0,3.2
5321,,2022-08-15,2022-11-01,Cameroon,"61,738",FloodList,Heavy rain,0,"80,000",2.0,7.0
5263,,2022-08-13,2022-08-13,Afghanistan,"34,400",FloodList,Heavy rain,31,0,1.0,4.5
5266,,2022-08-13,2022-08-18,India,"155,000",FloodList,Heavy rain,0,"60,000",1.5,6.1
5270,,2022-08-13,2022-08-17,Yemen,"6,300",FloodList,Heavy rain,91,"12,000",1.5,4.7
5262,,2022-08-12,2022-08-12,Mexico,442,FloodList,Heavy rain,3,0,1.0,2.6
5261,,2022-08-11,2022-08-11,United States of America,"2,855",FloodList,Heavy rain,2,1,1.0,3.5
5267,,2022-08-11,2022-08-13,Cameroon,"21,000",FloodList,Heavy rain,5,100,1.0,4.8
5264,,2022-08-10,2022-08-12,Viet Nam • Thailand • Myanmar • Lao People's Democratic Republic,"240,000",FloodList,Heavy rain,5,0,1.5,6.0
5259,,2022-08-09,2022-08-10,Venezuela (Bolivarian Republic of),"132,000",FloodList,Heavy rain,0,212,1.0,5.4
5258,,2022-08-07,2022-08-09,Republic of Korea,"42,000",FloodList,Torrential rain,9,936,1.5,5.3
5324,,2022-08-07,2022-10-01,Ethiopia,"27,278",FloodList,Heavy rain,0,"185,000",2.0,6.5
5257,,2022-08-03,2022-08-04,Japan,"86,000",FloodList,Heavy rain,0,"300,000",1.5,5.4
5255,,2022-08-02,2022-08-03,Sri Lanka,"1,031",FloodList,Heavy rain,3,"2,374",1.0,3.3
5256,,2022-08-01,2022-08-14,Nigeria,"19,570",FloodList,Heavy rain,50,0,1.5,5.6
5260,,2022-08-01,2022-08-29,Sudan,"92,000",FloodList,Torrential rain,89,0,1.5,6.6
5254,,2022-07-30,2022-07-31,Uganda,"1,559",FloodList,Heavy rain,10,0,1.0,3.5
5253,,2022-07-27,2022-07-29,United States of America,"68,000",FloodList,Heavy rain,15,0,1.0,5.3
5250,,2022-07-22,2022-07-29,Iran (Islamic Republic of),536,FloodList,Heavy rain,22,"2,600",1.5,3.8
5251,,2022-07-22,2022-07-25,Yemen,233,FloodList,Heavy rain,14,0,1.0,3.0
5252,,2022-07-21,2022-07-23,Central African Republic,"3,158",Humanitarian Coalition,Heavy rain,10,"20,034",1.5,4.2
5249,,2022-07-17,2022-07-17,Nigeria,"58,000",FloodList,Heavy rain,4,400,1.0,4.8
5248,,2022-07-14,2022-07-17,Niger,"138,000",FloodList,Heavy rain,8,0,1.5,5.9
5245,,2022-07-12,2022-07-13,United States of America,65,FloodList,Heavy rain,0,400,1.0,2.1
5246,,2022-07-12,2022-07-16,China,"120,000",FloodList,Heavy rain,15,"70,000",2.0,6.1
5242,,2022-07-11,2022-07-11,India,"80,000",FloodList,Heavy rain,7,"1,500",1.5,5.1
5247,,2022-07-10,2022-07-18,Sudan,"532,000",FloodList,Heavy rain,13,"16,000",2.0,7.0
5241,,2022-07-08,2022-07-09,India,215,FloodList,Torrential rain,16,0,1.0,2.6
5244,,2022-07-07,2022-07-11,Afghanistan,"37,000",FloodList,Heavy rain,39,0,1.0,5.3
5240,,2022-07-05,2022-07-07,Afghanistan,"44,000",FloodList,Heavy rain,10,0,1.0,5.1
5243,,2022-07-05,2022-07-10,Indonesia,"6,891",FloodList,Heavy rain,7,6,1.0,4.6
5238,,2022-07-04,2022-07-05,Malaysia,440,FloodList,Heavy rain,3,"1,424",1.0,2.9
5239,,2022-07-04,2022-07-05,Pakistan,"9,200",FloodList,Monsoonal rain,6,0,1.0,4.3
5237,,2022-07-02,2022-07-03,Brazil,"132,000",FloodList,Torrential rain,0,"43,000",1.0,5.4
5235,,2022-06-24,2022-06-27,Türkiye,"46,000",FloodList,Heavy rain,0,235,1.0,5.3
5236,,2022-06-21,2022-06-22,Afghanistan,"17,000",FloodList,Heavy rain,19,0,1.5,4.7
5234,,2022-06-20,2022-06-21,Côte d’Ivoire,600,FloodList,Heavy rain,6,0,1.0,3.1
5233,,2022-06-14,2022-06-21,India,"124,500",FloodList,Heavy rain,45,"200,000",2.0,6.3
5230,,2022-06-13,2022-06-13,United States of America,"19,000",FloodList,Heavy rain,0,10,1.0,4.3
5231,,2022-06-10,2022-06-17,Nepal,150,FloodList,Heavy rain,7,0,1.0,3.1
5232,,2022-06-10,2022-06-21,Bangladesh,"6,200",FloodList,Heavy rain,0,"90,000",1.5,5.0
5228,,2022-06-02,2022-06-03,Cuba,300,FloodList,Heavy rain,3,"4,480",1.0,2.8
5225,,2022-05-30,2022-05-31,Mexico,"15,000",FloodList,Tropical cyclone,11,0,1.0,4.5
5229,,2022-05-30,2022-06-09,China,"663,000",FloodList,Heavy rain,11,"286,000",2.0,7.2
5227,,2022-05-29,2022-06-02,Sri Lanka,"1,165",FloodList,Heavy rain,1,600,1.0,3.8
5226,,2022-05-25,2022-05-30,Guyana • Suriname • French Guiana,"70,000",FloodList,Heavy rain,0,110,1.5,5.8
5224,,2022-05-23,2022-05-29,Brazil,"8,600",FloodList,Heavy rain,80,"4,000",1.5,5.0
5222,,2022-05-20,2022-05-24,Colombia,"63,000",FloodList,Heavy rain,0,280,1.0,5.5
5221,,2022-05-13,2022-05-18,India,"43,000",FloodList,Heavy rain,3,"40,000",2.0,5.7
5220,,2022-05-09,2022-05-10,Canada,"3,500",FloodList,Rain and snowmelt,0,"1,000",1.0,3.8
5223,,2022-05-09,2022-05-24,Bangladesh,"12,000",FloodList,Heavy rain,0,"7,439",1.5,5.5
5217,,2022-05-07,2022-05-07,United States of America,64,FloodList,Ice jam/break-up,0,75,1.0,1.8
5219,,2022-05-07,2022-05-11,Canada,80,FloodList,Ice jam/break-up,0,250,1.0,2.6
5215,,2022-05-02,2022-05-03,Afghanistan,"207,000",FloodList,Heavy rain,22,0,1.0,5.6
5216,,2022-05-02,2022-05-05,Brazil,"67,000",FloodList,Heavy rain,3,"7,500",1.5,5.6
5211,,2022-04-30,2022-05-01,Guadeloupe,45,FloodList,Heavy rain,2,0,1.0,2.0
5212,,2022-04-29,2022-05-03,United Republic of Tanzania,"28,400",FloodList,Heavy rain,5,"3,150",1.5,5.3
5213,,2022-04-28,2022-05-02,Canada,"2,030",FloodList,Ice jam/break-up,0,"1,000",1.0,4.0
5214,,2022-04-27,2022-04-30,Uganda,"40,000",FloodList,Heavy rain,0,"3,200",1.0,5.2
5209,,2022-04-26,2022-04-26,Brazil,"2,200",FloodList,Heavy rain,0,880,1.0,3.3
5218,,2022-04-26,2022-05-04,Democratic Republic of the Congo,120,FloodList,Heavy rain,8,"7,500",1.0,3.0
5208,,2022-04-20,2022-04-20,Uzbekistan,200,FloodList,Torrential rain,4,100,1.0,2.3
5210,,2022-04-20,2022-04-28,Venezuela (Bolivarian Republic of),"134,000",FloodList,Heavy rain,2,0,1.0,6.1
5206,,2022-04-10,2022-04-13,South Africa,"93,000",FloodList,Heavy rain,306,"40,000",2.0,5.9
5207,,2022-04-10,2022-04-14,Philippines,"3,000",FloodList,Heavy rain,75,"5,000",1.5,4.4
5205,,2022-04-03,2022-04-06,Philippines,"10,000",FloodList,Heavy rain,1,"1,000",1.0,4.6
5204,,2022-03-20,2022-03-21,Brazil,584,FloodList,Torrential rain,5,149,1.0,3.1
5202,,2022-03-16,2022-03-17,Democratic Republic of the Congo,200,FloodList,Heavy rain,3,0,1.0,2.6
5203,,2022-03-14,2022-03-17,Indonesia,"12,000",FloodList,Heavy rain,0,"10,000",1.0,4.7
5201,,2022-03-12,2022-03-14,Malawi,"34,000",FloodList,Tropical cyclone,15,"100,000",2.0,5.3
5200,,2022-03-11,2022-03-18,Mozambique,"26,000",FloodList,Tropical cyclone,53,"21,000",2.0,5.6
5197,,2022-03-05,2022-03-06,Haiti • Dominican Republic,550,FloodList,Heavy rain,2,280,1.0,3.0
5199,,2022-03-05,2022-03-07,Malaysia,"5,000",FloodList,Heavy rain,4,"1,300",1.0,4.2
5198,,2022-03-01,2022-03-07,Indonesia,"5,400",FloodList,Heavy rain,9,0,1.0,4.6
5195,,2022-02-25,2022-02-28,Malaysia,"4,700",FloodList,Heavy rain,0,"20,000",1.5,4.5
5196,,2022-02-22,2022-02-28,Australia,"37,000",FloodList,Heavy rain,8,"17,000",2.0,5.7
5194,,2022-02-20,2022-02-22,Bolivia (Plurinational State of),615,FloodList,Torrential rain,1,"2,500",1.0,3.3
5191,,2022-02-15,2022-02-17,Brazil,"1,830",FloodList,Heavy rain,94,300,1.5,3.9
5192,,2022-02-15,2022-02-17,Madagascar,"29,000",FloodList,Heavy rain,6,"2,982",1.0,4.9
5193,,2022-02-15,2022-02-16,Brazil,"44,000",FloodList,Heavy rain,2,77,1.0,4.9
5190,,2022-02-14,2022-02-14,Honduras,"4,100",FloodList,Heavy rain,0,"1,640",1.0,3.6
5181,,2022-02-13,2022-02-23,Zambia,"4,800",FloodList,Heavy rain,1,450,1.0,4.7
5189,,2022-02-07,2022-02-11,Brazil,"4,200",FloodList,Heavy rain,0,"2,000",1.0,4.3
5188,,2022-02-05,2022-02-10,Madagascar,"61,000",FloodList,Tropical cyclone,121,"69,000",2.0,5.9
5185,,2022-01-31,2022-01-31,Ecuador,266,FloodList,Heavy rain,11,0,1.0,2.4
5186,,2022-01-30,2022-01-31,Haiti • Dominican Republic,"8,500",FloodList,Heavy rain,1,"12,000",1.5,4.4
5187,,2022-01-21,2022-02-01,Democratic Republic of the Congo,"4,800",FloodList,Torrential rain,0,"13,000",1.0,4.8
5183,,2022-01-20,2022-01-20,Pakistan,2,FloodList,Heavy rain,8,0,1.0,0.2
5184,,2022-01-20,2022-01-28,Brazil,"30,500",FloodList,Heavy rain,19,"2,000",1.5,5.6
5182,,2022-01-18,2022-01-19,Iran (Islamic Republic of),"17,000",FloodList,Heavy rain,0,"1,050",1.0,4.5
5179,,2022-01-17,2022-01-18,Madagascar,"1,870",FloodList,Heavy rain,10,500,1.0,3.6
5180,,2022-01-17,2022-01-18,South Africa,"6,400",FloodList,Heavy rain,1,100,1.0,4.1
5177,,2022-01-09,2022-01-11,Fiji,"10,000",FloodList,Heavy rain,1,"4,000",1.0,4.5
5178,,2022-01-09,2022-01-12,Brazil,"41,000",FloodList,Heavy rain,15,"11,200",1.5,5.4
5175,,2022-01-08,2022-01-09,South Africa,"10,700",FloodList,Heavy rain,7,0,1.0,4.3
5176,,2022-01-07,2022-01-10,Australia,"30,000",FloodList,Heavy rain,1,320,1.0,5.1
5174,,2022-01-06,2022-01-07,Indonesia,"1,300",FloodList,Heavy rain,6,500,1.0,3.4
5171,,2022-01-01,2022-01-03,Indonesia,"5,100",FloodList,Heavy rain,50,"14,500",1.5,4.4
5172,,2022-01-01,2022-01-04,Oman • Iran (Islamic Republic of),"213,000",FloodList,Heavy rain,12,"2,100",1.0,5.9
5173,,2021-12-30,2022-01-03,Indonesia,"55,000",FloodList,Heavy rain,1,"20,000",1.0,5.4
5170,,2021-12-23,2021-12-29,Brazil,"650,000",FloodList,Heavy rain,14,"70,000",1.5,6.8
5167,,2021-12-16,2021-12-17,Iraq,300,FloodList,Heavy rain,8,0,1.0,2.8
5168,TC-2021-000202-PHL,2021-12-16,2021-12-19,Philippines,"282,000",FloodList,Tropical cyclone,389,"570,906",2.0,6.4
5169,,2021-12-16,2021-12-23,Malaysia,"51,000",FloodList,Heavy rain,37,"67,629",2.0,5.9
5163,,2021-12-09,2021-12-13,Brazil,"567,439",FloodList,Heavy rain,10,"21,570",1.5,6.6
5164,,2021-12-09,2021-12-13,Spain,"17,640",FloodList,Heavy rain,2,50,1.0,4.9
5162,,2021-12-05,2021-12-05,Indonesia,"2,625",FloodList,Heavy rain,5,"6,500",1.0,3.4
5165,,2021-12-04,2021-12-06,Papua New Guinea,"96,000",FloodList,High tides,0,"7,200",1.5,5.6
5160,,2021-12-01,2021-12-01,Australia,"1,240",FloodList,Heavy rain,2,"1,000",1.0,3.1
5166,FF-2021-000198-COG,2021-11-29,2021-12-16,Congo,"227,000",FloodList,Heavy rain,15,"6,552",1.5,6.8
5161,,2021-11-27,2021-12-01,Thailand,"11,500",FloodList,Heavy rain,0,"10,000",1.5,4.9
5159,,2021-11-26,2021-12-01,Viet Nam,"24,700",FloodList,Heavy rain,18,"24,000",2.0,5.5
5158,,2021-11-24,2021-11-24,Spain,"75,000",FloodList,Heavy rain,0,700,1.0,4.9
5154,,2021-11-21,2021-11-21,Panama,1,FloodList,Heavy rain,2,0,1.0,0.0
5155,,2021-11-19,2021-11-22,Colombia,180,FloodList,Heavy rain,0,400,1.0,2.9
5156,,2021-11-18,2021-11-21,India,"38,555",FloodList,Dam/Levy break or release,24,"31,827",2.0,5.5
5157,,2021-11-18,2021-11-22,Indonesia,"5,100",FloodList,Heavy rain,1,"1,200",1.0,4.4
5153,,2021-11-16,2021-11-18,India,"262,393",FloodList,Dam/Levy break or release,23,"12,000",2.0,6.2
5149,,2021-11-15,2021-11-15,Italy,"2,440",FloodList,Heavy rain,1,0,1.0,3.4
5150,,2021-11-14,2021-11-17,Canada • United States of America,"4,500",FloodList,Heavy rain,0,"7,000",1.0,4.3
5148,,2021-11-12,2021-11-12,Egypt,640,FloodList,Torrential rain,0,0,1.0,2.8
5151,,2021-11-12,2021-11-12,Bolivia (Plurinational State of),720,FloodList,Heavy rain,7,0,1.0,2.9
5152,,2021-11-11,2021-11-14,Colombia,"45,000",FloodList,Heavy rain,3,"1,000",1.5,5.4
5146,,2021-11-07,2021-11-12,Sri Lanka,160,FloodList,Heavy rain,20,"5,000",1.5,3.2
5147,,2021-11-07,2021-11-11,India,"130,370",FloodList,Heavy rain,14,"11,000",1.5,6.0
5145,,2021-11-06,2021-11-09,India,"1,000",FloodList,Heavy rain,4,0,1.0,3.6
5144,,2021-11-04,2021-11-04,Indonesia,56,FloodList,Torrential rain,6,0,1.0,1.7
5142,,2021-10-31,2021-11-01,Peru,107,FloodList,Heavy rain,1,30,1.0,2.3
5140,,2021-10-30,2021-10-30,Iraq,"2,780",FloodList,Heavy rain,0,"3,000",1.0,3.4
5143,,2021-10-25,2021-10-31,Sri Lanka,"8,970",FloodList,Torrential rain,2,120,1.0,4.8
5141,,2021-10-23,2021-10-28,Indonesia,"1,022",FloodList,Heavy rain,1,"3,400",1.0,3.8
5139,,2021-10-21,2021-10-23,Viet Nam,"5,500",FloodList,Heavy rain,1,"7,000",1.0,4.2
5138,,2021-10-17,2021-10-19,India,"54,871",FloodList,Heavy rain,27,600,1.5,5.4
5137,,2021-10-13,2021-10-20,Nepal,"1,498",FloodList,Heavy rain,29,"2,600",1.5,4.3
5135,,2021-10-12,2021-10-14,Philippines,"118,495",FloodList,Heavy rain,13,"11,525",1.5,5.7
5136,,2021-10-11,2021-10-17,India,"41,117",FloodList,Heavy rain,23,"5,223",1.5,5.6
5128,,2021-10-06,2021-10-09,United States of America,"35,416",FloodList,Torrential rain,4,0,1.5,5.3
5131,,2021-10-04,2021-10-06,Italy,"10,408",FloodList,Torrential rain,0,0,1.5,4.7
5133,,2021-10-03,2021-10-05,Oman • Iran (Islamic Republic of),"129,781",FloodList,Heavy rain,13,"5,000",1.5,5.8
5134,,2021-10-03,2021-10-04,Indonesia,537,FloodList,Heavy rain,4,169,1.0,3.0
5132,,2021-10-02,2021-10-11,China,"103,744",FloodList,Heavy rain,5,"50,000",2.0,6.3
5129,,2021-10-01,2021-10-09,Mexico,"69,142",FloodList,Heavy rain,4,"2,440",1.5,6.0
5130,,2021-10-01,2021-10-09,India,"42,829",FloodList,Monsoonal Rain,11,"500,000",1.5,5.8
5119,,2021-09-23,2021-09-24,Spain,"9,004",FloodList,Torrential rain,0,0,1.0,4.3
5127,,2021-09-23,2021-09-28,Thailand,"218,555",FloodList,Tropical Storm Dianmu,0,"40,000",1.5,6.3
5123,,2021-09-19,2021-09-20,Pakistan,"3,874",FloodList,Monsoonal Rain,0,0,1.5,4.1
5125,,2021-09-18,2021-09-20,United States of America,"5,986",FloodList,Torrential rain,1,0,1.0,4.3
5126,,2021-09-15,2021-09-26,India,"94,057",FloodList,Monsoonal Rain,58,"1,200",1.5,6.2
5122,,2021-09-14,2021-09-20,India,"45,158",FloodList,Monsoonal Rain,10,"1,300",1.5,5.7
5121,,2021-09-12,2021-09-19,India,"71,861",FloodList,Monsoonal Rain,15,"24,127",1.5,5.9
5120,,2021-09-05,2021-09-26,Colombia,"46,072",FloodList,Heavy rain,0,"6,000",1.0,6.0
5118,,2021-08-29,2021-08-29,United States of America,"39,063",GFMS Prediction,,95,0,1.5,4.8
5117,,2021-08-21,2021-08-23,United States of America,"31,230",FloodLIst,Torrential rain,22,0,2.0,5.3
5115,,2021-08-20,2021-08-25,Benin,"18,289",FloodList,Heavy rain,1,0,1.0,5.0
5114,,2021-08-16,2021-08-17,Haiti,"10,341",News Media,Tropical Storm Grace,0,0,1.5,4.5
5109,,2021-08-13,2021-08-17,Colombia,"50,657",FloodList,Heavy rain,3,100,1.0,5.4
5111,,2021-08-12,2021-08-17,Japan,"2,471",FloodList,Heavy rain,3,50,1.5,4.3
5110,,2021-08-11,2021-08-17,Somalia,"66,965",FloodList,Heavy rain,2,"10,000",1.5,5.8
5113,,2021-08-11,2021-08-17,Türkiye,"22,930",FloodList,Torrential rain,59,"2,500",2.0,5.5
5107,,2021-08-10,2021-08-17,Nigeria,"114,959",FloodList,Heavy rain,21,"1,600",1.0,6.0
5112,,2021-08-10,2021-08-28,Niger,"89,127",FloodList,Heavy rain,62,"12,000",1.5,6.4
5108,,2021-08-07,2021-08-17,India,"48,583",FloodList,Monsoonal Rain,12,"85,000",1.5,5.9
5116,,2021-08-01,2021-09-22,Sudan,"734,281",FloodList,Heavy rain,0,"60,000",1.5,7.8
5097,,2021-07-28,2021-07-29,Afghanistan,"11,286",FloodList,Torrential rain,100,"1,000",2.0,4.7
5099,,2021-07-28,2021-07-29,Pakistan,"5,317",FloodList,Torrential rain,2,0,1.5,4.2
5101,,2021-07-27,2021-07-29,India,"12,061",FloodList,Torrential rain,7,0,1.5,4.7
5106,,2021-07-27,2021-07-30,Bangladesh,"6,304",FloodList,Monsoonal Rain,8,0,1.5,4.6
5100,,2021-07-25,2021-07-29,Myanmar • Bangladesh,"126,119",FloodList,Monsoonal Rain,0,"48,500",1.5,6.0
5098,,2021-07-22,2021-07-28,Mexico,"1,262",FloodList,Torrential rain,1,0,1.5,4.1
5102,,2021-07-22,2021-07-28,United States of America,"281,607",FloodList,Torrential rain,4,0,2.0,6.6
5103,,2021-07-22,2021-07-28,Costa Rica,"30,327",FloodList,Heavy rain,2,"3,000",1.5,5.5
5104,,2021-07-22,2021-07-28,Panama,"11,376",FloodList,Heavy rain,0,"1,408",1.5,5.1
5105,,2021-07-22,2021-07-30,India,"110,849",FloodList,Monsoonal Rain,9,"31,360",1.5,6.2
5096,,2021-07-20,2021-07-29,China,"129,685",FloodList and other media,Torrential rain,69,"350,000",2.0,6.4
5095,,2021-07-14,2021-07-19,Germany • Belgium • Luxembourg • Netherlands (Kingdom of the) • France,"30,392",FloodList,Torrential rain,180,"1,000",2.0,5.6
5092,,2021-07-05,2021-07-07,Republic of Korea,"10,589",FloodList,Torrential rain,2,190,1.5,4.7
5093,,2021-07-05,2021-07-07,Indonesia,"49,387",FloodList,Heavy rain,0,"6,000",1.0,5.2
5094,,2021-07-04,2021-07-06,Russian Federation,"4,232",FloodList,Torrential rain,0,"2,400",1.5,4.3
5090,,2021-07-01,2021-07-04,Nepal,"111,106",FloodList,Monoonal Rain,10,150,1.5,5.8
5124,,2021-07-01,2021-09-22,Chad,"414,366",FloodList,Heavy rain,15,"160,000",1.5,7.7
5091,,2021-06-30,2021-07-04,India,"78,068",FloodList,Monsoonal Rain,1,"15,000",1.5,5.8
5089,,2021-06-28,2021-07-04,China,"82,493",FloodList,Monsoonal Rain,0,"63,000",1.5,5.9
5081,,2021-06-19,2021-06-21,United States of America,"545,514",FloodList,,15,0,1.5,6.4
5084,,2021-06-19,2021-06-21,New Zealand,"25,184",FloodList,Heavy rain,0,20,1.0,4.9
5082,,2021-06-18,2021-06-20,United States of America,"13,397",FloodList,Torrential rain,1,0,1.5,4.8
5083,,2021-06-15,2021-06-21,India,"239,571",FloodList,Monsoonal Rain,0,0,1.0,6.2
5085,,2021-06-15,2021-06-21,Ukraine,"2,832",FloodList,Heavy rain,0,"1,490",1.5,4.5
5086,,2021-06-15,2021-06-18,Mexico,"35,804",FloodList,Heavy rain,0,0,1.5,5.3
5078,,2021-06-01,2021-06-02,Chile,"18,990",FloodList,Torrential rain,0,36,1.5,4.8
5079,,2021-05-31,2021-06-02,Philippines,"115,039",FloodList,Tropical Storm Dante,0,600,1.5,5.7
5080,,2021-05-29,2021-06-02,New Zealand,"6,948",FloodList,Heavy rain,0,0,1.5,4.7
5075,,2021-05-25,2021-05-28,India,"345,643",FloodList,Tropical Storm Yaas and Storm Surge,1,"1,500,000",1.5,6.3
5072,,2021-05-24,2021-05-28,Indonesia,"28,512",FloodList,Heavy rain,0,"12,000",1.5,5.3
5074,,2021-05-16,2021-05-28,United States of America,"90,601",FloodList,Heavy rain,0,250,2.0,6.4
5076,,2021-05-16,2021-05-23,India,"331,180",FloodLIst,Tropical Storm Tauktae,23,"200,000",1.5,6.6
5077,,2021-05-15,2021-06-02,Brazil,"121,963",FloodList,Heavy rain,0,0,1.5,6.5
5087,,2021-05-15,2021-06-18,Guyana • Suriname,"170,318",FloodList,Heavy rain,0,0,1.0,6.8
5088,,2021-05-15,2021-06-21,Nepal • Bhutan,"158,361",FloodList,Monsoonal Rain,15,100,1.5,7.0
5067,,2021-05-12,2021-05-14,Romania,"20,207",FloodList,Torrential rain,0,36,1.5,5.0
5069,,2021-05-10,2021-05-14,Russian Federation,"47,982",FloodList,Snow melt and Ice jams,0,116,1.5,5.6
5070,,2021-05-10,2021-05-14,Algeria,"35,277",NASA Flood Alerts,Heavy rain,0,0,1.0,5.2
5071,,2021-05-10,2021-05-14,Russian Federation,"487,698",NASA Flood Alerts,Snowmelt and ice jams,0,0,1.5,6.6
5065,,2021-05-07,2021-06-01,Somalia,"55,049",FloodList,Heavy rain,9,"100,000",1.5,6.3
5066,,2021-05-05,2021-05-09,Iran (Islamic Republic of),"221,266",FloodList,Torrential rain,10,600,1.5,6.2
5063,,2021-05-04,2021-05-09,Uganda,"16,050",FloodList,Heavy rain,0,0,1.0,5.0
5064,,2021-05-04,2021-05-09,South Africa,"40,796",FloodList,Heavy rain,2,50,1.0,5.4
5061,,2021-05-02,2021-05-05,Afghanistan,"259,774",FloodList,Heavy rain,16,200,1.5,6.2
5062,,2021-05-01,2021-05-04,Yemen,"66,535",FloodList,Heavy rain,4,0,1.0,5.4
5073,,2021-05-01,2021-05-28,Brazil,"114,949",FloodList,Heavy rain,0,"8,000",1.5,6.7
5055,,2021-04-27,2021-04-28,Rwanda,"6,066",FloodList,Torrential rain,1,15,1.0,4.1
5056,,2021-04-26,2021-04-27,Philippines,"4,522",FloodList,Torrential rain,0,419,1.5,4.1
5068,,2021-04-26,2021-05-10,Ethiopia,"176,121",FloodList,Heavy rain,7,"27,400",1.5,6.6
5058,,2021-04-23,2021-05-24,Kenya,"23,483",FloodList,Heavy rain,6,"39,054",1.5,6.1
5060,,2021-04-21,2021-04-30,Colombia,"11,140",FloodList,Heavy rain,0,0,1.5,5.2
5057,,2021-04-20,2021-04-30,Venezuela (Bolivarian Republic of),"10,138",FloodList,Heavy rain,0,0,1.5,5.2
5059,,2021-04-19,2021-04-30,Angola,"33,668",FloodList,Heavy rain,14,"8,165",1.5,5.8
5052,,2021-04-03,2021-04-10,Indonesia • Timor-Leste,"43,034",FloodList,Heavy rain,150,"8,424",2.0,5.8
5050,,2021-04-02,2021-04-07,Haiti,"11,055",FloodList,Heavy rain,3,750,1.5,5.0
5051,,2021-04-01,2021-04-06,Colombia,"257,392",FloodList,Heavy rain,3,0,1.0,6.2
5054,,2021-04-01,2021-04-15,Peru,"252,707",FloodList,Heavy rain,0,0,1.0,6.6
5053,,2021-03-31,2021-04-04,Indonesia,"36,880",FloodList,Torrential rain,0,100,1.5,5.4
5049,,2021-03-25,2021-03-26,Indonesia,"15,546",FloodList,Torrential rain,0,39,1.5,4.7
5047,,2021-03-23,2021-03-24,Brazil,"40,391",FloodList,Torrential rain,0,0,1.0,4.9
5048,,2021-03-22,2021-03-23,Colombia,"5,150",FloodList,Torrential rain,0,0,1.5,4.2
5045,,2021-03-18,2021-03-22,Australia,"200,687",FloodList,Heavy rain,0,"18,000",2.0,6.3
5046,,2021-03-16,2021-03-19,Angola,"33,405",FloodList,Torrential rain,4,0,1.5,5.3
5037,,2021-03-09,2021-03-11,United States of America,"11,889",FloodList,Heavy rain,0,100,2.0,4.9
5039,,2021-03-06,2021-03-07,Algeria,"87,379",FloodList,Torrential rain,10,0,1.5,5.4
5038,,2021-03-05,2021-03-08,Spain,"74,893",FloodList,Torrential rain,0,55,1.5,5.7
5042,,2021-03-02,2021-03-05,Peru,"55,125",FloodList,Torrential rain,0,100,1.5,5.5
5040,,2021-03-01,2021-03-23,Morocco,"10,826",FloodList,Torrential rain,0,0,1.5,5.6
5044,,2021-02-28,2021-03-02,United States of America,"99,258",FloodList,Torrential rain,0,0,1.5,5.6
5035,,2021-02-24,2021-02-28,Australia,"82,784",FloodList,Heavy rain,0,75,1.5,5.8
5041,,2021-02-24,2021-03-01,Burundi,"46,847",FloodList,Heavy rain,0,"1,900",1.5,5.6
5043,,2021-02-23,2021-03-01,Peru,"99,073",FloodList,Heavy rain,0,"4,000",1.5,6.0
5033,,2021-02-22,2021-02-28,Indonesia,"8,569",FloodList,Heavy rain,1,"36,000",1.5,5.0
5034,,2021-02-22,2021-02-28,Australia,"267,224",FloodList,Heavy rain,0,250,1.0,6.3
5036,,2021-02-22,2021-03-11,Bolivia (Plurinational State of),"128,782",FloodList,Heavy rain,0,300,1.0,6.4
5029,,2021-02-21,2021-02-22,Philippines,"4,427",FloodList,Tropical Storm Dijuan (Auring),0,"60,000",1.5,4.1
5027,,2021-02-19,2021-02-22,Indonesia,"13,179",FloodList,Heavy rain,5,"32,000",1.5,4.9
5028,,2021-02-18,2021-02-22,Brazil,"118,513",FloodList,Heavy rain,2,0,1.0,5.8
5030,,2021-02-18,2021-02-22,Brazil,"128,811",FloodList,Heavy rain,0,0,1.5,6.0
5024,,2021-02-14,2021-02-24,South Africa,"120,665",FloodList,Heavy rain,30,0,1.5,6.3
5031,,2021-02-14,2021-02-18,Madagascar,"194,400",FloodList,Heavy rain,1,500,1.5,6.2
5032,,2021-02-10,2021-02-20,Mozambique,"69,205",FloodList,Heavy rain,0,"12,000",1.0,5.9
5026,,2021-02-08,2021-02-14,Philippines,"7,008",FloodList,Heavy rain,1,"10,000",1.5,4.9
5023,,2021-02-07,2021-02-08,India,"1,551",FloodList,Glacier collapse and dam breaks,9,140,2.0,3.8
5019,,2021-02-01,2021-02-03,Greece • Türkiye,"26,656",FloodList,Torrential rain,3,0,1.0,4.9
5025,,2021-02-01,2021-02-14,Albania,"6,551",FloodList,Heavy rain,0,35,1.0,5.0
5020,,2021-01-31,2021-02-03,France,"291,655",FloodList,Heavy rain,1,150,1.0,6.1
5022,,2021-01-31,2021-02-03,Fiji,"14,273",FloodList,Tropical Storm Ana,1,"7,000",1.5,4.9
5018,,2021-01-30,2021-02-08,Paraguay,"118,548",FloodList,Heavy rain,10,0,1.5,6.2
5021,,2021-01-29,2021-02-03,Chile,"93,471",FloodList,Heavy rain,0,521,1.5,5.9
5015,,2021-01-22,2021-01-25,Mozambique • Zimbabwe,"1,148,874",FloodList,Tropical Storm Eloise,6,0,1.5,6.8
5017,,2021-01-13,2021-01-25,India,"54,041",FloodList,Monsoonal Rain,0,843,1.5,6.0
5010,,2021-01-11,2021-01-13,Indonesia,"39,427",FloodList,Heavy rain,0,"3,000",1.5,5.2
5011,,2021-01-11,2021-01-13,Malaysia,"41,804",FloodList,Heavy rain,0,"2,000",1.5,5.3
5014,,2021-01-11,2021-01-13,United States of America,"68,968",USGS Gauging,Heavy rain,0,0,1.0,5.3
5013,,2021-01-09,2021-01-13,Serbia • Bulgaria,"68,674",FloodList,Heavy rain,0,0,1.0,5.5
5016,,2021-01-08,2021-02-03,Burundi,"22,006",FloodList,Heavy rain,0,"1,500",1.5,6.0
5009,,2021-01-01,2021-01-13,Namibia,"367,193",FloodList,Heavy rain,0,260,1.5,6.9
5012,,2021-01-01,2021-01-12,Malaysia,"77,112",FloodList,Heavy rain,20,"19,500",1.5,6.1
4997,,2020-12-25,2020-12-29,Ecuador,"31,229",FloodList,Heavy rain,0,0,1.0,5.2
5000,,2020-12-25,2020-12-27,Portugal,734,FloodList,Heavy rain,0,20,1.0,3.3
4999,,2020-12-24,2020-12-30,United Kingdom of Great Britain and Northern Ireland,"72,126",FloodList,Storm Bella,0,"2,760",1.5,5.9
5003,,2020-12-22,2020-12-24,Brazil,"49,207",FloodList,Torrential rain,1,12,1.5,5.3
5001,,2020-12-21,2020-12-24,Algeria,"3,413",FloodList,Torrential rain,0,0,1.0,4.1
5008,,2020-12-18,2020-12-22,United Kingdom of Great Britain and Northern Ireland,"21,408",FloodList,Heavy rain,0,18,1.5,5.2
5004,,2020-12-17,2020-12-24,Brazil,"37,961",FloodList,Heavy rain,12,220,1.5,5.7
5005,,2020-12-17,2020-12-22,Thailand,"66,981",FloodList,Monsoonal Rain,1,400,1.5,5.8
5006,,2020-12-17,2020-12-23,Philippines,"49,952",FloodList,Storm Vicky,8,"3,000",1.5,5.7
5007,,2020-12-17,2020-12-28,Malaysia,"27,184",FloodList,Monsoonal Rain,0,"8,000",1.5,5.7
4994,,2020-12-13,2020-12-15,Türkiye,"17,794",FloodList,Torrential rain,2,0,1.0,4.7
4993,,2020-12-12,2020-12-15,Australia,"139,898",FloodList,Heavy rain,0,0,1.5,5.9
4998,,2020-12-12,2020-12-17,Democratic Republic of the Congo,"7,330",FloodList,Torrential rain,4,0,1.5,4.8
4995,,2020-12-01,2020-12-10,Mozambique,"34,214",FloodList,Torrential rain,1,0,1.0,5.5
5002,,2020-12-01,2020-12-10,Democratic Republic of the Congo,"62,297",FloodList,Heavy rain,18,0,1.5,6.0
4992,,2020-11-22,2020-11-23,Somalia • Ethiopia,"416,955",FloodList,Tropical Storm Gati,0,0,1.5,6.1
4984,,2020-11-20,2020-11-23,Italy,"17,347",FloodList,Torrential rain,0,200,1.5,5.0
4985,,2020-11-20,2020-11-23,South Africa,"147,185",FloodList,Torrential rain,4,0,1.5,5.9
4986,,2020-11-19,2020-11-23,Indonesia,"202,487",FloodLIst,Torrential rain,3,261,1.5,6.2
4989,,2020-11-16,2020-11-21,Nicaragua • Honduras,"108,878",FloodList,Tropical Storm Iota,2,400,2.0,6.1
4988,,2020-11-15,2020-11-23,Democratic Republic of the Congo,"112,820",FloodList,Heavy rain,9,24,1.0,6.0
4996,,2020-11-15,2020-12-15,Thailand,"73,211",FloodList,Heavy rain,24,0,1.5,6.5
4987,,2020-11-13,2020-11-23,Colombia,"237,001",FloodList,Heavy rain,2,"2,000",1.5,6.6
4980,,2020-11-11,2020-11-18,Philippines • Viet Nam,"160,744",FloodList,Tropical Storm Vamco,13,"250,000",2.0,6.4
4982,,2020-11-10,2020-11-12,Greece,"7,858",FloodList,Torrential rain,0,87,1.5,4.5
4990,,2020-11-10,2020-11-23,Venezuela (Bolivarian Republic of),"160,618",FloodList,Heavy rain,5,300,1.5,6.5
4991,,2020-11-10,2020-11-20,United States of America,"48,933",FloodLIst,,7,0,2.0,6.0
4983,,2020-11-09,2020-11-12,New Zealand,"17,253",FloodList,Heavy rain,0,64,1.5,5.0
4973,,2020-11-06,2020-11-09,Zimbabwe,"109,134",FloodList,Torrential rain,2,0,1.0,5.6
4974,,2020-11-06,2020-11-09,Uganda,"39,102",FloodList,Torrential rain,1,800,1.0,5.2
4970,,2020-11-04,2020-11-09,Nicaragua • Honduras,"412,060",FloodList,Tropical Storm Eta,40,0,1.5,6.6
4972,,2020-11-04,2020-11-09,Indonesia,"69,429",FloodList,Heavy rain,0,"3,000",1.0,5.6
4977,,2020-11-03,2020-11-05,Brazil,"61,492",FloodList,Torrential rain,0,300,1.5,5.4
4979,,2020-10-24,2020-11-02,Philippines • Viet Nam,"84,651",FloodList,Tropical Storm Molave,61,"3,000",1.5,6.1
4978,,2020-10-20,2020-11-09,Colombia,"37,557",FloodList,Heavy rain,0,"3,000",1.5,6.1
4969,,2020-10-16,2020-10-25,India,"125,991",FloodList,Monsoonal Rain,6,"2,100",1.5,6.3
4966,,2020-10-06,2020-10-25,Viet Nam,"52,753",FloodList,Heavy rain,75,"900,000",2.0,6.3
4965,,2020-10-02,2020-10-25,Mozambique,"293,973",FloodList,Heavy rain,22,"5,000",1.5,7.0
4981,,2020-10-01,2020-11-12,Somalia,"244,176",FloodList,Heavy rain,0,"108,000",1.5,7.2
4976,,2020-09-20,2020-11-04,Uganda,"17,977",FloodList,Torrential rain,"12,000",2,1.0,5.9
4964,,2020-09-15,2020-09-18,United States of America,"193,718",FloodList,,0,0,2.0,6.2
4967,,2020-09-15,2020-10-25,Nigeria,"118,736",FloodList,Heavy rain,155,"25,000",1.5,6.9
4968,,2020-09-15,2020-10-21,Togo,"25,646",FloodLIst,Heavy rain,11,"16,000",1.5,6.2
4963,,2020-09-13,2020-09-16,India,"90,592",FloodList,Monsoonal Rain,1,0,1.0,5.6
4971,,2020-09-01,2020-11-09,Congo,"142,623",FloodList,Heavy rain,0,"3,000",1.5,7.2
4952,,2020-08-25,2020-08-27,Afghanistan,"130,815",FloodList,Torrential rain,35,0,2.0,5.9
4953,,2020-08-24,2020-08-27,Pakistan,"97,006",FloodList,Monsoonal Rain,0,"1,300",1.5,5.8
4962,,2020-08-22,2020-08-30,Haiti,"138,228",FloodList,,72,"600,000",2.0,6.4
4956,,2020-08-21,2020-08-25,Haiti • Dominican Republic,"61,965",FloodList,Tropical Storm Laura,11,0,2.0,5.8
4961,,2020-08-21,2020-08-27,India,"613,621",FloodList,Monsoonal Rain,13,60,1.5,6.8
4955,,2020-08-20,2020-08-27,Kenya,"36,805",FloodList,Dam Release and Heavy Rain,0,"5,000",1.5,5.6
4975,,2020-08-20,2020-11-09,Chad • Cameroon,"16,270",FloodList,Heavy rain,10,"32,000",1.0,6.1
4957,,2020-08-19,2020-08-22,Uganda,"23,666",FloodList,Torrential rain,1,0,1.0,5.0
4954,,2020-08-10,2020-08-27,Chad • Cameroon,"107,558",FloodList,Heavy rain,10,"38,000",2.0,6.6
4960,,2020-08-05,2020-08-27,Nigeria,"330,402",FloodList,Heavy rain,3,"15,000",1.5,7.1
4948,,2020-07-29,2020-07-30,Republic of Korea,"23,219",FloodList,Torrential rain,2,0,1.5,4.8
4958,,2020-07-28,2020-08-27,Sudan • South Sudan,"885,004",FloodList,Heavy rain,0,"200,000",2.0,7.7
4950,,2020-07-27,2020-07-30,Japan,"32,493",FloodLIst,Torrential rain,0,"2,500",1.5,5.3
4951,,2020-07-25,2020-07-29,Mexico • United States of America,"199,637",FloodList,Heavy rain,2,0,1.5,6.2
4959,,2020-07-20,2020-08-27,Mali,"178,502",FloodList,Heavy rain,0,"5,400",1.5,7.0
4949,,2020-07-15,2020-07-30,Myanmar,"46,562",FloodList,Monsoonal Rain,0,"6,516",1.0,5.9
4944,,2020-07-14,2020-07-17,Italy,"3,125",FloodList,Torrential rain,0,0,1.5,4.3
4943,,2020-07-12,2020-07-18,India,"293,810",FloodList,Monsoonal Rain,2,0,1.5,6.5
4946,,2020-07-11,2020-07-18,Indonesia,"39,202",FloodList,Heavy rain,17,"5,000",1.5,5.7
4945,,2020-07-05,2020-07-18,Colombia,"259,423",FloodList,Heavy rain,5,660,1.5,6.7
4936,,2020-07-01,2020-07-05,Canada,"78,875",FloodList,Heavy rain,0,240,1.5,5.8
4947,,2020-07-01,2020-07-30,Niger • Mali,"390,094",FloodList,Heavy rain,9,"15,000",1.5,7.2
4939,,2020-06-30,2020-07-30,Bangladesh,"44,110",FloodList,Monsoonal Rain,0,"30,000",1.5,6.3
4937,,2020-06-29,2020-07-03,China,"154,387",FloodList,Torrential rain,3,0,1.5,6.1
4940,,2020-06-29,2020-07-05,Poland,"47,884",FloodList,Heavy rain,0,300,1.0,5.5
4942,,2020-06-29,2020-07-05,Japan,"28,548",FloodList,Heavy rain,34,0,2.0,5.6
4938,,2020-06-27,2020-07-30,China,"107,563",FloodList,Monsoonal Rain and Dam release,0,"9,722",2.0,6.9
4929,,2020-06-24,2020-06-26,Côte d’Ivoire,"7,807",FloodList,Torrential rain,5,0,1.0,4.4
4933,,2020-06-23,2020-06-25,Türkiye,"2,780",FloodLIst,Torrential rain,1,0,1.0,3.9
4931,,2020-06-22,2020-06-26,Uruguay,"112,272",FloodList,Torrential rain,0,360,1.0,5.7
4932,,2020-06-22,2020-06-26,Ukraine,"195,644",FloodList,Heavy rain,3,470,1.5,6.2
4941,,2020-06-22,2020-07-05,Ukraine,"33,791",FloodList,Heavy rain,3,775,1.5,5.9
4934,,2020-06-21,2020-06-25,Mongolia,"423,250",FloodList,Heavy rain,2,300,1.5,6.5
4920,,2020-06-20,2020-07-30,India,"59,427",FloodList,Monsoonal Rain,0,"30,000",1.0,6.4
4935,,2020-06-20,2020-06-25,Malaysia,"30,344",FloodList,Heavy rain,0,"1,000",1.5,5.4
4930,,2020-06-15,2020-07-05,China,"251,527",FloodList,Monsoonal Rain,20,"70,000",1.5,6.9
4927,,2020-06-02,2020-06-03,India,"199,451",Tropical Storm Track,Tropical Storm Nisarga,0,0,1.5,5.8
4928,,2020-06-02,2020-06-03,El Salvador • Guatemala,"253,817",Tropical Storm Track,Tropical Storm Cristobal,0,0,1.5,5.9
4923,,2020-05-27,2020-05-31,Oman,"95,375",FloodList,Torrential rain,1,100,1.5,5.9
4922,,2020-05-26,2020-06-03,Honduras • Guatemala,"48,914",FloodList,Heavy rain,14,200,1.0,5.6
4924,,2020-05-24,2020-05-30,Central African Republic,"65,353",FloodList,Torrential rain,3,0,1.0,5.7
4919,,2020-05-23,2020-06-03,India,"37,967",FloodList,Tropical Storm Amphan,30,"10,000",2.0,6.0
4926,,2020-05-22,2020-05-30,Indonesia,"17,703",FloodList,Heavy rain,0,"5,200",1.5,5.4
4925,,2020-05-21,2020-05-25,Uganda,"47,454",FloodLIst,Torrential rain,8,300,1.5,5.6
4921,,2020-05-19,2020-05-20,India • Bangladesh,"171,282",NASA-Earth-Observatory,Tropical Storm Amphan,0,"10,000",2.0,5.8
4915,,2020-05-18,2020-05-20,United States of America,"6,216",FloodList,,0,"10,000",2.0,4.6
4914,,2020-05-17,2020-05-20,Sri Lanka,"46,626",FloodList,Tropical Storm Amphan,2,"1,100",1.5,5.4
4916,,2020-05-16,2020-05-20,Democratic Republic of the Congo,"84,573",FloodList,Heavy rain,0,500,1.5,5.8
4917,,2020-05-16,2020-05-18,Algeria,"91,356",FloodLIst,Heavy rain,1,0,1.0,5.4
4918,,2020-05-16,2020-05-19,Ecuador,"24,826",FloodList,Heavy rain,2,15,1.0,5.0
4913,,2020-05-01,2020-05-11,Uzbekistan • Kazakhstan,"84,662",NASA-Earth-Observatory,Dam break,4,"70,000",2.0,6.3
4910,,2020-04-25,2020-04-27,Canada,"169,211",FloodList,Ice Jam,0,0,1.0,5.7
4900,,2020-04-24,2020-04-27,United Republic of Tanzania,"184,333",FloodList,Heavy rain,2,"10,000",1.5,6.0
4904,,2020-04-22,2020-04-26,Indonesia,"52,988",FloodList,Heavy rain,0,"2,000",1.0,5.4
4905,,2020-04-22,2020-04-26,Viet Nam,"15,289",FloodList,Torrential rain,3,0,1.0,4.9
4901,,2020-04-21,2020-04-26,Djibouti,"10,322",FloodList,Torrential rain,8,0,2.0,5.1
4908,,2020-04-20,2020-04-22,Yemen,"18,949",FloodList,Torrential rain,10,0,1.5,4.9
4911,,2020-04-20,2020-04-28,Somalia • Ethiopia,"428,331",FloodList,Heavy rain,10,"81,000",1.5,6.8
4912,,2020-04-20,2020-04-26,Chad,"134,488",FloodList,Heavy rain,0,"2,062",1.0,6.0
4902,,2020-04-19,2020-04-26,Burkina Faso,"42,578",FloodList,Torrential rain,0,"2,000",1.5,5.7
4903,,2020-04-19,2020-04-26,Burundi • Rwanda,"41,569",FloodList,Heavy rain,9,0,1.5,5.7
4906,,2020-04-18,2020-04-24,Angola,"77,632",FloodList,Heavy rain,11,90,1.5,5.9
4907,,2020-04-18,2020-04-22,New Caledonia,"8,300",FloodList,Torrential rain,0,0,1.0,4.6
4909,,2020-04-10,2020-04-16,Iran (Islamic Republic of),"216,987",FloodList,Heavy rain,7,300,1.5,6.4
4890,,2020-04-01,2020-04-03,Colombia,"22,501",FloodList,Heavy rain,0,500,1.0,4.8
4891,,2020-04-01,2020-04-02,Spain,"4,269",FloodList,Torrential rain,0,91,1.5,4.1
4892,,2020-04-01,2020-04-03,Papua New Guinea,"14,568",FloodList,Heavy rain,0,0,1.0,4.6
4893,,2020-03-31,2020-04-03,Indonesia,"12,749",FloodList,Heavy rain,1,300,1.5,4.9
4898,,2020-03-28,2020-04-02,Peru,"152,175",FloodList,Heavy rain,0,120,1.5,6.1
4897,,2020-03-27,2020-04-27,Kenya,"154,390",FloodList,Heavy rain,1,"3,000",1.5,6.9
4899,,2020-03-22,2020-04-03,United States of America,"126,521",FloodList,Heavy rain,8,30,1.5,6.4
4894,,2020-03-21,2020-04-03,Afghanistan,"220,552",FloodList,Heavy rain,11,"1,200",1.5,6.7
4896,,2020-03-17,2020-04-03,Democratic Republic of the Congo,"180,312",FloodList,Heavy rain,36,"78,000",2.0,6.8
4878,,2020-03-14,2020-03-16,Colombia,"34,355",FloodList,Torrential rain,1,400,1.0,5.0
4877,,2020-03-13,2020-03-17,Madagascar,"71,741",FloodList,Tropical Storm Herold,4,"2,000",1.5,5.7
4881,,2020-03-12,2020-03-15,Egypt,"22,124",FloodList,Heavy rain,5,0,1.0,4.9
4880,,2020-03-08,2020-03-17,Angola,"157,818",FloodList,Heavy rain,2,"1,700",1.5,6.4
4879,,2020-03-06,2020-03-17,Pakistan,"116,829",FloodList,Heavy rain,33,"1,200",1.5,6.3
4886,,2020-03-05,2020-03-15,Indonesia,"34,167",FloodList,Heavy rain,0,300,1.0,5.6
4882,,2020-03-04,2020-03-17,Zambia,"101,083",FloodLIst,Heavy rain,0,0,1.5,6.3
4895,,2020-03-04,2020-04-24,Zambia,"91,522",FloodList,Heavy rain,0,0,1.5,6.9
4884,,2020-03-02,2020-03-08,Burundi,"13,770",FloodList,Heavy rain,1,185,1.5,5.2
4885,,2020-03-02,2020-03-05,Rwanda,"15,283",FloodLIst,Heavy rain,10,0,1.5,5.0
4887,,2020-03-02,2020-03-10,Bolivia (Plurinational State of),"130,236",FloodList,Heavy rain,0,600,1.0,6.1
4888,,2020-03-02,2020-03-10,Viet Nam,"50,183",FloodList,Heavy rain,2,"1,000",1.0,5.7
4883,,2020-02-24,2020-03-10,Iran (Islamic Republic of),"96,630",FloodLIst,Heavy rain,0,0,1.5,6.4
4889,,2020-02-24,2020-03-10,Indonesia,"18,059",FloodList,Heavy rain,0,"17,000",1.5,5.6
4871,,2020-02-16,2020-02-17,United Kingdom of Great Britain and Northern Ireland,"47,728",FloodList,Heavy rain,2,20,1.5,5.2
4872,,2020-02-12,2020-02-17,Mozambique,"172,917",FloodList,Heavy rain,2,"2,000",1.5,6.2
4870,,2020-02-11,2020-02-17,Zimbabwe,"73,436",FloodList,Heavy rain,1,160,1.0,5.7
4876,,2020-02-10,2020-02-17,United States of America,"108,060",FloodList,Heavy rain,0,300,2.0,6.2
4869,,2020-02-09,2020-02-18,Peru,"146,372",FloodList,Heavy rain,2,"1,600",1.5,6.3
4873,,2020-02-07,2020-02-17,Australia,"816,540",FloodList,Heavy rain,1,0,1.0,7.0
4874,,2020-02-07,2020-02-17,Burundi,"17,374",FloodList,Heavy rain,3,"1,000",1.5,5.5
4875,,2020-02-01,2020-02-17,United Republic of Tanzania,"266,334",FloodList,Heavy rain,40,"15,000",2.0,7.0
4866,,2020-01-23,2020-01-27,Indonesia,"14,793",FloodList,Heavy rain,0,"16,000",1.5,5.0
4862,,2020-01-20,2020-01-27,Spain,"15,420",FloodList,Storm Surge Gloria,13,"2,000",2.0,5.4
4867,,2020-01-20,2020-01-27,Madagascar,"443,086",FloodList,Heavy rain,26,"40,000",2.0,6.9
4868,,2020-01-20,2020-01-27,Brazil,"115,220",FloodList,Torrential rain,50,"2,000",1.5,6.1
4863,,2020-01-17,2020-01-22,Mozambique,"401,250",FloodList,Heavy rain,28,"10,000",1.5,6.6
4865,,2020-01-17,2020-01-22,Zimbabwe,"75,329",FloodList,Heavy rain,0,40,1.0,5.7
4864,,2020-01-15,2020-01-18,Argentina,"210,947",FloodLIst,Heavy rain,0,250,1.0,5.9
4836,,2020-01-04,2020-01-09,Israel,"2,433",FloodList,Torrential rain,6,0,1.0,4.2
4837,,2020-01-04,2020-01-09,Türkiye,"22,879",FloodList,Torrential rain,2,0,1.0,5.1
4838,,2020-01-03,2020-01-05,Angola,"78,865",FloodList,Heavy rain,0,"1,250",1.0,5.4
4839,,2020-01-01,2020-01-08,Peru,"206,910",FloodList,Heavy rain,0,150,1.5,6.4
4858,,2020-01-01,2020-01-05,Indonesia,"23,321",FloodList,Heavy  Rain,2,0,1.0,5.1
4859,,2020-01-01,2020-01-09,Indonesia,"24,987",FloodList,Heavy rain,53,"173,000",2.0,5.7
4840,,2019-12-30,2020-01-05,Colombia,"51,192",FloodList,Heavy rain,0,0,1.5,5.7
4854,,2019-12-28,2019-12-31,United States of America,"138,727",FloodList,Heavy rain,2,0,1.5,5.9
4860,,2019-12-28,2019-12-30,Indonesia,"11,674",FloodList,Heavy rain,5,100,1.5,4.7
4843,,2019-12-27,2019-12-31,United Republic of Tanzania,"104,721",FloodLIst,Heavy rain,0,300,1.5,5.9
4841,,2019-12-25,2020-01-08,Malawi,"7,076",FloodList,Heavy rain,0,0,1.5,5.2
4842,,2019-12-25,2020-01-08,Zambia,"51,483",FloodList,Heavy rain,0,"1,500",1.5,6.1
4855,,2019-12-25,2019-12-27,Colombia,"127,301",FloodList,Torrential rain,8,15,1.5,5.8
4844,,2019-12-24,2019-12-26,Rwanda,"17,895",FloodList,Torrential rain,12,550,2.0,5.0
4845,,2019-12-20,2019-12-22,Burundi,"3,620",FloodList,Torrential rain,14,250,2.0,4.3
4861,,2019-12-20,2019-12-27,Sri Lanka,"44,782",FloodList,Heavy rain,1,"15,500",1.5,5.7
4853,,2019-12-15,2019-12-31,Peru,"322,183",FloodList,Heavy rain,0,100,1.0,6.7
4847,,2019-12-13,2019-12-20,Uganda,"93,391",FloodList,Heavy rain,7,300,1.5,6.0
4848,,2019-12-09,2019-12-14,Madagascar,"205,042",FloodList,Tropical Storm Belna,2,250,1.5,6.3
4849,,2019-12-08,2019-12-12,South Africa,"52,857",FloodList,Heavy rain,1,300,1.5,5.6
4851,,2019-12-06,2019-12-10,Somalia,"92,386",FloodList,Tropical Storm Pawan,1,250,1.5,5.8
4856,,2019-12-06,2019-12-14,Peru,"261,688",FloodList,Heavy rain,0,500,1.0,6.4
4857,,2019-12-06,2019-12-12,Colombia,"50,332",FloodList,Heavy rain,0,0,1.0,5.5
4828,,2019-12-04,2019-12-06,Burundi,"14,361",FloodList,Torrential rain,26,0,1.5,4.8
4852,,2019-12-04,2019-12-07,Uganda,"50,519",FloodList,Torrential rain,16,150,1.5,5.5
4831,,2019-12-02,2019-12-06,Philippines,"132,060",FloodList,Tropical Storm Kammuri/Tisoy,17,"500,000",2.0,6.1
4850,,2019-12-02,2019-12-06,Rwanda,"21,121",FloodList,Torrential rain,0,36,1.0,5.0
4832,,2019-11-30,2019-12-06,India • Sri Lanka,"104,755",FloodList,Heavy rain,30,"1,000",1.5,6.0
4833,,2019-11-30,2019-12-06,Malaysia,"38,171",Validation,Heavy rain,2,"15,000",1.5,5.6
4834,,2019-11-27,2019-12-04,Mexico • United States of America,"397,450",FloodList,Heavy rain,3,500,1.0,6.5
4835,,2019-11-25,2019-11-27,Brazil,"173,355",FloodList,Torrential rain,0,300,1.5,5.9
4824,,2019-11-15,2019-11-19,Austria,"16,413",FloodList,Heavy rain,1,60,1.0,4.9
4829,,2019-11-15,2019-12-06,Uganda,"78,162",FloodList,Heavy rain,4,"1,000",1.5,6.4
4827,,2019-11-14,2019-11-19,Philippines,"24,395",FloodList,Tropical Storm Ramon,0,"2,000",1.5,5.3
4826,,2019-11-07,2019-11-19,United Kingdom of Great Britain and Northern Ireland,"8,038",FloodList,Heavy rain,0,100,1.0,5.0
4825,,2019-11-01,2019-12-06,Democratic Republic of the Congo • Central African Republic,"678,567",FloodList,Heavy rain,0,"98,000",1.5,7.6
4846,,2019-11-01,2020-01-09,Congo • Democratic Republic of the Congo,"585,146",FloodList,Heavy rain,0,"5,000",2.0,7.9
4821,,2019-10-28,2019-11-06,Colombia,"66,444",FloodLIst,Heavy rain,0,"8,400",1.5,6.0
4816,,2019-10-25,2019-11-06,Iran (Islamic Republic of),"213,508",FloodList,Heavy rain,2,0,1.5,6.6
4819,,2019-10-25,2019-10-30,Ghana,"7,286",FloodList,Heavy rain,0,0,1.0,4.6
4822,,2019-10-25,2019-11-06,India,"106,819",FloodList,Heavy rain,2,"1,000",1.0,6.1
4823,,2019-10-25,2019-10-31,Japan,"23,764",FloodLIst,Typhoon 21,10,0,1.5,5.4
4817,,2019-10-23,2019-11-06,Togo • Benin,"64,158",FloodList,Heavy rain,0,0,1.5,6.2
4830,,2019-10-21,2019-12-06,Somalia • Ethiopia,"271,255",FloodList,Heavy rain,0,"270,000",1.5,7.3
4815,,2019-10-20,2019-11-06,Ecuador,"47,966",FloodList,Heavy rain,1,100,1.0,5.9
4820,,2019-10-15,2019-11-19,Nigeria,"229,359",FloodList,Heavy rain,18,"42,000",2.0,7.2
4800,,2019-10-12,2019-10-15,Japan,"122,626",FloodList,Tropical Storm Hagibis,73,"230,000",2.0,6.0
4812,,2019-10-12,2019-10-18,Uruguay,"73,269",FloodList,Heavy rain,0,270,1.0,5.7
4813,,2019-10-12,2019-10-18,South Sudan,"323,374",FloodList,Heavy rain,0,0,1.5,6.5
4814,,2019-10-12,2019-12-06,United Republic of Tanzania,"113,250",FloodList,Heavy rain,29,0,1.5,7.0
4818,,2019-10-10,2019-12-06,Kenya,"232,028",FloodList,Heavy rain,100,"18,000",1.5,7.3
4803,,2019-10-08,2019-10-12,Honduras,"14,279",FloodList,Torrential rain,0,200,1.5,5.0
4806,,2019-10-05,2019-10-15,Kenya,"35,197",FloodList,Heavy rain,0,"1,000",1.0,5.6
4809,,2019-10-05,2019-10-15,Venezuela (Bolivarian Republic of),"24,681",FloodList,Heavy rain,6,"2,000",1.5,5.6
4804,,2019-10-04,2019-10-12,Côte d’Ivoire,"34,664",FloodList,Heavy rain,2,120,1.5,5.7
4807,,2019-10-04,2019-10-07,Sudan,"148,560",FloodList,Torrential rain,0,"1,600",1.0,5.8
4811,,2019-10-02,2019-10-07,Republic of Korea,"28,113",FloodList,Tropical Storm Mitag,10,"1,500",1.5,5.4
4801,,2019-10-01,2019-10-15,Cameroon,"10,557",FloodList,Heavy rain,0,0,1.0,5.2
4810,,2019-09-27,2019-10-05,Mexico,"9,328",FloodList,Tropical Storm Narda,2,500,1.5,5.1
4805,,2019-09-25,2019-10-15,Nigeria,"88,015",FloodList,Heavy rain,2,"20,000",1.5,6.4
4802,,2019-09-24,2019-09-29,Oman,"72,576",FloodList,Tropical Storm Hikaa,0,10,1.5,5.8
4797,,2019-09-19,2019-09-22,United States of America,"33,024",FloodList,,6,0,2.0,5.4
4799,,2019-09-15,2019-09-22,India,"236,728",FloodList,Monsoonal Rain,0,"45,000",1.5,6.5
4798,,2019-09-13,2019-09-22,India,"180,234",FloodList,Monsoonal Rain,0,"4,500",1.5,6.4
4796,,2019-09-12,2019-09-14,Spain,"9,115",FloodList,Torrential rain,3,300,1.5,4.6
4808,,2019-09-10,2019-09-20,Senegal,"60,942",FloodList,Heavy rain,0,"4,500",1.0,5.8
4795,,2019-09-05,2019-09-14,Cambodia • Lao People's Democratic Republic,"146,786",FloodList,Heavy rain,7,"50,000",1.5,6.3
4790,,2019-09-01,2019-09-04,Bahamas,"1,721",FloodList,,5,"30,000",2.0,4.1
4791,,2019-09-01,2019-09-02,Algeria,"1,566",FloodList,Torrential rain,0,40,1.0,3.5
4794,,2019-09-01,2019-09-14,Nigeria • Niger,"1,048,397",FloodList,Heavy rain,57,"50,000",1.5,7.3
4789,,2019-08-28,2019-08-29,Japan,"10,883",FloodList,Heavy rain,2,"800,000",1.5,4.5
4787,,2019-08-25,2019-08-29,Mauritania,"25,277",FloodLIst,Heavy Ran,5,0,1.0,5.1
4793,,2019-08-25,2019-08-30,Russian Federation,"86,511",FloodList,Heavy rain,0,170,1.0,5.7
4788,,2019-08-20,2019-08-28,Morocco,"57,766",FloodList,Torrential rain,7,0,1.0,5.7
4792,,2019-08-19,2019-08-22,Central African Republic,"70,470",FloodList,Heavy rain,1,725,1.0,5.5
4786,,2019-08-07,2019-08-29,Sudan,"228,504",FloodList,Heavy rain,54,"100,000",1.5,6.9
4780,,2019-08-06,2019-08-09,Italy,"14,811",FloodList,Torrential rain,0,146,1.0,4.8
4784,,2019-08-06,2019-08-09,India,"94,519",FloodList,Monsoonal Rain,0,"22,000",1.5,5.8
4785,,2019-08-05,2019-08-09,India,"302,736",FloodList,Monsoonal Rain,25,"112,500",1.5,6.4
4779,,2019-08-04,2019-08-09,Guatemala,"16,345",FloodList,Torrential rain,0,300,1.0,5.0
4782,,2019-08-01,2019-08-09,Nigeria,"106,019",FloodList,Heavy rain,7,"6,000",1.5,6.2
4778,,2019-07-30,2019-08-09,Yemen,"30,369",FloodList,Torrential rain,12,500,1.5,5.7
4783,,2019-07-22,2019-08-01,Brazil,"57,167",FloodLIst,Heavy rain,8,0,1.5,6.0
4781,,2019-07-15,2019-08-09,Myanmar,"176,886",FloodList,Monsoonal Rain,0,"46,000",1.5,6.8
4768,,2019-07-11,2019-07-13,Nepal,"87,391",FloodList,Monsoonal Rain,30,300,1.5,5.6
4769,,2019-07-10,2019-07-13,Bangladesh,"34,210",FloodList,Monsoonal Rain,0,"10,000",1.0,5.1
4770,,2019-07-10,2019-07-12,United States of America,"25,783",FloodList,Torrential rain,2,100,1.5,5.1
4771,,2019-07-09,2019-07-13,United States of America,"58,048",FloodList,Torrential rain,0,50,1.5,5.6
4773,,2019-07-07,2019-07-13,Pakistan,"30,502",FloodList,Glacial Lake Outburst,0,100,2.0,5.6
4774,,2019-07-01,2019-07-13,China,"364,956",FloodList,Monsoonal Rain,0,"6,351",1.0,6.7
4775,,2019-07-01,2019-07-05,India,"113,846",FloodList,Torrential rain,36,0,1.5,5.9
4776,,2019-06-28,2019-07-10,Japan,"32,382",FloodList,Heavy rain,0,"1,000,000",2.0,5.9
4772,,2019-06-27,2019-07-13,India,"67,023",FloodList,Monsoonal Rain,3,"50,000",1.0,6.1
4777,,2019-06-25,2019-07-10,Russian Federation,"413,323",FloodList,Heavy rain,18,"3,000",1.5,7.0
4760,,2019-06-21,2019-06-23,Colombia,"193,568",FloodList,Torrential rain,2,0,1.0,5.8
4761,,2019-06-21,2019-06-24,Switzerland,"5,259",FloodList,Torrential rain,0,0,1.0,4.3
4762,,2019-06-19,2019-06-24,Hungary,"14,047",FloodList,Heavy rain,0,0,1.0,4.9
4763,,2019-06-19,2019-06-23,Poland,"20,827",FloodList,Torrential rain,0,20,1.0,5.0
4764,,2019-06-18,2019-06-20,Türkiye,"12,361",FloodList,Torrential rain,3,0,1.5,4.7
4766,,2019-06-15,2019-06-19,Mongolia,"85,984",FloodList,Heavy rain,0,0,1.0,5.6
4767,,2019-06-11,2019-06-24,Uruguay,"38,380",FloodList,Heavy rain,0,"5,400",1.5,5.9
4755,,2019-06-07,2019-06-10,China,"470,032",FloodList,Monsoonal Rain,13,"50,000",1.5,6.5
4754,,2019-06-04,2019-06-10,Tajikistan • Afghanistan,"106,546",FloodList,Torrential rain,5,40,1.5,6.0
4757,,2019-06-03,2019-06-10,Libya,"151,027",FloodList,Heavy rain,2,"3,000",1.5,6.3
4765,,2019-06-03,2019-06-23,Philippines,"5,390",FloodList,Heavy rain,0,"45,000",1.5,5.2
4758,,2019-06-02,2019-06-06,Mexico,"34,620",FloodLIst,Torrential rain,5,"2,000",1.5,5.4
4759,,2019-06-01,2019-06-05,Bosnia and Herzegovina • Serbia,"27,245",Flood List,Heavy rain,0,159,1.0,5.1
4756,,2019-05-31,2019-06-10,Romania,"88,755",FloodList,Heavy rain,0,260,1.0,6.0
4752,,2019-05-24,2019-05-27,India,"9,468",FloodLIst,Heavy rain,0,750,1.5,4.8
4750,,2019-05-22,2019-05-27,Saudi Arabia,"238,157",FloodLIst,Torrential rain,1,36,1.0,6.2
4753,,2019-05-22,2019-05-26,Afghanistan,"133,360",FloodList,Torrential rain,24,"1,500",1.5,6.0
4751,,2019-05-20,2019-05-27,United States of America,"250,079",FloodLIst,Heavy rain,0,"4,000",2.0,6.6
4749,,2019-05-12,2019-05-14,Italy,"22,050",FloodList,Heavy rain,0,20,1.0,4.8
4748,,2019-05-06,2019-05-14,United States of America,"79,588",FloodList,Torrential rain,4,0,1.5,6.0
4746,,2019-05-03,2019-05-07,India • Bangladesh,"123,330",FloodList,Tropical cyclone,43,"1,400,000",1.5,6.0
4745,,2019-04-30,2019-05-07,Mozambique,"194,823",FloodList,Tropical Storm Kenneth,38,"20,000",1.5,6.4
4747,,2019-04-30,2019-06-10,United States of America,"429,707",FloodList,Heavy rain,2,0,1.5,7.4
4741,,2019-04-22,2019-04-23,South Africa,"331,714",FloodList,Torrential rain,5,500,1.5,6.0
4743,,2019-04-20,2019-04-23,Argentina,"490,724",FloodList,Torrential rain,2,"1,800",1.5,6.5
4744,,2019-04-19,2019-04-23,Canada,"28,713",International Charter,Heavy rain,1,"1,500",1.5,5.3
4742,,2019-04-18,2019-04-23,Spain,"53,291",FloodList,Torrential rain,0,100,1.5,5.7
4739,,2019-04-11,2019-04-20,China,"73,167",FloodList,Heavy rain,7,0,1.0,5.9
4740,,2019-04-07,2019-04-10,Brazil,"8,934",FloodList,Torrential rain,10,0,1.0,4.6
4738,,2019-04-01,2019-04-20,Colombia,"517,908",FloodList,Torrential rain,10,0,1.0,7.0
4735,,2019-03-29,2019-04-02,Peru,"659,471",FloodList,Heavy rain,0,150,1.0,6.5
4733,,2019-03-25,2019-03-27,New Zealand,"36,525",FloodList,Torrential rain,1,0,1.5,5.2
4737,,2019-03-23,2019-03-29,Burundi,"9,362",FloodList,Torrential rain,0,25,1.0,4.8
4734,,2019-03-17,2019-04-02,Iran (Islamic Republic of) • Afghanistan,"986,684",FloodList,Heavy rain,101,"56,000",1.5,7.4
4736,,2019-03-15,2019-04-02,Paraguay • Bolivia (Plurinational State of),"259,389",FloodList,Heavy rain,0,250,1.0,6.7
4730,,2019-03-13,2019-04-02,United States of America,"492,797",FloodList,,3,0,2.0,7.3
4732,,2019-03-12,2019-03-15,South Africa,"11,617",FloodList,Torrential rain,3,0,1.0,4.7
4731,,2019-03-10,2019-03-14,Brazil,"20,310",FloodList,Heavy rain,12,"1,300",1.0,5.0
4728,,2019-02-28,2019-03-01,Israel • Jordan,"3,421",FloodList,Torrential rain,0,0,1.5,4.0
4729,,2019-02-26,2019-03-02,Afghanistan • Pakistan,"441,236",FloodLIst,Torrential rain,50,"2,000",1.5,6.5
4727,,2019-02-25,2019-03-04,United States of America,"21,540",FloodLIst,Heavy rain,1,"8,000",1.5,5.4
4723,,2019-02-12,2019-02-18,Greece,"5,176",FloodList,Torrential rain,4,0,1.0,4.6
4724,,2019-02-12,2019-02-18,Zimbabwe,"154,678",FloodList,Heavy rain,2,300,1.5,6.2
4725,,2019-02-11,2019-03-27,Malawi • Mozambique,"77,813",FloodList,Heavy rain,900,"100,000",2.0,6.8
4722,,2019-02-09,2019-02-20,Ecuador,"68,562",FloodList,Heavy rain,0,0,1.0,5.9
4717,,2019-01-26,2019-01-29,Saudi Arabia,"632,316",FloodList,Torrential rain,1,100,1.0,6.4
4718,,2019-01-26,2019-01-29,Philippines,"43,547",FloodList,Heavy rain,0,"20,000",1.5,5.4
4719,,2019-01-26,2019-01-29,Australia,"51,581",FloodLIst,Heavy rain,0,0,1.5,5.5
4726,,2019-01-26,2019-02-19,Chile • Peru,"272,110",FloodList,Heavy rain,6,600,1.5,7.0
4720,,2019-01-25,2019-01-29,Brazil,"9,423",FloodList,Dam Break,60,0,1.5,4.8
4721,,2019-01-22,2019-01-25,Spain,"6,802",Flood List,Heavy rain,4,0,1.0,4.4
4716,,2019-01-09,2019-01-11,Mozambique • Malawi,"357,274",FloodList,Heavy rain,20,50,1.5,6.2
4712,,2019-01-04,2019-01-07,Thailand • Malaysia,"78,111",FloodList,Tropical Storm Pabuk,3,"45,000",1.5,5.7
4713,,2018-12-29,2019-01-07,Philippines,"45,872",FloodList,Tropical Storm  Usman,100,"80,000",1.5,5.8
4714,,2018-12-22,2018-12-26,Sri Lanka,"49,074",FloodList,Heavy rain,2,"11,000",1.5,5.6
4715,,2018-12-22,2018-12-23,Indonesia,"12,324",FloodList,Tsunami,373,"1,600",2.0,4.7
4709,,2018-12-06,2018-12-12,Viet Nam,"13,985",FloodList,Heavy rain,2,400,1.5,5.2
4708,,2018-12-05,2018-12-10,Indonesia,"136,440",FloodList,Heavy rain,9,236,1.0,5.9
4710,,2018-12-05,2018-12-10,Cyprus • Israel,"14,895",FloodList,Heavy rain,4,0,1.5,5.1
4711,,2018-12-05,2018-12-10,United States of America,"72,393",FloodList,Heavy rain,0,0,1.5,5.8
4707,,2018-11-28,2018-11-29,Australia,"61,400",FloodList,Torrential rain,0,0,1.5,5.3
4704,,2018-11-24,2018-11-29,Viet Nam,"121,112",FloodList,Tropical Storm Usagi,1,"100,000",1.0,5.9
4706,,2018-11-24,2018-11-28,Ecuador,"70,608",FloodList,Heavy rain,9,150,1.0,5.5
4705,,2018-11-22,2018-11-27,Iraq • Iran (Islamic Republic of),"256,783",FloodList,Heavy rain,22,"3,000",1.5,6.4
4701,,2018-11-03,2018-11-07,Italy,"21,689",FloodList,Torrential rain,12,200,1.5,5.2
4700,,2018-11-01,2018-11-07,Indonesia,"22,664",FloodList,Heavy rain,4,0,1.0,5.2
4702,,2018-11-01,2018-11-07,Sudan,"74,505",FloodList,Heavy rain,4,300,1.0,5.7
4703,,2018-10-29,2018-11-07,Paraguay,"97,154",FloodList,Heavy rain,0,"10,000",1.0,6.0
4699,,2018-10-27,2018-11-05,Italy • Slovenia,"56,625",FloodList,Heavy rain,11,0,1.0,5.8
4696,,2018-10-24,2018-10-27,United States of America,"83,021",River Gauging,Heavy rain,0,0,1.0,5.5
4695,,2018-10-23,2018-10-27,Mexico,"284,824",News Reports,Tropical Storm Willa,0,0,1.5,6.3
4697,,2018-10-23,2018-10-27,Russian Federation,"65,880",FloodList,Heavy rain,6,750,1.5,5.7
4698,,2018-10-18,2018-10-22,Spain,"86,600",FloodList,Torrential rain,1,36,1.5,5.8
4692,,2018-10-17,2018-10-21,Tunisia,"55,224",FloodList,Heavy RAin,5,0,1.5,5.6
4693,,2018-10-15,2018-10-17,United States of America,"52,971",FloodList,Torrential rain,4,0,1.5,5.4
4694,,2018-10-14,2018-10-17,Yemen • Oman,"95,755",FloodList,Tropical Storm Luban,3,0,1.5,5.8
4685,,2018-10-11,2018-10-12,Uganda,"25,613",FloodLIst,Torrential rain,34,0,1.0,4.7
4686,,2018-10-11,2018-10-12,India,"87,683",FloodList,Tropical Storm Titli,7,"300,000",1.5,5.4
4687,,2018-10-10,2018-10-12,United States of America,"289,140",FloodList,,0,"5,000",1.5,6.1
4688,,2018-10-09,2018-10-11,Spain,"2,882",FloodList,Torrential rain,5,200,1.5,4.1
4690,,2018-10-05,2018-10-06,Iran (Islamic Republic of),"340,197",FloodList,Torrential rain,9,143,1.0,5.8
4691,,2018-10-05,2018-10-21,Colombia,"19,329",FloodLIst,Heavy rain,0,0,1.0,5.5
4689,,2018-10-02,2018-10-04,Sri Lanka,"29,246",FloodList,Torrential rain,9,"5,000",1.5,5.1
4681,,2018-09-30,2018-10-02,Greece,"61,578",FloodList,Storm Zorba,0,0,1.0,5.3
4680,,2018-09-29,2018-10-02,Uruguay,"141,701",FloodList,Heavy rain,4,36,1.0,5.8
4682,,2018-09-28,2018-09-29,Indonesia,"11,468",FloodList,Tsunami,800,"17,000",2.0,4.7
4678,,2018-09-26,2018-09-28,United States of America,"8,944",FloodList,Torrential rain,1,40,1.5,4.6
4677,,2018-09-25,2018-09-28,Venezuela (Bolivarian Republic of),"3,147",FloodList,Torrential rain,2,"1,000",1.0,4.1
4679,,2018-09-24,2018-09-28,United States of America,"7,689",FloodList,Torrential rain,0,0,1.5,4.8
4684,,2018-09-23,2018-10-02,India,"114,348",FloodList,Torrential rain,28,935,1.0,6.1
4676,,2018-09-15,2018-10-02,United States of America,"95,203",FloodList,,12,"1,500,000",2.0,6.5
4671,,2018-09-03,2018-09-07,Mexico,"7,484",FloodList,Torrential rain,0,20,1.0,4.6
4672,,2018-09-01,2018-09-07,United States of America,"40,006",FloodList,Torrential rain,0,300,1.5,5.6
4673,,2018-09-01,2018-09-07,India,"70,860",FloodList,Monsoonal Rain,20,"1,000",1.5,5.9
4683,,2018-09-01,2018-10-02,Ghana,"83,998",FloodList,Heavy rain,34,"100,000",1.5,6.6
4669,,2018-08-31,2018-09-01,United States of America,"25,378",FloodList,Torrential rain,1,0,1.5,4.9
4674,,2018-08-24,2018-09-06,Democratic People's Republic of Korea,"25,734",FloodList,Heavy rain,76,"58,000",1.5,5.7
4670,,2018-08-22,2018-08-31,United States of America,"7,452",FloodList,,0,50,2.0,5.2
4667,,2018-08-20,2018-10-02,Nigeria,"257,477",FloodList,Heavy rain,108,"148,000",2.0,7.4
4675,,2018-08-15,2018-09-07,India • Myanmar,"28,865",FloodList,Monsoonal Rain,11,"2,000",1.5,6.0
4659,,2018-08-09,2018-08-10,France,"56,965",FloodList,Torrential rain,0,"1,600",1.5,5.2
4661,,2018-08-07,2018-08-09,Canada,"4,708",FloodList,Torrential rain,0,0,1.0,4.1
4663,,2018-08-07,2018-08-10,India,"24,440",Flood List,Monsoonal Rain,20,"1,000",1.5,5.2
4664,,2018-08-07,2018-08-10,Türkiye,"23,112",FloodList,Heavy rain,0,300,1.5,5.1
4660,,2018-08-02,2018-08-09,Algeria,"349,302",FloodList,Heavy rain,5,0,1.5,6.6
4665,,2018-08-02,2018-08-10,India,"73,329",FloodList,Monsoonal Rain,0,"25,000",1.5,6.0
4668,,2018-08-01,2018-09-04,Sudan,"629,242",FloodList,Heavy rain,23,"4,500",1.5,7.5
4662,,2018-07-26,2018-09-04,Colombia • Venezuela (Bolivarian Republic of),"138,376",FloodList,Heavy rain,0,"5,000",1.5,6.9
4658,,2018-07-22,2018-07-25,Lao People's Democratic Republic,"14,503",News,Xe-Pian Xe-Namnoy Dam Break,20,"6,600",2.0,5.1
4648,,2018-07-18,2018-07-23,Liberia,"16,572",FloodList,Monsoonal Rain,0,0,1.0,5.0
4657,,2018-07-18,2018-07-20,Slovakia,"21,245",FloodList,Heavy rain,0,300,1.5,5.0
4651,,2018-07-17,2018-07-19,United States of America,"5,095",FloodList,Torrential rain,0,0,1.5,4.4
4652,,2018-07-17,2018-07-23,Cambodia,"24,115",FloodList,Tropical Storm  Son-Tinh,0,"6,800",1.5,5.4
4653,,2018-07-17,2018-07-23,Viet Nam,"42,662",FloodList,Tropical Storm Son-Tinh,5,"1,400",1.5,5.7
4666,,2018-07-15,2018-08-10,Myanmar,"46,815",FloodList,Monsoonal Rain,11,"120,000",1.5,6.3
4649,,2018-07-13,2018-07-17,Nigeria,"62,900",FloodList,Torrential rain,48,0,2.0,5.8
4650,,2018-07-13,2018-07-17,Côte d’Ivoire,"58,302",FloodList,Torrential rain,2,200,1.5,5.6
4655,,2018-07-12,2018-07-19,China,"525,500",FloodList,Monsoonal Rain,15,"100,000",1.5,6.8
4654,,2018-07-11,2018-07-19,Mongolia,"188,249",FloodList,Heavy rain,0,30,1.0,6.2
4647,,2018-07-09,2018-07-11,Dominican Republic,"21,590",FloodList,,0,"8,000",1.0,4.8
4656,,2018-07-09,2018-07-19,India,"153,840",FloodList,Monsoonal Rain,12,"34,000",1.5,6.4
4644,,2018-07-06,2018-07-11,India,"116,871",FloodLIst,Monsoonal Rain,1,300,1.5,6.0
4643,,2018-07-05,2018-07-11,Japan,"109,672",FloodList,Tropical Storm Praipiroon,80,"1,500,000",2.0,6.2
4645,,2018-07-03,2018-07-11,Pakistan,"148,548",FloodLIst,Monsoonal Rain,6,13,1.0,6.1
4646,,2018-07-01,2018-07-11,Nepal,"85,852",FloodLIst,Monsoonal Rain,12,100,1.0,6.0
4638,,2018-06-28,2018-07-02,Ghana,"23,281",FloodList,Heavy rain,5,500,1.5,5.2
4642,,2018-06-28,2018-07-02,Bulgaria • Romania,"78,520",FloodLIst,Torrential rain,0,"2,100",1.5,5.8
4640,,2018-06-25,2018-07-11,India • Pakistan,"25,994",FloodList,Monsoonal Rain,3,0,1.0,5.6
4641,,2018-06-22,2018-07-02,India,"57,211",FloodList,Monsoonal Rain,20,0,1.0,5.8
4637,,2018-06-20,2018-07-02,United States of America,"13,709",FloodList,Heavy rain,1,100,1.5,5.4
4631,,2018-06-18,2018-06-19,Ghana • Côte d’Ivoire,"58,480",FloodList,Torrential rain,21,115,1.0,5.1
4639,,2018-06-18,2018-06-27,Sudan,"210,194",FloodList,Torrential rain,0,"2,500",1.0,6.3
4633,,2018-06-16,2018-06-19,United States of America,"10,654",FloodLIst,Torrential rain,0,0,1.0,4.6
4632,,2018-06-15,2018-06-20,Myanmar,"98,881",FloodList,Monsoonal Rain,1,"1,000",1.5,5.9
4634,,2018-06-12,2018-06-20,India,"209,441",FloodList,Monsoonal Rain,20,"800,000",1.5,6.5
4636,,2018-06-11,2018-06-13,New Zealand,"21,532",FloodList,Heavy rain,0,500,1.5,5.0
4628,,2018-06-03,2018-06-04,France,"12,920",FloodList,Heavy rain,0,20,1.0,4.4
4629,,2018-06-02,2018-06-04,Spain,"48,492",FloodList,Heavy rain,0,10,1.0,5.2
4630,,2018-06-02,2018-06-04,United States of America,"20,688",FloodLIst,Heavy rain,0,0,1.5,5.0
4635,,2018-06-02,2018-06-10,China • Viet Nam,"138,371",FloodList,Tropical Storm Ewiniar,0,"73,000",1.5,6.3
4622,,2018-05-29,2018-05-30,India,"116,730",FloodList,Torrential rain,3,300,1.5,5.5
4625,,2018-05-27,2018-05-31,United States of America,"221,576",FloodList,,3,"23,000",1.5,6.2
4626,,2018-05-27,2018-05-28,United States of America,"1,508",FloodList,Torrential rain,1,200,2.0,3.8
4627,,2018-05-23,2018-05-25,Iran (Islamic Republic of),"53,067",FloodLIst,Torrential rain,1,89,1.5,5.4
4623,,2018-05-22,2018-05-27,Uganda,"10,890",FloodList,Heavy rain,0,600,1.0,4.8
4615,,2018-05-20,2018-05-22,Russian Federation,"24,823",News,Torrential rain,0,0,1.5,5.0
4617,,2018-05-20,2018-05-22,Bangladesh,"3,882",News,Torrential rain,21,"14,000",1.5,4.2
4619,,2018-05-20,2018-05-22,Sri Lanka,"41,088",News,Monsoonal Rain,8,0,1.0,5.1
4624,,2018-05-19,2018-05-21,Somalia • Yemen,"355,540",FloodList,Tropical Storm Sagar,25,"8,000",1.5,6.2
4620,,2018-05-18,2018-05-22,Guatemala,"67,482",FloodLIst,Heavy rain,1,150,1.0,5.5
4611,,2018-05-12,2018-05-14,Sri Lanka,"19,207",FloodList,Torrential rain,0,0,1.0,4.8
4613,,2018-05-12,2018-05-14,China,"109,610",FloodList,Heavy rain,3,"6,100",1.5,5.7
4612,,2018-05-10,2018-05-14,Canada • United States of America,"78,669",FloodList,Heavy rain,0,"4,000",1.0,5.6
4614,,2018-05-10,2018-05-13,Australia,"24,540",FloodList,Torrential rain,0,20,1.0,5.0
4618,,2018-05-10,2018-05-22,United States of America,"33,123",News,Heavy rain,0,0,1.5,5.8
4621,,2018-05-09,2018-05-22,Afghanistan,"184,397",FloodList,Torrential rain,72,"4,000",1.5,6.6
4610,,2018-05-07,2018-05-14,United States of America,"55,438",News,Heavy rain,0,195,1.0,5.6
4616,,2018-05-06,2018-05-22,Türkiye,"81,516",News,Heavy rain,0,0,1.5,6.3
4609,,2018-04-29,2018-04-30,Netherlands (Kingdom of the) • Belgium,"40,284",FloodList,Torrential rain,5,0,1.5,5.1
4602,,2018-04-28,2018-05-01,Burundi,"8,959",FloodList,Torrential rain,0,"2,576",1.0,4.6
4604,,2018-04-24,2018-04-28,Algeria,"132,889",FloodList,Torrential rain,6,200,1.5,6.0
4608,,2018-04-24,2018-04-27,Israel • Egypt,"17,900",FloodLIst,Torrential rain,12,0,1.5,5.0
4603,,2018-04-23,2018-04-25,Rwanda,"14,768",FloodList,Torrential rain,18,360,1.5,4.8
4606,,2018-04-23,2018-05-02,Somalia,"163,423",FloodList,Heavy rain,5,"50,000",1.0,6.2
4605,,2018-04-15,2018-05-02,Kenya,"265,957",FloodList,Heavy rain,72,"211,000",1.5,6.9
4598,,2018-04-14,2018-04-17,United Republic of Tanzania,"7,630",FloodList,Heavy rain,9,0,1.0,4.5
4601,,2018-04-14,2018-04-17,United States of America,623,FloodList,Heavy rain,0,0,1.0,3.4
4600,,2018-04-12,2018-04-17,Spain,"54,744",FloodList,Heavy rain,1,0,1.5,5.7
4599,,2018-04-11,2018-04-17,Malawi,"37,320",FloodList,Heavy rain,4,"1,000",1.5,5.6
4594,,2018-04-03,2018-04-08,United States of America,"58,373",FloodList,Torrential rain,0,12,1.5,5.7
4595,,2018-04-03,2018-04-06,Argentina • Chile,"30,966",FloodList,Torrential rain,0,50,1.5,5.3
4596,,2018-03-26,2018-03-31,Russian Federation,"172,030",FloodList,Heavy rain,0,"1,029",1.0,6.0
4597,,2018-03-25,2018-04-08,Greece • Bulgaria,"12,826",FloodList,Heavy rain,0,0,1.5,5.5
4588,,2018-03-22,2018-03-24,South Africa,"57,945",FloodLIst,Torrential rain,0,0,1.5,5.4
4589,,2018-03-21,2018-03-24,United States of America,"51,513",FloodList,Heavy rain,0,"30,000",1.5,5.5
4591,,2018-03-20,2018-03-22,Brazil,"131,278",FloodList,Torrential rain,3,"1,000",1.0,5.6
4592,,2018-03-18,2018-03-20,Uruguay,"54,637",FloodList,Heavy rain,0,70,1.0,5.2
4590,,2018-03-16,2018-03-23,Madagascar,"258,959",FloodList,Tropical Storm Eliakim,17,"6,000",1.5,6.5
4593,,2018-03-15,2018-03-20,Dominican Republic,"3,228",FloodList,Torrential rain,0,0,1.5,4.5
4587,,2018-03-14,2018-03-16,Romania,"24,193",FloodList,Heavy rain,0,400,1.0,4.9
4581,,2018-03-10,2018-03-14,Croatia • Bosnia and Herzegovina,"27,950",FloodList,Heavy rain,0,10,1.0,5.1
4578,,2018-03-09,2018-03-14,Kazakhstan,"331,425",FloodList,Heavy rain,0,400,1.0,6.3
4580,,2018-03-07,2018-03-14,Albania,"10,317",FloodList,Heavy rain,0,800,1.0,4.9
4582,,2018-03-07,2018-03-10,New Zealand,"12,116",FloodList,Torrential rain,0,0,1.5,4.9
4579,,2018-03-05,2018-03-26,Australia,"105,583",FloodList,Heavy rain,0,100,1.5,6.5
4584,,2018-03-05,2018-03-06,Indonesia,"3,938",FloodList,Torrential rain,0,"3,000",1.5,4.1
4585,,2018-03-03,2018-03-14,Malawi,"60,622",FloodList,Heavy rain,0,200,1.0,5.9
4586,,2018-03-01,2018-03-14,Angola,"462,991",FloodList,Heavy rain,8,"3,000",1.5,7.0
4607,,2018-02-28,2018-04-29,Argentina,"15,207",FloodList,Torrential rain,2,"1,200",1.5,6.1
4583,,2018-02-26,2018-03-02,Greece,"4,560",FloodLIst,Heavy RAin,0,30,1.0,4.4
4572,,2018-02-20,2018-02-21,New Zealand,"85,443",FloodList,Tropical Storm Gita,0,0,1.0,5.2
4573,FL-2018-000018-MOZ,2018-02-19,2018-02-21,Mozambique,"97,823",FloodList,Heavy rain,17,300,1.0,5.5
4575,,2018-02-19,2018-02-21,United States of America,"71,930",News,Heavy rain,2,50,1.5,5.5
4574,,2018-02-18,2018-02-21,Australia,"332,481",FloodList,Tropical Storm Kelvin,0,0,1.0,6.1
4576,,2018-02-14,2018-02-16,Brazil,"55,139",FloodList,Torrential rain,4,0,1.5,5.4
4568,,2018-02-10,2018-02-11,Malta,140,FloodList,Torrential rain,0,0,1.5,2.6
4571,,2018-02-10,2018-02-12,United States of America,"49,388",News,Heavy rain,0,100,1.0,5.2
4577,FL-2018-000015-BOL,2018-02-10,2018-02-21,Bolivia (Plurinational State of),"245,648",News,Heavy rain,6,"12,000",1.5,6.6
4567,,2018-02-03,2018-02-12,Malaysia,"74,296",FloodList,Heavy rain,0,"4,900",1.0,5.9
4569,FL-2018-000014-ARG,2018-02-01,2018-02-21,Argentina,"234,623",FloodList and News,Heavy rain,0,"10,000",1.5,6.9
4570,,2018-02-01,2018-02-14,Malawi,"25,660",FloodList,Heavy rain,1,300,1.0,5.6
4566,,2018-01-24,2018-01-29,France,"72,016",FloodList,Heavy rain,0,"1,000",1.5,5.8
4563,,2018-01-21,2018-01-22,United Kingdom of Great Britain and Northern Ireland • Ireland,"28,305",News,Torrential rain,0,30,1.0,4.8
4561,,2018-01-18,2018-01-21,Mauritius • Réunion,"4,749",News,Heavy rain,0,223,1.0,4.3
4564,,2018-01-14,2018-02-21,Mozambique,"186,617",FloodLIst and GLIDE,Heavy rain,14,"28,000",1.5,7.0
4565,,2018-01-14,2018-01-24,Burundi,"18,675",FloodList,Heavy rain,0,"2,000",1.0,5.3
4562,,2018-01-13,2018-01-22,Paraguay,"2,924",News,Heavy rain,0,"5,000",1.0,4.5
4560,,2018-01-09,2018-01-11,United States of America,"12,771",News,Torrential rain,15,"1,200",2.0,4.9
4559,TC-2018-0000001-MDG,2018-01-05,2018-01-08,Madagascar,"166,874",News,Tropical Storm Ava,6,"15,000",1.5,6.0
4556,,2018-01-03,2018-01-05,Democratic Republic of the Congo • Congo,"5,597",News,Torrential rain,37,0,1.5,4.4
4557,,2018-01-02,2018-01-04,Ireland • United Kingdom of Great Britain and Northern Ireland • France,"103,274",News,Tidal surge,2,0,1.5,5.7
4558,,2018-01-01,2018-01-05,Malaysia,"117,492",News,Monsoonal Rain,2,"12,000",1.5,5.9
4555,TC-2017-000182-PHL,2017-12-22,2017-12-27,Philippines,"49,721",News,Tropical Storm Tembin,160,"140,000",2.0,5.8
4552,TC-2017-000180-PHL,2017-12-16,2017-12-19,Philippines,"47,769",News,Tropical Storm Kai-Tak,27,"230,000",1.5,5.5
4553,,2017-12-16,2017-12-19,Malawi,"11,840",News,Torrential rain,6,0,1.0,4.7
4554,,2017-12-16,2017-12-17,Oman • United Arab Emirates,"50,430",News,Torrential rain,3,200,1.0,5.0
4551,,2017-12-12,2017-12-13,Italy,"27,560",News,Heavy rain,0,"1,000",1.5,4.9
4549,,2017-12-01,2017-12-05,Australia,"128,862",News,Heavy rain,0,50,1.0,5.8
4548,FL-2017-000-174-ALB,2017-11-30,2017-12-04,Albania,"10,463",News,Torrential rain,1,"4,000",1.5,4.9
4550,TC-2017-000172-LKA,2017-11-29,2017-12-04,Sri Lanka,"52,053",News,Tropical Storm Ockhi,13,"5,000",1.5,5.7
4544,,2017-11-27,2017-11-29,Indonesia,"46,292",News,Tropical Storm Cempaka,11,"4,000",1.0,5.1
4545,,2017-11-25,2017-11-29,Malaysia,"30,371",News,Heavy rain,2,"13,000",1.0,5.2
4546,,2017-11-25,2017-12-17,Thailand,"77,767",News,Heavy rain,5,0,1.0,6.3
4543,,2017-11-22,2017-11-26,United Kingdom of Great Britain and Northern Ireland • Ireland,"29,421",News,Heavy rain,0,100,1.0,5.2
4547,,2017-11-22,2017-11-25,United Kingdom of Great Britain and Northern Ireland,"40,144",News,Heavy rain,0,100,1.5,5.4
4542,,2017-11-21,2017-11-22,Saudi Arabia,"181,055",News,Torrential rain,3,50,1.0,5.6
4541,,2017-11-19,2017-11-24,Viet Nam,"27,646",News,Tropical Depression,4,"35,000",1.0,5.2
4540,,2017-11-14,2017-11-15,Greece,"2,571",News,Torrential rain,16,0,1.0,3.7
4537,,2017-11-07,2017-11-10,Colombia,"50,405",News,Heavy rain,4,200,1.5,5.5
4533,TC-2017-000159-VNM,2017-11-04,2017-11-08,Viet Nam,"52,430",News,Tropical Storm Damrey,89,"35,000",2.0,5.7
4534,,2017-11-03,2017-11-08,Malaysia,"37,944",News,Heavy rain,7,"10,000",2.0,5.7
4538,,2017-11-03,2017-11-11,Indonesia,"27,068",News,Heavy rain,9,"12,000",1.0,5.4
4539,,2017-11-03,2017-11-13,Sri Lanka,"22,923",News,Heavy rain,0,"1,700",1.0,5.4
4532,,2017-10-30,2017-11-08,India,"50,536",News,Heavy rain,4,"4,000",1.5,5.9
4531,FL-2017-000160-HND,2017-10-27,2017-11-08,Nicaragua • Honduras,"322,533",News,Heavy rain,5,150,1.5,6.8
4536,,2017-10-24,2017-10-26,Bulgaria,"18,170",News,Torrential rain,3,0,1.0,4.7
4535,,2017-10-16,2017-10-18,Australia,"140,813",News,Torrential rain,1,0,1.0,5.6
4529,,2017-10-15,2017-11-08,Thailand,"101,670",News,Heavy rain,10,"1,000",1.5,6.6
4524,TC-2017-000148-NIC,2017-10-06,2017-10-07,United States of America,"464,443",News,,22,"10,000",1.5,6.1
4525,,2017-09-26,2017-10-07,Mexico,"57,675",News,Heavy rain,2,800,1.5,6.0
4528,,2017-09-25,2017-09-26,Greece,254,News,Torrential rain,0,0,1.5,2.9
4526,,2017-09-24,2017-10-07,China,"283,444",News,Heavy rain,8,"20,000",1.5,6.8
4527,,2017-09-22,2017-09-24,Philippines,"10,300",News,Torrential rain,0,400,1.0,4.5
4523,TC-2017-0000136-ATG,2017-09-19,2017-10-07,Cuba,"49,677",News,Heavy rain,10,0,2.0,6.3
4520,,2017-09-17,2017-09-19,Japan,"175,094",News,Tropical Storm Talim,2,"4,000",1.5,5.9
4518,TC-2017-000131-VNM,2017-09-15,2017-09-19,Viet Nam • Philippines,"84,599",News,Tropical Storm Doksuri,4,"116,000",2.0,5.9
4522,,2017-09-11,2017-09-14,Croatia,"2,047",News,Torrential rain,0,0,1.5,4.1
4521,,2017-09-10,2017-09-14,Italy,"1,333",News,Torrential rain,6,0,1.5,4.0
4530,,2017-09-09,2017-09-12,South Africa,"13,535",News,Torrential rain,8,0,1.0,4.7
4516,TC-2017-000132-CUB,2017-09-08,2017-09-19,United States of America,"219,533",News,,84,"3,000",2.0,6.7
4517,FL-2017-000126-NGA,2017-09-01,2017-09-19,Nigeria,"86,947",News,Heavy rain,0,"10,000",1.0,6.2
4519,,2017-08-26,2017-09-15,Niger,"184,437",News,Heavy rain,44,"40,000",1.0,6.6
4510,,2017-08-25,2017-08-26,United States of America,"336,227",News,,0,0,2.0,6.1
4512,,2017-08-24,2017-08-26,Uganda,"59,268",News,Heavy rain,0,"2,000",1.0,5.2
4515,TC-2017-000120-CHN,2017-08-23,2017-08-26,China,"19,074",News,Tropical Storm Hato,16,0,2.0,5.2
4511,,2017-08-22,2017-08-26,Sudan • South Sudan,"986,534",News,Heavy rain,0,0,1.0,6.7
4513,,2017-08-22,2017-08-26,United Kingdom of Great Britain and Northern Ireland • Ireland,"29,171",News,Torrential rain,0,100,1.5,5.3
4514,,2017-08-22,2017-08-26,United States of America,"4,766",News,Torrential rain,1,36,1.5,4.6
4506,MS-2017-000109-SLE,2017-08-14,2017-08-15,Sierra Leone,"26,999",News,Torrential rain,400,"3,000",1.5,4.9
4509,FL-2017-000107-NPL,2017-08-11,2017-08-26,Nepal,"64,676",News,Monsoonal Rain,62,"1,500",1.5,6.2
4507,,2017-08-10,2017-08-26,India,"421,575",News,Monsoonal Rain,253,"422,106",2.0,7.2
4508,FL-2017-000108-BGD,2017-08-10,2017-08-26,Bangladesh,"100,010",News,Monsoonal Rain,117,"300,000",1.5,6.4
4505,TC-2017-000105-MEX,2017-08-09,2017-08-10,Mexico,"193,524",News,Tropical Storm Franklin,0,0,1.0,5.6
4502,,2017-08-07,2017-08-10,Russian Federation,"228,750",News,Heavy rain,0,"3,600",1.5,6.1
4495,,2017-08-04,2017-08-21,Venezuela (Bolivarian Republic of),"122,334",News,Heavy rain,0,"1,080",1.5,6.5
4501,,2017-08-03,2017-08-10,Pakistan,"42,979",News,Torrential rain,5,0,1.5,5.7
4500,FF-2017-000101-VNM,2017-08-02,2017-08-10,Viet Nam,"23,950",News,Heavy rain,12,"3,600",1.0,5.3
4496,FL-2017-000096-THA,2017-08-01,2017-08-10,Thailand,"20,159",News,Monsoonal Rain,15,0,1.0,5.3
4499,,2017-07-27,2017-08-10,India,"43,809",News,Monsoonal Rain,39,"47,000",1.0,5.8
4503,,2017-07-25,2017-07-29,Germany,"25,767",News,Heavy rain,0,12,1.5,5.3
4494,,2017-07-22,2017-07-23,United States of America,"3,337",News,Torrential rain,1,10,1.5,4.0
4497,,2017-07-22,2017-08-01,Japan,"10,724",News,Heavy rain,0,"20,000",1.5,5.2
4504,,2017-07-21,2017-07-25,New Zealand,"32,837",News,Heavy rain,0,880,1.5,5.4
4493,,2017-07-15,2017-07-16,United States of America,"9,111",News,Torrential rain,9,0,2.0,4.6
4498,,2017-07-15,2017-07-20,India,"31,956",News,Monsoonal Rain,94,"3,000",1.0,5.3
4492,,2017-07-08,2017-07-15,Nigeria,"24,145",News,Torrential rain,8,0,1.5,5.5
4490,,2017-06-30,2017-07-03,Nepal,"54,261",News,Torrential rain,11,"6,000",1.0,5.3
4489,,2017-06-25,2017-07-03,Pakistan,"222,047",News,Monsoonal Rain,11,"1,000",1.0,6.3
4488,,2017-06-22,2017-07-03,China,"551,385",News,Monsoonal Rain,28,"500,000",1.5,7.0
4487,,2017-06-14,2017-06-20,Chile,"71,430",News,Heavy rain,4,50,1.0,5.7
4486,FL-2017-000078-NER,2017-06-13,2017-07-03,Niger,"108,198",News,Heavy rain,14,"1,000",1.5,6.5
4491,,2017-06-13,2017-06-15,France,"45,514",News,Torrential rain,1,160,1.0,5.1
4485,,2017-06-12,2017-06-14,Philippines,"8,704",News,Heavy rain,0,0,1.0,4.4
4484,LS-2017-000068-BGD,2017-06-11,2017-06-14,Bangladesh,"30,486",News,Monsoonal Rain,60,0,1.5,5.3
4481,,2017-06-10,2017-06-14,Honduras,"5,489",News,Heavy rain,0,0,1.0,4.4
4482,,2017-06-02,2017-06-05,Taiwan (Province of China),"16,446",News,Torrential rain,1,"4,000",1.5,5.0
4483,FL-2017-000064-IND,2017-06-02,2017-07-03,India,"65,388",News,Monsoonal Rain,6,113,1.0,6.3
4480,,2017-06-01,2017-06-05,Mexico,"89,841",News,Tropical Storm Beatriz,0,0,1.0,5.7
4475,,2017-05-25,2017-06-14,Uruguay,"87,428",News,Heavy rain,0,"5,600",1.5,6.4
4479,FL-2017-000067-BRA,2017-05-25,2017-06-10,Brazil,"266,010",News,Heavy rain,7,"50,000",1.5,6.8
4474,,2017-05-23,2017-06-14,Sri Lanka,"42,726",News,Tropical Storm,0,212,1.5,6.2
4478,,2017-05-20,2017-05-25,Guyana,"131,888",News,Heavy rain,0,100,1.5,6.1
4477,,2017-05-19,2017-05-21,United States of America,"69,078",News,Torrential rain,0,0,1.0,5.3
4476,,2017-05-14,2017-05-19,South Africa,"213,687",News,Torrential rain,1,300,1.0,6.1
4473,,2017-05-11,2017-05-15,Chile,"157,699",News,Heavy rain,2,"3,000",1.5,6.1
4472,,2017-05-08,2017-05-15,Kenya,"55,028",News,Heavy rain,13,"6,000",1.0,5.6
4471,,2017-05-07,2017-05-15,China,"104,161",News,Heavy rain,0,"7,000",1.0,6.0
4470,,2017-05-05,2017-05-15,Canada,"79,149",News,Snowmelt and Heavy Rain,0,"3,641",1.5,6.1
4468,,2017-04-28,2017-05-02,United States of America,"482,099",News,Heavy rain,0,0,1.5,6.6
4469,,2017-04-26,2017-05-02,United States of America,"133,033",News,Heavy rain,1,0,1.5,6.1
4467,,2017-04-23,2017-05-02,Dominican Republic • Haiti,"24,677",News,Torrential rain,0,"17,145",1.5,5.6
4466,,2017-04-16,2017-05-02,Bangladesh • India,"37,655",News,Heavy rain,20,0,1.0,5.8
4463,FL-2017-000038-IRN,2017-04-15,2017-04-21,Iran (Islamic Republic of),"40,808",News,Torrential rain,42,0,2.0,5.8
4465,FL-2017-000040-KAZ,2017-04-14,2017-04-21,Kazakhstan,"397,488",News,Snowmelt,0,"7,000",1.5,6.7
4461,,2017-04-05,2017-04-21,New Zealand,"23,531",News,Heavy rain,0,"2,200",2.0,5.9
4462,,2017-04-05,2017-04-21,Argentina,"27,377",News,Heavy rain,1,"8,000",1.5,5.8
4464,FL-2017-000039-ARG,2017-04-05,2017-04-21,Argentina,"273,963",News,Heavy rain,0,0,1.5,6.8
4460,,2017-04-04,2017-04-18,Malawi,"24,406",News,Heavy rain,4,0,1.0,5.6
4456,MS-2017-000033-COL,2017-04-01,2017-04-08,Colombia,"28,634",News,Heavy rain,314,0,2.0,5.7
4459,,2017-03-30,2017-04-18,Bangladesh,"16,281",News,Heavy rain,0,0,1.0,5.5
4458,TC-2017-000031-AUS,2017-03-28,2017-04-08,Australia • New Zealand,"258,486",News,Tropical cyclone,6,"20,000",2.0,6.8
4457,,2017-03-21,2017-04-08,Angola,"24,003",News,Heavy rain,11,344,1.0,5.7
4454,,2017-03-18,2017-03-22,United States of America,"75,113",News,Heavy rain,0,0,1.0,5.6
4452,,2017-03-16,2017-03-22,Burundi,"18,863",News,Heavy rain,6,640,1.0,5.1
4451,,2017-03-13,2017-03-22,Australia,"138,000",News,Heavy rain,1,0,1.0,6.1
4453,,2017-03-13,2017-03-22,Spain,"28,021",News,Torrential rain,0,0,1.0,5.4
4455,FL-2017-000027-NAM,2017-03-09,2017-03-22,Namibia,"248,928",News,Heavy rain,0,0,1.0,6.5
4445,,2017-02-24,2017-03-03,Chile,"183,781",News,Heavy rain,3,"1,200",2.0,6.5
4448,,2017-02-23,2017-03-03,Colombia,"128,597",News,Heavy rain,1,"2,000",1.0,6.1
4447,,2017-02-21,2017-03-03,Indonesia,"40,254",News,Heavy rain,2,400,1.0,5.6
4446,FL-2017-000021-ZAF,2017-02-17,2017-03-03,South Africa,"226,180",News,Cyclone Dineo and heavy rain,3,0,1.0,6.5
4444,,2017-02-16,2017-03-03,United States of America,"126,995",News,Heavy rain,5,"14,000",1.5,6.5
4449,FL-2017-000020-ZWE,2017-02-16,2017-03-03,Zimbabwe,"163,761",News,Cyclone Dineo and heavy rain,246,900,1.5,6.6
4440,FL-2017-000010-PHL,2017-02-01,2017-02-07,Philippines,"30,389",News,Heavy rain,13,"334,000",1.5,5.5
4441,,2017-02-01,2017-02-07,Peru,"288,499",News,Heavy rain,1,"12,000",1.0,6.3
4450,FL-2017-000018-PER,2017-02-01,2017-03-22,Peru,"810,942",News,Heavy rain,78,"70,000",2.0,7.9
4443,,2017-01-23,2017-02-07,Malaysia,"78,810",News,Heavy rain,0,"5,000",1.0,6.1
4438,,2017-01-20,2017-01-21,United States of America,"74,443",News,Heavy rain,0,0,1.0,5.2
4436,,2017-01-16,2017-01-21,Philippines,"46,237",News,Heavy rain,4,"13,559",1.0,5.4
4437,,2017-01-07,2017-01-21,Honduras,"13,364",News,Heavy rain,7,400,1.0,5.3
4435,,2017-01-05,2017-01-21,Brazil • Argentina,"386,847",News,Heavy rain,0,0,1.0,6.8
4442,,2017-01-05,2017-02-07,Colombia,"117,321",News,Heavy rain,0,280,1.0,6.6
4434,,2017-01-04,2017-01-05,United States of America,"107,407",News,Heavy rain,0,0,1.5,5.5
4433,,2017-01-02,2017-01-05,Germany,"18,992",News,Winter Storm Axel,0,0,1.5,5.1
4439,FL-2017-000012-MOZ,2017-01-01,2017-02-07,Mozambique,"128,097",News,Heavy rain,6,"1,200",1.5,6.9
4431,,2016-12-31,2017-01-05,Malaysia,"43,580",News,Heavy rain,0,"25,000",1.5,5.6
4432,FL-2017-000004-THA,2016-12-31,2017-02-07,Thailand,"50,020",News,Heavy rain,96,"1,000,000",1.5,6.5
4430,,2016-12-28,2017-01-05,Türkiye,"99,220",News,Heavy rain,2,0,1.0,6.0
4427,,2016-12-26,2017-01-05,Argentina,"445,993",News,Heavy rain,1,700,1.5,6.9
4426,,2016-12-25,2017-01-12,Congo • Angola,"162,269",News,Heavy rain,50,"4,500",1.5,6.7
4428,,2016-12-25,2017-01-05,Australia,"1,155,717",News,Heavy rain,0,100,1.5,7.3
4429,FL-2016-000133-VNM,2016-12-13,2017-01-02,Viet Nam,"44,341",News,Heavy rain,19,0,1.5,6.1
4419,,2016-12-03,2016-12-07,Spain,"68,802",News,Torrential rain,0,2,1.5,5.7
4421,,2016-12-03,2016-12-07,Bolivia (Plurinational State of),"301,195",News,Heavy rain,0,4,1.0,6.2
4420,,2016-12-01,2016-12-07,Colombia,"22,579",News,Torrential rain,0,6,1.0,5.2
4423,,2016-12-01,2016-12-07,Thailand,"67,395",News,Monsoonal  Rain,11,0,1.5,5.8
4422,,2016-11-30,2016-12-07,Viet Nam,"37,985",News,Heavy rain,14,500,1.5,5.7
4424,,2016-11-28,2016-12-07,Malaysia,"20,486",News,Heavy rain,0,400,1.0,5.3
4425,,2016-11-26,2016-12-07,Greece • Türkiye,"36,417",News,Heavy rain,1,0,1.0,5.6
4418,TC-2016-000125-CRI,2016-11-24,2016-12-07,Costa Rica • Nicaragua,"69,966",News,Tropical Storm Otto,"4,000",13,1.5,6.2
4416,,2016-11-07,2016-11-10,Dominican Republic,"30,798",News,Heavy rain,0,"20,000",1.0,5.1
4417,,2016-11-07,2016-11-10,Albania • Montenegro,"16,543",News,Heavy rain,2,300,1.5,5.0
4415,,2016-11-05,2016-11-10,Haiti,"4,534",News,Heavy rain,10,0,1.0,4.4
4414,,2016-11-03,2016-11-10,Mexico,"322,162",News,Heavy rain,2,300,1.0,6.4
4411,FL-2016-000114-EGY,2016-10-28,2016-11-07,Egypt,"28,260",News,Torrential rain,22,0,1.5,5.7
4413,,2016-10-23,2016-11-10,Indonesia,"11,225",News,Heavy rain,2,"4,500",1.0,5.3
4406,,2016-10-12,2016-10-16,Ukraine,"19,889",News,Heavy rain,3,200,1.0,5.0
4407,,2016-10-12,2016-10-16,Spain,"13,989",News,Torrential rain,1,0,1.0,4.8
4400,,2016-10-11,2016-10-12,Canada,"17,109",News,Heavy rain,0,0,1.0,4.5
4412,,2016-10-10,2016-11-10,Argentina • Uruguay,"281,856",News,Heavy rain,0,50,1.5,7.1
4408,,2016-10-09,2016-10-16,Romania • Albania,"57,182",News,Heavy rain,1,300,1.0,5.7
4410,,2016-10-09,2016-11-10,Viet Nam,"63,642",News,Monsoonal Rain,21,"100,000",2.0,6.6
4403,,2016-10-06,2016-10-16,Thailand,"17,187",News,Monsoonal Rain,3,"100,000",1.5,5.5
4402,,2016-10-05,2016-10-16,United States of America,"138,622",News,,920,"6,000",2.0,6.5
4404,,2016-10-05,2016-10-12,Republic of Korea • Japan,"25,537",News,Tropial Storm Chyba,7,0,1.5,5.5
4409,,2016-10-01,2016-10-16,Australia,"113,091",News,Heavy rain,1,0,1.0,6.3
4401,,2016-09-29,2016-10-05,Mexico,"22,329",News,heavy Rain,5,"3,000",1.0,5.2
4405,,2016-09-21,2016-10-16,India,"137,435",News,Monsoonal Rain,17,"3,000",1.5,6.7
4394,,2016-09-20,2016-09-22,Indonesia,"32,276",News,Torrential rain,26,400,1.0,5.0
4395,,2016-09-20,2016-09-22,Japan,"139,835",News,Tropical Storm Malakas,0,"600,000",1.5,5.8
4396,TC-2016-000100-TWN,2016-09-17,2016-09-22,China • Taiwan (Province of China),"355,309",News,Tropical Storm Meranti,15,"1,500",1.5,6.5
4391,,2016-09-14,2016-09-22,Mali,"41,986",News,Heavy rain,0,0,1.5,5.8
4392,,2016-09-14,2016-09-22,Mexico,"127,234",News,Heavy rain,13,600,1.0,6.1
4399,,2016-09-10,2016-09-22,Australia,"634,200",News,Heavy rain,1,280,1.5,7.1
4397,FL-2016-000097-PRK,2016-09-05,2016-09-22,Democratic People's Republic of Korea,"52,546",News,Tropical Storm Lionrock,133,"107,000",1.5,6.2
4398,,2016-09-05,2016-09-08,Greece,"20,422",News,Torrential rain,4,200,1.5,5.1
4393,,2016-09-02,2016-09-10,United States of America,"92,386",News,,2,0,1.0,5.9
4389,,2016-08-24,2016-08-26,United States of America,"17,368",News,Torrential rain,1,0,1.5,4.9
4390,,2016-08-15,2016-08-26,Thailand,"62,208",News,Monsoonal Rain,0,0,1.0,5.9
4388,,2016-08-14,2016-08-26,United States of America,"19,554",News,Heavy rain,13,"40,000",2.0,5.7
4383,,2016-08-01,2016-08-03,India,"377,733",News,Monsoonal Rain,20,0,1.5,6.2
4386,,2016-07-30,2016-07-31,United States of America,"4,161",News,Torrential rain,2,0,2.0,4.2
4385,FL-2016-000084-PHL,2016-07-29,2016-08-03,Philippines,"10,618",News,Monsoonal Rain,0,"260,000",1.0,4.8
4381,,2016-07-25,2016-08-03,South Africa,"22,841",News,Heavy rain,7,0,1.0,5.4
4382,FL-2016-000075-BGD,2016-07-25,2016-08-26,Bangladesh,"45,667",News,Monsoonal Rain,42,"25,000",1.5,6.4
4387,FL-2016-000077-BTN,2016-07-21,2016-08-03,Bhutan,"17,884",News,Monsoonal Rain,4,0,1.5,5.6
4376,,2016-07-18,2016-07-19,Malaysia,"36,060",News,Torrential rain,0,441,1.0,4.9
4384,FL-2016-000094-IND,2016-07-15,2016-09-22,India,"90,614",News,Monsoonal Rain,127,"377,097",1.5,7.0
4379,,2016-07-13,2016-07-19,Australia,"27,187",News,Heavy rain,0,0,1.0,5.3
4374,FL-2016-000072-SDN,2016-07-11,2016-08-26,Sudan,"541,382",News,Heavy rain,114,"100,000",1.0,7.4
4377,,2016-07-11,2016-07-19,Indonesia,"16,148",News,Heavy rain,0,"1,354",1.0,5.2
4375,,2016-07-09,2016-07-19,Nicaragua • Guatemala,"69,294",News,Torrential rain,0,"5,000",1.0,5.9
4378,,2016-07-07,2016-08-03,India,"167,030",News,Monsoonal Rain,20,"15,000",1.5,6.8
4373,FL-2016-000068-NPL,2016-07-04,2016-08-03,Nepal,"8,686",News,Torrential rain,40,"5,376",1.5,5.6
4372,,2016-07-03,2016-07-06,Pakistan,"31,431",News,Heavy rain,30,80,1.5,5.3
4369,,2016-06-30,2016-07-06,Sudan,"39,618",News,Torrential rain,0,"4,000",1.0,5.4
4371,,2016-06-29,2016-08-26,India,"135,742",News,Monsoonal Rain,30,"1,800",1.5,7.1
4370,,2016-06-28,2016-08-03,China,"720,844",News,Monsoonal Rain,128,"230,000",2.0,7.7
4368,,2016-06-23,2016-06-24,United States of America,"57,043",News,Torrential rain,25,"2,000",2.0,5.4
4363,,2016-06-20,2016-06-21,Japan,"18,481",News,Torrential rain,5,0,1.5,4.7
4367,,2016-06-19,2016-06-24,Australia,"789,275",News,Heavy rain,0,0,1.5,6.9
4364,FF-2016-000062-IND,2016-06-17,2016-06-24,Indonesia,"39,127",News,Torrential rain,43,0,1.5,5.7
4380,FL-2016-000091-NER,2016-06-15,2016-08-26,Niger • Senegal,"190,126",News,Heavy rain,36,"5,600",1.0,7.1
4362,,2016-06-14,2016-06-21,Canada,"176,100",News,Heavy rain,0,300,1.0,6.1
4361,,2016-06-12,2016-06-21,Ghana,"74,506",News,Heavy rain,5,0,1.0,5.9
4365,FL-2016-000058-MMR,2016-06-01,2016-08-16,Myanmar,"93,840",News,Monsoonal Rain,16,"25,000",2.0,7.2
4366,,2016-06-01,2016-06-21,France,"121,606",News,Heavy rain,4,0,2.0,6.7
4360,,2016-05-27,2016-05-30,Germany,"91,555",News,Heavy rain,4,0,1.5,5.7
4359,FL-2016-000056-USA,2016-05-26,2016-06-24,United States of America,"160,371",Flood List,Heavy rain,11,0,1.5,6.9
4354,,2016-05-08,2016-05-11,Dominican Republic • Haiti,"23,312",Flood List,Heavy rain,5,"3,000",1.5,5.1
4356,FL-2016-000044-CHN,2016-05-08,2016-06-21,China,"197,080",Flood List,Heavy rain,60,"67,000",1.5,7.1
4353,,2016-05-06,2016-05-11,Rwanda,"18,269",Flood LIst,Heavy rain,49,"2,000",1.5,5.2
4357,,2016-04-22,2016-05-30,United Republic of Tanzania,"84,215",Flood List,Heavy rain,5,"14,000",1.5,6.7
4355,,2016-04-20,2016-05-01,India • Bangladesh,"70,518",Flood List,Heavy rain,18,"3,000",1.5,6.1
4351,,2016-04-19,2016-04-22,Angola,"59,746",News,Heavy rain,19,"3,200",1.0,5.4
4348,,2016-04-18,2016-04-22,United States of America,"448,237",News,Heavy rain,0,7,2.0,6.7
4349,,2016-04-15,2016-04-22,Russian Federation,"1,834,048",News,Snowmelt,0,"3,200",1.5,7.3
4358,,2016-04-15,2016-05-30,Russian Federation,"80,319",DFO,Snowmelt,0,0,1.0,6.6
4352,,2016-04-13,2016-04-22,Kenya • United Republic of Tanzania,"117,235",News,Heavy rain,0,0,1.0,6.1
4350,,2016-04-12,2016-05-11,Uruguay,"126,653",News,Heavy rain,10,"10,000",2.0,6.9
4347,FL-2016-000037-SAU,2016-04-08,2016-04-13,Oman • Saudi Arabia,"134,748",News,Torrential rain,5,0,1.0,5.9
4344,,2016-04-06,2016-04-13,Malawi,"57,109",News,Heavy rain,10,300,1.0,5.7
4345,,2016-04-06,2016-04-13,Somalia,"97,756",News,Torrential rain,9,0,1.0,5.9
4343,,2016-04-04,2016-04-13,Ethiopia,"244,002",News,Heavy rain,28,"2,400",1.5,6.6
4346,,2016-04-01,2016-04-13,Uruguay • Argentina,"518,693",News,Heavy rain,1,"10,000",2.0,7.1
4342,,2016-03-23,2016-03-25,New Zealand,"39,334",News,Torrential rain,0,300,2.0,5.4
4341,,2016-03-21,2016-03-25,Indonesia,"75,626",News,Heavy rain,3,500,1.0,5.6
4338,,2016-03-19,2016-03-25,China,"383,224",News,Monsoonal Rain,5,"17,000",1.5,6.6
4339,FL-2016-000021-PAK,2016-03-12,2016-04-13,Pakistan,"111,748",News,Heavy rain,121,"2,400",1.5,6.7
4337,,2016-03-08,2016-03-25,United States of America,"248,620",News,Heavy rain,5,"3,500",2.0,7.0
4334,,2016-03-06,2016-03-10,Serbia,"16,442",News,Heavy rain,0,420,1.5,5.1
4336,,2016-03-05,2016-03-10,United States of America,"74,128",News,Heavy rain,1,36,1.5,5.8
4340,,2016-03-05,2016-03-25,Argentina,"199,290",News,Heavy rain,0,"1,600",1.0,6.6
4333,,2016-03-01,2016-03-10,Angola,"277,015",News,Heavy rain,30,"1,544",1.0,6.4
4335,,2016-02-28,2016-03-10,Bolivia (Plurinational State of),"190,581",News,Heavy rain,0,120,1.0,6.4
4329,TC-2016-000014-FJI,2016-02-20,2016-02-23,Fiji,"15,026",News,Tropical Storm Winston,21,0,1.5,5.0
4331,,2016-02-17,2016-02-23,New Zealand,"35,885",News,Heavy rain,0,0,1.5,5.6
4327,,2016-01-27,2016-01-29,Australia,"30,723",News,Torrential rain,0,0,1.5,5.1
4328,,2016-01-27,2016-01-29,United Kingdom of Great Britain and Northern Ireland,"14,340",News,Heavy rain,0,0,1.5,4.8
4332,,2016-01-25,2016-02-03,Australia,"108,576",News,Heavy rain,0,0,1.0,6.0
4320,,2016-01-22,2016-01-25,United States of America,"12,449",News,,8,0,1.5,4.9
4326,,2016-01-19,2016-01-29,Ecuador • Colombia,"69,542",News,Torrential rain,7,"2,300",1.5,6.1
4330,FL-2016-000009-IDN,2016-01-18,2016-03-10,Indonesia • Malaysia,"235,819",News,Torrential rain,1,"37,000",1.0,7.1
4322,,2016-01-15,2016-01-29,Brazil,"53,196",News,Heavy rain,0,500,1.0,5.9
4324,FL-2006-000011-TZA,2016-01-14,2016-01-29,United Republic of Tanzania,"182,022",News,Heavy rain,1,400,1.0,6.5
4323,,2016-01-09,2016-01-29,Brazil,"107,924",News,Heavy rain,0,0,1.5,6.5
4321,,2016-01-05,2016-01-29,Mozambique,"80,572",News,Heavy rain,16,"6,600",1.0,6.3
4325,,2016-01-05,2016-01-29,Brazil,"110,515",News,Heavy rain,0,"1,700",1.0,6.4
4316,,2015-12-23,2016-01-06,Australia,"66,655",News,Heavy rain,0,0,1.0,6.0
4314,,2015-12-15,2016-01-29,United States of America,"526,835",News,Heavy rain,31,"4,000",2.0,7.7
4318,TC-2015-000170-PHL,2015-12-12,2016-01-06,Philippines,"6,148",News,Tropical storms Melor & Onyok,40,"20,000",1.5,5.4
4319,,2015-12-05,2016-01-26,United Kingdom of Great Britain and Northern Ireland • Ireland,"36,750",News,Heavy rain,3,"64,000",2.0,6.6
4315,FL-2015-000171-PRY,2015-12-01,2016-01-29,Paraguay • Uruguay,"574,057",News,Heavy rain,12,"170,000",2.0,7.8
4317,,2015-12-01,2016-01-06,Kenya,"103,770",News,Heavy rain,112,"100,000",1.5,6.8
4311,,2015-11-26,2015-12-04,United States of America,"439,382",News,Heavy rain,14,300,1.0,6.6
4310,FL-2015-000162-QAT,2015-11-25,2015-12-04,Qatar • Saudi Arabia,"402,660",News,Torrential rain,1,0,1.0,6.6
4312,FL-2015-000165-MDV,2015-11-25,2015-12-04,Maldives,"6,371",News,Torrential rain,0,0,1.5,5.0
4313,,2015-11-21,2015-12-04,Albania,"11,410",News,Heavy rain,1,300,1.0,5.2
4309,TC-2015-000163-IND,2015-11-10,2015-12-04,India,"93,202",News,Tropical Storm Rovan,180,"400,000",2.0,6.7
4305,,2015-10-24,2015-10-28,Egypt,"8,232",News,Torrential rain,0,6,1.5,4.8
4302,TC-2015-000144-MEX,2015-10-23,2015-10-28,Mexico • United States of America,"1,432,950",News,,0,0,1.5,7.1
4308,,2015-10-23,2015-10-28,Indonesia,"56,237",News,Heavy rain,0,"4,000",1.0,5.5
4300,TC-2015-000143-PHL,2015-10-22,2015-10-28,Philippines,"80,272",News,Tropical Storm Koppu,54,"60,000",2.0,6.1
4307,,2015-10-21,2015-10-28,Greece • North Macedonia • Albania,"129,125",News,Heavy rain,1,0,1.0,6.0
4303,FL-2015-000146-DZA,2015-10-16,2015-10-28,Algeria,"92,985",News,Torrential rain,0,"3,000",1.0,6.1
4304,FL-2015-000145-SOM,2015-10-15,2015-10-28,Somalia • Ethiopia,"438,557",News,Heavy rain,0,0,1.0,6.8
4301,,2015-10-14,2015-10-28,Uruguay,"392,899",News,Heavy rain,0,"10,000",2.0,7.1
4299,,2015-10-12,2015-10-13,Romania,441,News,Torrential rain,0,50,1.5,3.1
4296,,2015-10-03,2015-10-07,France,"2,896",News,Torrential rain,16,0,1.5,4.3
4297,,2015-10-02,2015-10-03,Guatemala,"6,023",News,Landslide,500,433,2.0,4.4
4306,TC-2015-000142-BHS,2015-10-02,2015-10-08,Bahamas,"4,639",News,Tropical Storm Joaquin,0,300,1.5,4.7
4295,,2015-10-01,2015-10-13,United States of America,"61,355",News,Heavy rain,15,800,2.0,6.2
4298,,2015-09-20,2015-10-01,New Zealand,837,News,Heavy rain,0,0,1.0,4.0
4292,TC-2015-000124-JPN,2015-09-09,2015-09-11,Japan,"52,859",News,Tropical Storm Etau,3,"100,000",2.0,5.5
4293,,2015-09-07,2015-09-11,Viet Nam • Lao People's Democratic Republic,"192,887",News,Torrential rain,2,100,1.0,6.0
4294,,2015-08-30,2015-09-11,Nigeria,"186,816",News,Heavy rain,30,"2,000",1.5,6.6
4289,,2015-08-17,2015-08-19,Uruguay,"63,708",News,Heavy rain,0,"4,158",1.5,5.5
4288,,2015-08-13,2015-09-11,India,"69,190",News,Monsoonal Rain,5,"18,000",1.0,6.3
4290,FL-2015-000110-ARG,2015-08-10,2015-08-19,Argentina,"133,853",News,Heavy rain,3,"11,000",1.0,6.1
4284,FF-2015-000115-MKD,2015-08-03,2015-08-05,North Macedonia,"5,957",News,Torrential rain,4,0,1.0,4.3
4286,,2015-08-02,2015-08-05,China,"53,741",News,Torrential rain,8,0,1.5,5.5
4287,,2015-08-02,2015-08-05,Philippines,"9,791",News,Torrential rain,7,0,1.0,4.6
4285,,2015-07-26,2015-08-05,Guinea,"22,455",News,Heavy rain,4,0,1.0,5.4
4280,FL-2015-000098-VNM,2015-07-25,2015-08-05,Viet Nam,"24,337",News,Torrential rain,20,"3,000",2.0,5.8
4281,,2015-07-25,2015-08-05,Paraguay,"28,653",News,Heavy rain,0,"3,700",1.5,5.7
4291,,2015-07-25,2015-08-19,Niger,"686,735",News,Heavy rain,4,"3,000",1.5,7.4
4274,,2015-07-18,2015-07-21,United States of America,"44,261",News,Torrential rain,3,0,1.5,5.4
4279,,2015-07-17,2015-07-21,United States of America,"109,391",News,Torrential rain,0,0,1.5,5.9
4275,,2015-07-16,2015-07-21,Guyana,"30,931",News,Heavy rain,0,0,1.5,5.4
4272,,2015-07-15,2015-08-19,Pakistan,"137,040",News,Monsoonal Rain,166,"803,000",1.5,6.9
4273,,2015-07-15,2015-07-21,Tajikistan,"56,196",News,Snowmelt,0,"10,000",1.5,5.8
4282,,2015-07-15,2015-08-19,India,"629,962",News,Monsoonal Rain and Tropical Storm K,206,"300,000",2.0,7.7
4283,,2015-07-15,2015-08-19,Myanmar,"296,424",News,Monsoonal Rain,88,"85,400",2.0,7.3
4277,FL-2015-000088-IRN,2015-07-14,2015-07-21,Iran (Islamic Republic of),"776,608",News,Torrential rain,20,0,1.0,6.8
4278,,2015-07-12,2015-07-21,Philippines,"16,151",News,Monsoonal Rain,4,"3,000",1.0,5.2
4276,,2015-07-10,2015-07-21,Brazil,"690,931",News,Heavy rain,3,"1,000",1.0,6.9
4267,,2015-06-27,2015-06-29,United States of America,"161,573",News,Heavy rain,2,0,1.0,5.7
4266,,2015-06-25,2015-06-29,Russian Federation,"5,568",News,Torrential rain,1,0,1.5,4.6
4270,,2015-06-25,2015-06-29,Pakistan,"73,485",News,Torrential rain,10,0,1.5,5.7
4263,,2015-06-24,2015-06-29,Bangladesh,"12,508",News,Torrential rain,0,23,1.5,5.1
4265,,2015-06-24,2015-06-29,India,"43,782",News,Monsoonal Rain,81,"9,000",1.5,5.6
4268,,2015-06-24,2015-06-29,Viet Nam,"6,347",News,Tropical Storm Kujira,7,100,1.5,4.8
4264,,2015-06-22,2015-06-29,New Zealand,"8,949",news,Heavy rain,0,100,1.5,5.0
4271,FL-2015-000076-CMR,2015-06-22,2015-06-29,Cameroon,"4,726",News,Heavy rain,0,"3,000",1.0,4.6
4269,,2015-06-21,2015-06-29,Costa Rica,"16,754",News,Heavy rain,0,700,1.5,5.4
4261,,2015-06-13,2015-06-15,Georgia,"13,023",News,Torrential rain,12,200,1.5,4.8
4262,FL-2015-000066-NPL,2015-06-10,2015-06-15,Nepal,"12,034",News,Monsoonal Rain,40,0,1.0,4.9
4259,FL-2015-000064-IND,2015-06-02,2015-06-29,India,"60,437",News,Monsoonal Rain,3,"9,000",1.5,6.4
4260,FL-2015-000065-GHA,2015-06-02,2015-06-15,Ghana • Togo,"266,950",News,Torrential rain,150,"5,300",1.5,6.7
4257,,2015-05-25,2015-06-02,Romania,"19,785",News,Heavy rain,1,184,1.0,5.3
4251,,2015-05-17,2015-05-21,India,"14,179",News,Torrential rain,8,200,1.0,4.9
4255,,2015-05-17,2015-05-21,Chile,"224,190",News,Heavy rain,0,100,1.5,6.2
4258,,2015-05-15,2015-06-02,Russian Federation,"242,622",News,Heavy rain,0,"1,200",1.0,6.7
4249,FL-2015-000057-CHN,2015-05-13,2015-06-29,China,"247,570",News,Heavy rain,57,"82,000",1.5,7.3
4253,,2015-05-13,2015-05-21,New Zealand,"7,484",News,Heavy rain,1,100,1.5,5.0
4256,FL-2015-000055-TJK,2015-05-11,2015-05-21,Tajikistan,"32,595",News,Torrential rain,0,"1,776",1.0,5.6
4254,,2015-05-07,2015-05-21,United Republic of Tanzania,"194,129",News,Heavy rain,12,"5,000",1.5,6.6
4252,FL-2015-000060-USA,2015-05-05,2015-06-29,United States of America,"849,465",News,Heavy rain,38,600,2.0,8.0
4247,,2015-05-01,2015-05-02,Australia,"192,631",News,Torrential rain,5,0,2.0,5.9
4250,FL-2015-000056-COL,2015-05-01,2015-05-21,Colombia,"140,969",News,Heavy rain,58,200,2.0,6.8
4248,FL-2015-000049-KEN,2015-04-27,2015-05-02,Kenya,"20,433",News,Heavy rain,13,"3,000",1.5,5.3
4245,,2015-04-26,2015-04-28,Pakistan,"21,148",News,Torrential rain,44,"4,800",1.5,5.0
4244,,2015-04-20,2015-04-28,Australia,"175,487",News,Heavy rain,4,"1,000",2.0,6.5
4236,,2015-04-05,2015-04-15,Kenya • United Republic of Tanzania,"32,935",News,Heavy rain,13,"6,500",1.5,5.7
4240,,2015-04-04,2015-04-15,China,"145,835",News,Tropical Storm Maysak,0,"12,000",1.5,6.4
4243,,2015-04-04,2015-04-06,Haiti,"3,672",News,Heavy rain,6,"1,000",1.0,4.0
4246,,2015-04-01,2015-05-02,Brazil,"450,354",News,Heavy rain,5,"1,000",1.5,7.3
4238,FL-2015-000027-CHL,2015-03-25,2015-04-08,Chile,"154,773",News,Heavy rain,27,"2,514",2.0,6.7
4242,,2015-03-23,2015-04-15,Kazakhstan,"213,897",News,Snowmelt,0,"5,600",1.0,6.7
4239,FL-2015-000029-IND,2015-03-20,2015-03-31,India,"70,288",News,Heavy rain,44,"2,907",1.5,6.1
4231,,2015-03-15,2015-03-23,Indonesia,"7,002",News,Torrential rain,0,"4,000",1.0,4.8
4235,,2015-03-15,2015-03-23,Brazil,"168,905",News,Heavy rain,0,280,1.5,6.4
4229,,2015-03-13,2015-03-23,Mexico,"60,979",News,Heavy rain,0,800,1.0,5.8
4230,,2015-03-10,2015-03-23,United States of America,"56,870",News,Heavy rain,0,0,1.5,6.1
4232,,2015-03-09,2015-03-23,Angola,"12,133",News,Torrential rain,60,"1,000",1.5,5.4
4233,,2015-03-09,2015-03-23,Angola,"10,253",News,Torrential rain,0,"1,000",1.5,5.4
4241,,2015-03-05,2015-04-15,Madagascar,"68,755",News,Heavy rain,0,"25,000",1.5,6.6
4234,,2015-03-03,2015-03-23,United Republic of Tanzania,"40,007",News,Torrential rain,38,0,1.5,6.1
4237,,2015-02-23,2015-04-15,Brazil,"173,697",News,Heavy rain,0,"10,000",1.0,7.0
4226,,2015-02-22,2015-02-24,Australia,"445,273",News,Tropical Storm Marcia,0,350,1.5,6.3
4225,,2015-02-20,2015-02-24,Bolivia (Plurinational State of) • Peru,"487,371",News,Monsoonal Rain,0,"4,000",1.5,6.6
4227,,2015-02-20,2015-02-24,Dominican Republic,"11,588",News,Heavy rain,0,"12,000",1.0,4.8
4228,,2015-02-15,2015-02-24,Argentina,"349,365",News,Heavy rain,7,700,1.5,6.7
4222,,2015-02-05,2015-02-09,Indonesia,"18,063",News,Heavy rain,0,300,1.0,5.0
4223,,2015-02-05,2015-02-09,Australia,"122,203",News,Monsoonal Rain,0,0,1.5,6.0
4221,FL-2015-000009-ALB,2015-02-01,2015-02-09,Greece • Albania,"151,105",News,Heavy rain,3,500,1.5,6.3
4218,,2015-01-05,2015-01-11,Australia,"1,519,623",News,Heavy rain,1,0,1.5,7.2
4220,FL-2015-000008-BOL,2015-01-05,2015-02-09,Bolivia (Plurinational State of),"137,630",News,Heavy rain,23,"1,000",1.5,6.9
4224,FL-2015-000004-MDG,2015-01-05,2015-02-09,Madagascar,"277,595",News,Tropical Storms Fundi and Chedza,0,"20,000",1.5,7.2
4219,FL-2015-000006-MWI,2015-01-01,2015-02-09,Malawi • Mozambique,"485,939",News,Heavy rain,276,"336,000",2.0,7.6
4215,,2014-12-20,2015-01-01,Sri Lanka,"50,317",News,Monsoonal Rain,39,"1,000,000",1.5,6.0
4216,FL-2014-000168-MYS,2014-12-20,2015-01-01,Malaysia • Thailand,"90,680",News,Monsoonal Rain,34,"215,000",2.0,6.4
4213,,2014-12-11,2014-12-14,United States of America,"70,256",News,Torrential rain,3,0,1.0,5.4
4212,,2014-12-10,2014-12-14,Brazil,"199,807",News,Torrrential Rain,0,0,1.0,6.0
4217,,2014-12-10,2015-01-01,Philippines,"63,967",News,Tropical Storm Jangmai,53,"80,186",1.5,6.3
4211,,2014-12-04,2014-12-14,Bulgaria • Greece,"147,617",News,Heavy rain,40,"1,000",1.5,6.4
4208,,2014-12-01,2014-12-05,United States of America,"202,666",News,Torrential rain,0,40,1.0,6.0
4209,,2014-11-29,2014-12-05,France,"123,269",News,Torrential rain,5,"3,000",1.5,6.1
4210,,2014-11-26,2014-12-05,State of Palestine,"2,862",News,Torrential rain,0,300,1.5,4.6
4207,FL-2014-000159-MAR,2014-11-24,2014-12-05,Morocco,"273,694",News,Heavy rain,40,0,2.0,6.8
4204,,2014-11-14,2014-11-16,Indonesia,"57,443",News,Heavy rain,0,"2,400",1.0,5.2
4203,,2014-11-13,2014-11-16,France,"36,709",News,Heavy rain,5,0,1.5,5.3
4205,,2014-11-12,2014-11-16,Italy,"36,733",News,Torrential rain,5,0,1.5,5.4
4206,,2014-11-07,2014-11-16,Thailand,"31,653",News,Monsoonal Rain,0,"1,000",1.0,5.5
4214,FL-2014-000163-COL,2014-11-01,2014-12-20,Colombia,"406,010",News,Heavy rain,44,0,1.5,7.5
4202,,2014-10-25,2014-10-27,Greece,"4,855",News,Torrential rain,0,0,1.0,4.2
4201,,2014-10-24,2014-11-16,Somalia • Ethiopia,"42,636",News,Heavy rain,0,"21,000",1.5,6.2
4200,,2014-10-22,2014-10-27,India • Sri Lanka,"115,476",News,Monsoonal Rain,5,300,1.0,5.8
4195,,2014-10-21,2014-10-22,United States of America,"8,447",News,Torrential rain,0,0,1.0,4.2
4199,,2014-10-19,2014-10-22,Spain,"7,567",News,Torrential rain,1,0,1.0,4.5
4197,,2014-10-18,2014-10-27,Mexico,"187,176",News,Tropical Storm Trudy,6,"4,000",1.5,6.4
4194,,2014-10-15,2014-10-27,Nicaragua • Honduras,"221,816",News,Torrential rain,24,"33,000",1.5,6.6
4196,,2014-10-15,2014-10-27,South Sudan,"388,190",News,Heavy rain,4,140,1.0,6.7
4198,,2014-10-12,2014-10-27,India,"376,261",News,Tropical Storm Hudhug,42,0,1.5,7.0
4192,,2014-10-10,2014-10-11,Italy,"6,229",News,Torrential rain,1,0,1.0,4.1
4193,,2014-10-09,2014-10-11,Nicaragua,"79,062",News,Heavy rain,1,50,1.5,5.6
4190,,2014-10-04,2014-10-11,Malaysia,"31,696",News,Torrential rain,0,100,1.0,5.4
4191,,2014-10-04,2014-10-11,Democratic Republic of the Congo,"781,320",News,Monsoonal Rain,4,200,1.0,6.8
4187,,2014-10-03,2014-10-11,Vanuatu,"3,366",News,Torrential rain,1,100,1.0,4.5
4188,,2014-09-24,2014-10-11,India,"61,895",News,Monsoonal rain,59,"30,000",1.5,6.2
4186,,2014-09-21,2014-10-11,South Sudan,"143,087",News,Heavy rain,7,"3,000",1.0,6.5
4189,,2014-09-19,2014-10-11,Philippines,"30,855",News,Tropical Storm Fung-Wong,5,"83,000",1.5,6.0
4183,,2014-09-05,2014-09-08,Bulgaria,"7,805",News,Torrential rain,3,0,1.0,4.5
4179,,2014-09-01,2014-10-11,Pakistan • India,"253,687",News,Monoonal Rain,300,"30,000",2.0,7.3
4184,,2014-09-01,2014-09-08,Thailand,"34,449",News,Monsoonal Rain,0,400,1.0,5.4
4185,,2014-09-01,2014-09-08,China,"55,272",News,Monsoonal Rain,44,"121,700",1.5,5.8
4182,,2014-08-24,2014-09-04,Republic of Korea • Japan,"35,508",News,Torrential rain,5,0,1.5,5.8
4178,,2014-08-20,2014-09-08,Bangladesh,"36,000",News,Monsoonal Rain,17,"500,000",1.5,6.0
4180,,2014-08-20,2014-09-04,Dominican Republic,"13,399",News,Tropical Storm Cristobal,0,"4,000",1.0,5.3
4181,,2014-08-18,2014-09-04,Panama,"22,659",News,Heavy rain,9,116,1.0,5.6
4169,,2014-08-16,2014-08-19,Japan,"76,117",News,Torrential rain,3,"12,000",2.0,5.8
4176,,2014-08-15,2014-09-08,India,"44,291",News,Monsoonal Rain,1,"75,000",1.0,6.0
4174,,2014-08-14,2014-09-08,India,"62,651",News,Monsoonal Rain,0,"10,000",1.5,6.4
4175,,2014-08-13,2014-08-19,Niger,"350,749",News,Heavy rain,12,"10,000",1.0,6.4
4170,,2014-08-12,2014-09-08,Nepal,"55,213",News,Monsoonal Rain,180,"17,000",1.5,6.4
4171,,2014-08-11,2014-09-08,India,"107,474",News,Monsoonal Rain,31,"4,000",1.5,6.7
4172,,2014-08-11,2014-08-19,China,"387,775",News,Monsoonal Rain,27,"10,000",1.5,6.7
4173,,2014-08-11,2014-08-19,Indonesia,"65,177",News,Torrential rain,2,600,1.0,5.8
4177,,2014-08-10,2014-08-19,United States of America,"11,462",News,Torrential rain,1,0,2.0,5.4
4166,,2014-07-22,2014-07-29,Russian Federation,"224,476",News,Heavy rain,0,0,2.0,6.6
4164,,2014-07-20,2014-09-08,South Sudan • Sudan,"641,088",News,Heavy rain,77,"112,000",1.5,7.7
4165,,2014-07-20,2014-07-29,India,"189,576",News,Monsoonal Rain,6,"15,000",1.0,6.3
4168,,2014-07-20,2014-07-29,Papua New Guinea,"51,770",News,Heavy rain,4,0,1.5,5.9
4167,,2014-07-18,2014-07-29,China • Viet Nam,"82,764",News,Typhoon Rammasun,46,"100,000",2.0,6.3
4161,,2014-07-13,2014-07-14,Bangladesh,218,News,Heavy rain,0,"30,000",1.5,2.8
4156,,2014-07-11,2014-07-14,Thailand,"15,922",News,Heavy rain,0,500,1.0,4.8
4160,,2014-07-11,2014-07-14,United States of America,"2,951",News,,0,0,1.0,4.1
4158,,2014-07-07,2014-07-14,Sudan,"137,141",News,Heavy rain,0,"42,400",1.5,6.2
4157,,2014-07-05,2014-07-14,New Zealand,"8,581",News,Heavy rain,0,0,1.0,4.9
4163,,2014-07-03,2014-07-29,Brazil • Uruguay,"44,866",News,Heavy rain,10,"50,000",2.0,6.4
4162,,2014-07-01,2014-07-14,Nepal,"11,579",News,Torrential rain,16,"2,400",1.5,5.4
4154,,2014-06-23,2014-06-25,India,"49,221",News,Monsoonal Ran,0,"10,000",1.0,5.2
4151,,2014-06-19,2014-06-25,Bulgaria,"24,415",News,Torrential rain,12,"2,000",2.0,5.5
4153,,2014-06-17,2014-06-25,Philippines,"15,356",News,Heavy rain,0,"35,000",1.0,5.1
4152,,2014-06-10,2014-07-14,United States of America,"418,317",News,Heavy rain,0,600,2.0,7.5
4155,,2014-06-05,2014-06-25,China,"377,102",News,Monsoonal Rain,14,"337,000",1.0,6.9
4145,FL-2014-000070-LKA,2014-06-04,2014-06-10,Sri Lanka,"10,337",News,Tropical Storm Boris,5,"16,000",1.5,5.0
4149,,2014-06-04,2014-06-10,Russian Federation,"1,829,701",News,Torrential rain,70,"3,000",1.5,7.3
4144,,2014-06-03,2014-06-10,Afghanistan,"44,204",News,Heavy rain,0,300,1.5,5.7
4150,,2014-06-03,2014-07-14,Paraguay • Brazil,"554,605",News,Heay Rain,9,"265,000",2.0,7.7
4147,,2014-06-01,2014-06-10,Iran (Islamic Republic of),"305,525",News,Monsoonal Rain,37,"440,000",1.5,6.7
4148,TC-2014-000071-MEX,2014-06-01,2014-06-10,Mexico • Guatemala,"113,685",News,Monsoonal Rain,22,"25,000",1.5,6.2
4146,,2014-05-30,2014-06-10,China,"45,994",News,Heavy rain,6,500,1.0,5.7
4159,,2014-05-22,2014-07-29,Brazil,"256,565",News,Heavy rain,0,0,2.0,7.5
4139,,2014-05-12,2014-05-16,Serbia • Bosnia and Herzegovina,"115,748",News,Heavy rain,3,"4,000",2.0,6.1
4143,FL-2014-000062-CHN,2014-05-12,2014-05-16,China,"205,001",News,Heavy rain,1,"10,000",2.0,6.3
4140,,2014-05-10,2014-05-16,United Republic of Tanzania,"22,249",News,Heavy rain,0,"22,000",1.0,5.2
4142,FL-2014-000063-TJK,2014-05-10,2014-05-16,Tajikistan,"41,719",News,Heavy rain,0,425,1.5,5.6
4141,,2014-05-02,2014-05-10,Italy,"11,256",News,Torrential rain,2,250,1.5,5.2
4135,,2014-04-30,2014-05-01,United States of America,"260,470",News,Torrential rain,1,200,2.0,6.0
4136,FF-2014-000060-AFG,2014-04-20,2014-05-16,Afghanistan,"83,722",News,Torrential rain,123,"6,000",1.5,6.5
4137,,2014-04-18,2014-05-01,United Republic of Tanzania,"18,498",News,Torrential rain,41,0,1.5,5.6
4138,FF-2014-000059-SRB,2014-04-17,2014-05-01,Romania • Bulgaria,"87,431",News,Torrential rain,0,640,1.5,6.3
4132,FL-2014-000045-SLB,2014-04-01,2014-04-08,Solomon Islands,"5,481",News,Heavy rain,23,"10,000",2.0,4.9
4133,,2014-04-01,2014-04-08,Argentina,"69,877",News,Heavy rain,0,"2,000",1.5,5.9
4134,,2014-04-01,2014-04-08,United States of America,"82,419",News,,2,300,1.5,6.0
4129,,2014-03-25,2014-03-30,United States of America,"53,221",News,Heavy rain,0,200,1.5,5.7
4130,,2014-03-24,2014-03-30,Australia,"250,162",News,Torrential rain,1,0,1.5,6.4
4124,SS-2014-000032-MHL,2014-03-03,2014-03-10,Micronesia (Federated States of),35,News,,0,900,1.5,2.6
4125,,2014-03-03,2014-03-10,New Zealand,"1,016",News,Heavy rain,0,80,2.0,4.2
4131,FL-2014-000038-ZAF,2014-03-01,2014-03-30,South Africa • Namibia,"1,037,639",News,Heavy rain,37,"3,528",1.5,7.7
4127,FL-2014-000030-PRY,2014-02-25,2014-03-10,Paraguay,"6,830",News,Heavy rain,0,"2,000",1.0,5.0
4123,,2014-02-24,2014-03-10,Mozambique,"481,908",News,Heavy rain,4,"20,000",1.0,6.9
4126,,2014-02-19,2014-03-10,Burundi,"3,237",News,Torrential rain,69,"20,000",2.0,5.1
4120,,2014-02-02,2014-02-07,Australia,"426,980",News,Tropical Storm Fletcher,0,0,1.0,6.4
4128,,2014-02-01,2014-03-30,Zimbabwe,"17,206",News,Dam/Levy break or release,0,"4,000",1.0,6.0
4122,,2014-01-20,2014-02-07,France • Italy,"82,989",News,Heavy rain,4,"1,000",1.5,6.4
4118,,2014-01-15,2014-02-07,Zimbabwe,"142,586",News,Heavy rain,0,0,1.5,6.7
4119,,2014-01-15,2014-02-07,Zimbabwe,"72,462",News,Heavy rain,0,"4,000",1.5,6.4
4117,FL-2014-000008-BOL,2014-01-10,2014-05-01,Bolivia (Plurinational State of),"381,577",News,Heavy rain,60,"84,000",2.0,7.9
4121,,2014-01-08,2014-02-07,Indonesia,"35,769",News,Heavy rain,23,"20,000",1.5,6.2
4116,,2014-01-01,2014-01-04,Peru,"74,145",News,Heavy rain,0,300,1.0,5.5
4112,,2013-12-29,2014-01-04,Indonesia,"22,525",News,Heavy rain,0,"4,500",1.0,5.2
4111,,2013-12-27,2014-02-07,United Kingdom of Great Britain and Northern Ireland • Ireland,"126,150",News,Heavy rain,0,200,1.5,6.9
4114,FL-2013-000159-LCA,2013-12-26,2014-01-04,Saint Vincent and the Grenadines • Saint Lucia,830,News,Heavy rain,11,0,1.0,3.9
4113,FL-2013-000157-BRA,2013-12-23,2014-01-04,Brazil,"314,285",News,Heavy rain,45,"60,000",2.0,6.9
4115,,2013-12-22,2014-01-04,United States of America,"16,070",News,Heavy rain,5,0,1.0,5.4
4106,,2013-12-05,2013-12-08,United Kingdom of Great Britain and Northern Ireland • Germany,"51,280",News,Storm Surge,8,"4,000",2.0,5.6
4107,FL-2013-000148-MYS,2013-12-01,2013-12-08,Malaysia,"106,698",News,Monsoonal Rain,1,"19,000",1.5,6.1
4109,,2013-12-01,2013-12-08,Cuba,"7,627",News,Torrential rain,2,227,1.0,4.8
4110,FL-2013-000149-THA,2013-11-20,2013-12-08,Thailand,"38,677",News,Monsoonal Rain,23,"15,254",1.5,6.0
4102,,2013-11-18,2013-11-19,Italy,"15,700",News,Torrential rain,18,"2,700",2.0,4.8
4104,,2013-11-18,2013-11-19,Saudi Arabia,"361,387",News,Torrential rain,15,121,1.5,6.0
4103,,2013-11-14,2013-11-19,Viet Nam,"48,985",News,Heavy rain,41,"80,000",1.5,5.6
4100,,2013-11-08,2013-11-19,Philippines,"32,477",News,Tropical Storm Haiyan/Yolanda,"2,000","200,000",2.0,5.9
4105,FL-2013-000141-SOM,2013-11-08,2013-11-19,Oman,"181,848",News,Tropical Storm,100,0,1.5,6.5
4099,,2013-11-03,2013-11-19,South Sudan,"111,000",News,Heavy rain,0,100,1.0,6.3
4108,,2013-11-03,2013-12-08,Niger,"65,791",News,Heavy rain,0,"1,000",1.0,6.4
4101,,2013-10-31,2013-11-10,United States of America,"38,936",News,Torrential rain,4,"4,800",2.0,5.9
4091,,2013-10-12,2013-10-14,India,"246,385",News,Tropical Storm Phailin,27,"250,000",2.0,6.2
4093,,2013-10-12,2013-10-14,Philippines,"54,531",News,Tropical Storm Nari,13,"2,500",2.0,5.5
4098,,2013-10-12,2013-11-10,India,"102,661",News,Heavy rain,7,0,1.5,6.7
4097,,2013-10-11,2013-10-14,Peru,"253,521",News,Heavy rain,0,"1,100",1.5,6.2
4094,,2013-10-08,2013-10-14,South Sudan,"172,574",News,Heavy rain,0,"3,300",1.0,6.1
4095,,2013-10-08,2013-10-14,China,"41,577",News,Tropical Storm Fitow,6,"176,900",1.5,5.6
4096,,2013-10-07,2013-10-14,Indonesia,"31,024",News,Torrential rain,0,"16,000",1.5,5.6
4092,,2013-09-30,2013-10-14,Thailand,"312,091",News,Monsoonal Rain,42,"982,799",1.5,6.8
4090,,2013-09-27,2013-10-14,Cambodia,"52,283",News,Monsoonal Rain,122,"60,000",1.5,6.1
4089,,2013-09-12,2013-09-20,United States of America,"100,404",News,,10,"11,000",2.0,6.3
4087,,2013-09-11,2013-09-16,Romania,"7,172",News,Torrential rain,8,"2,100",2.0,4.9
4088,,2013-09-10,2013-09-16,Nigeria,"178,192",News,Torrential rain,0,300,1.5,6.3
4085,,2013-08-18,2013-08-21,China,"93,532",News,Monsoonal Rain,80,0,1.5,5.7
4086,,2013-08-15,2013-08-21,China,"98,183",News,Tropical Storm Utor,40,0,1.5,6.0
4084,,2013-08-13,2013-08-21,Philippines,"50,412",News,Monsoonal Rain and Offshore Tropica,8,"280,000",2.0,6.0
4082,,2013-08-07,2013-08-21,Pakistan,"462,763",News,Monsoon Rain began with ReportNumber=4078,70,"12,000",1.5,7.0
4083,,2013-08-07,2013-10-14,China • Russian Federation,"1,430,156",News,Heavy rain,100,"260,000",2.0,8.3
4076,,2013-08-05,2013-08-07,Kenya,"9,047",News,Heavy rain,0,"5,000",1.0,4.4
4080,,2013-08-05,2013-08-07,United States of America,"123,143",News,Torrential rain,2,100,1.5,5.7
4077,,2013-08-01,2013-08-21,Sudan,"1,004,639",News,Heavy rain,11,"100,000",1.5,7.5
4078,,2013-08-01,2013-08-07,Pakistan • Afghanistan,"549,425",News,Heavy rain,135,"81,000",1.5,6.8
4079,,2013-08-01,2013-08-07,Russian Federation • China,"102,479",News,Heavy rain,0,"1,500",2.0,6.2
4081,,2013-07-25,2013-08-07,Myanmar • Thailand,"125,251",News,Heavy rain,1,"34,000",1.5,6.4
4072,,2013-07-13,2013-07-15,China,"101,851",News,Tropical Storm Sulik,1,"300,000",1.5,5.7
4073,,2013-07-11,2013-07-15,China,"112,221",News,Torrential rain,0,8,1.5,5.9
4074,,2013-07-10,2013-07-15,Democratic People's Republic of Korea,"21,695",News,Heavy rain,2,760,1.0,5.1
4071,,2013-07-05,2013-07-15,China,"419,827",News,Heavy rain,200,"100,000",1.5,6.8
4075,,2013-07-04,2013-07-15,Paraguay,"131,223",News,Heavy rain,0,"52,000",1.5,6.4
4069,,2013-06-23,2013-07-15,India,"38,019",News,Monsoonal Rain,80,"2,000,000",2.0,6.2
4070,,2013-06-23,2013-06-27,Lao People's Democratic Republic,"32,197",News,Monsoonal Rain,0,0,1.0,5.2
4068,,2013-06-20,2013-06-27,Canada,"307,926",News,Heavy rain,3,"100,000",2.0,6.7
4066,,2013-06-15,2013-06-18,New Zealand,"42,497",News,Heavy rain,0,0,1.5,5.4
4065,,2013-06-12,2013-06-27,India,"131,743",News,Monsoonal Rain,"5,748","75,000",1.5,6.5
4067,,2013-06-11,2013-06-18,India,"152,701",News,Monsoonal Rain,0,"8,000",1.0,6.1
4063,,2013-05-28,2013-06-18,Germany • Czechia,"241,204",News,Heavy rain,8,"3,000",2.0,7.0
4059,,2013-05-26,2013-05-28,Colombia,"125,895",News,Torrential rain,0,0,1.0,5.6
4060,,2013-05-25,2013-05-28,United States of America,"33,908",News,Heavy rain,3,300,2.0,5.4
4061,,2013-05-25,2013-06-03,United States of America,"123,500",News,Heavy rain,0,400,1.0,6.1
4064,,2013-05-25,2013-06-03,United States of America,"170,079",News,Torrential rain,5,0,1.5,6.4
4062,,2013-05-22,2013-05-28,Norway,"28,072",News,Heavy rain,0,500,1.5,5.5
4056,2013-TC-000060-MMR and BGD,2013-05-14,2013-05-16,Bangladesh • Myanmar,"72,848",News,Tropical Storm Mahasen,19,"1,166,000",1.5,5.5
4058,2013-TC-000060-LKA,2013-05-13,2013-05-16,Sri Lanka,"17,254",News,Tropical Storm Mahasen,7,"115,000",1.0,4.8
4057,,2013-05-12,2013-05-28,China,"84,762",News,Monsoonal Rain,55,"10,000",1.5,6.3
4053,,2013-05-06,2013-05-16,Russian Federation,"630,162",News,Ice jam/break-up,0,390,1.0,6.8
4054,,2013-05-06,2013-05-16,Indonesia,"17,153",News,Torrential rain,0,"3,000",1.0,5.3
4055,,2013-05-01,2013-05-16,Somalia,"243,476",News,Heavy rain,7,"50,000",2.0,6.9
4051,,2013-04-27,2013-04-29,United States of America • Canada,"43,181",News,Heavy rain,0,0,1.0,5.1
4049,,2013-04-25,2013-05-16,Saudi Arabia • Oman,"814,307",News,Heavy rain,0,0,1.0,7.3
4052,,2013-04-23,2013-04-29,Afghanistan,"14,653",News,Torrential rain,13,300,1.0,5.0
4050,,2013-04-22,2013-04-29,United States of America,"493,137",News,Heavy rain,5,300,1.5,6.8
4048,,2013-04-05,2013-04-29,Somalia,"27,293",News,Heavy rain,0,"4,000",1.0,5.8
4046,,2013-04-01,2013-04-07,Argentina,"18,135",News,Torrential rain,59,"3,000",2.0,5.4
4042,,2013-03-31,2013-04-03,Spain,"53,241",News,Torrential rain,2,300,1.5,5.5
4045,,2013-03-31,2013-04-03,Mauritius,"1,680",News,Torrential rain,11,0,1.5,4.0
4043,,2013-03-28,2013-04-29,Kenya • Uganda,"73,170",News,Heavy rain,63,"18,633",1.5,6.6
4044,,2013-03-25,2013-04-03,South Sudan,"215,663",News,Heavy rain,0,"12,000",1.5,6.5
4047,,2013-03-15,2013-04-12,Albania,"3,305",News,Heavy rain,0,"2,800",1.0,5.0
4040,,2013-03-14,2013-03-17,Portugal,"2,986",News,Heavy rain,0,30,1.0,4.1
4038,,2013-03-13,2013-03-17,Spain,"12,282",News,Heavy rain,0,200,1.0,4.8
4041,,2013-03-10,2013-03-17,Peru • Bolivia (Plurinational State of),"740,438",News,Heavy rain,0,"3,000",1.5,6.9
4039,,2013-03-09,2013-03-17,France,"5,910",News,Heavy rain,1,"1,200",1.0,4.7
4037,,2013-03-01,2013-03-17,Namibia,"100,905",News,Heavy rain,0,"10,000",1.0,6.2
4034,,2013-02-25,2013-03-04,Australia,"240,506",News,Monsoonal Rain by Tropical Storm Rust,2,200,1.0,6.3
4035,,2013-02-25,2013-03-04,Thailand,"9,340",News,Heavy rain,0,130,1.0,4.9
4036,,2013-02-25,2013-03-04,North Macedonia,"3,700",News,Heavy rain,1,"1,200",1.0,4.5
4031,,2013-02-20,2013-03-04,Russian Federation,"2,432",News,Torrential rain,4,"1,500",1.0,4.5
4032,,2013-02-20,2013-03-04,Indonesia,"4,202",News,Heavy rain,0,"1,000",1.5,4.9
4029,,2013-02-16,2013-02-18,Indonesia,"21,654",News,Heavy rain,0,"3,452",1.0,4.8
4030,,2013-02-16,2013-02-18,Indonesia,"28,874",News,Heavy rain,17,0,1.0,4.9
4033,,2013-02-10,2013-03-04,Malaysia,"30,584",News,HeavyRain,0,"5,167",1.0,5.8
4027,,2013-02-08,2013-02-12,Peru • Bolivia (Plurinational State of),"577,783",News,Heavy rain,31,"2,400",2.0,6.8
4025,FL-2013-000012-SYC,2013-01-27,2013-02-01,Seychelles,452,News,Torrential rain,0,106,1.5,3.6
4024,,2013-01-22,2013-02-01,Australia,"1,021,219",News,Tropical Storm Oswald,6,"8,000",1.5,7.2
4023,,2013-01-17,2013-03-04,Mozambique • Zimbabwe,"83,155",News,Heavy rain,135,"170,000",1.5,6.8
4026,Fl-2013-000014-BWA,2013-01-15,2013-02-01,Botswana • South Africa,"198,590",News,Heavy rain,0,400,1.5,6.7
4020,FL-2013-000006-IDN,2013-01-13,2013-01-22,Indonesia,"1,746",News,Monsoonal Rain,32,"46,000",2.0,4.5
4022,,2013-01-13,2013-01-17,Kenya,"71,113",News,Heavy rain,20,400,1.0,5.6
4018,,2013-01-08,2013-01-17,Sri Lanka,"26,063",News,Heavy rain,52,"56,747",1.5,5.6
4019,,2013-01-08,2013-01-10,State of Palestine • Syrian Arab Republic,"29,143",News,Heavy rain,2,"1,600",1.5,5.1
4012,,2013-01-06,2013-01-10,Russian Federation,"5,668",News,Torrential rain,4,"1,500",1.5,4.6
4016,,2013-01-04,2013-01-10,Philippines,"51,782",News,Heavy rain,0,"3,180",1.0,5.6
4017,,2013-01-04,2013-01-10,Peru,"318,649",News,Torrential rain,0,"2,000",1.5,6.5
4013,,2013-01-03,2013-01-10,Indonesia,"67,600",News,Heavy rain,8,"1,000",1.0,5.7
4014,,2013-01-03,2013-01-10,Malaysia,"29,318",News,Torrential rain,0,600,1.0,5.4
4015,,2013-01-03,2013-01-10,Philippines,"6,144",News,Tropical Storm Auring,0,520,1.0,4.7
4010,,2012-12-16,2012-12-18,Sri Lanka,"49,085",News,Heavy rain,9,"6,000",1.5,5.3
4011,,2012-12-11,2012-12-13,South Africa,"21,011",News,Heavy rain,3,10,1.0,4.8
4005,,2012-12-04,2012-12-04,Philippines,"68,024",News,Tropical Storm Bopha,74,"60,000",2.0,5.1
4006,,2012-12-02,2012-12-04,Türkiye,"15,307",News,Torrential rain,1,0,1.0,4.7
4008,,2012-12-01,2012-12-04,Malaysia,"31,979",News,Torrential rain,0,150,1.0,5.1
4028,FL-2013-000017-PNG,2012-12-01,2013-02-12,Papua New Guinea,"245,462",News,Heavy rain,0,500,1.0,7.3
4007,,2012-11-20,2012-12-04,Argentina,"377,213",News,Heavy rain,6,"10,000",1.5,6.9
4009,,2012-11-20,2012-12-18,United Kingdom of Great Britain and Northern Ireland,"106,807",News,Heavy rain,4,"1,700",1.0,6.5
4021,,2012-11-15,2013-01-22,Malawi,"20,096",News,Heavy rain,3,"3,000",1.0,6.1
4003,,2012-11-13,2012-11-18,Spain,"12,227",News,Torrential rain,0,120,1.0,4.9
4004,,2012-11-11,2012-11-18,Italy,"66,843",News,Torrential rain,4,500,1.5,5.9
4001,,2012-11-04,2012-11-08,India,"126,083",News,Tropical Storm Nilam,40,"70,000",2.0,6.1
4002,,2012-11-04,2012-11-08,Malaysia,"55,785",News,Heavy rain,0,"4,000",1.0,5.4
3998,,2012-10-25,2012-10-29,Canada,"1,592",News,Heavy rain,0,700,1.5,4.1
3997,TC-2012-000180-CUB; TC-2012-000180-,2012-10-24,2012-10-29,United States of America • Haiti,"293,995",News,,65,0,2.0,6.5
3999,,2012-10-24,2012-10-29,South Africa,"14,489",News,Heavy rain,12,0,1.5,5.1
4000,TC-2012-000181-VNM;TC-2012-000179-P,2012-10-24,2012-10-29,Viet Nam • Philippines,"158,124",News,Tropical Storm Son-Tinh,30,"260,000",2.0,6.3
3993,,2012-10-12,2012-10-15,Iran (Islamic Republic of),"11,490",News,Torrential rain,7,"1,000",1.5,4.8
3996,,2012-10-09,2012-10-15,Russian Federation,"10,482",News,Torrential rain,7,"1,120",1.5,5.0
3990,,2012-09-23,2012-09-26,United Kingdom of Great Britain and Northern Ireland,"8,507",News,Heavy rain,0,"1,500",1.0,4.5
3992,,2012-09-22,2012-10-03,Somalia,"13,754",News,Heavy rain,6,"12,200",1.5,5.4
3989,,2012-09-20,2012-09-26,United States of America,"8,846",News,Heavy rain,0,"2,000",1.0,4.8
3987,,2012-09-19,2012-10-15,India,"42,598",News,Monsoonal Rain,21,"2,000,000",2.0,6.4
3983,,2012-09-16,2012-09-18,India,"37,711",News,Torrential rain,45,200,2.0,5.4
3988,,2012-09-15,2012-10-29,Nigeria,"12,538",News,Heavy rain,148,"64,000",2.0,6.1
3994,,2012-09-15,2012-10-15,Niger,"121,036",News,Heavy rain,91,0,1.0,6.6
3995,,2012-09-15,2012-10-15,Chad,"86,062",News,Heavy rain,0,"17,000",1.0,6.4
3985,,2012-09-12,2012-09-26,Thailand,"44,011",News,Monsoonal Rain,0,"3,000",1.0,5.8
3984,,2012-09-10,2012-10-29,Pakistan,"23,036",News,Monsoonal Rain,400,"742,000",1.5,6.2
3986,,2012-09-09,2012-09-18,China,"56,960",News,Heavy rain,7,0,1.5,5.9
3991,,2012-09-07,2012-10-03,South Sudan • Sudan,"138,744",News,Heavy rain,15,"3,000",1.0,6.6
3978,FL-2012-000161-VNM,2012-09-02,2012-09-07,Viet Nam,"16,826",News,Torrential rain,6,"5,000",1.0,5.0
3982,,2012-09-02,2012-09-07,Gambia,"4,747",News,Heavy rain,0,41,1.0,4.5
3977,,2012-08-28,2012-09-07,United States of America,"83,938",News,,1,"60,000",1.5,6.1
3973,TC-2012-000152-HTI,2012-08-25,2012-08-29,Haiti,"4,904",News,Tropical Storm Isaac,19,"15,000",1.5,4.6
3975,,2012-08-25,2012-08-29,China,"45,131",News,Torrential rain,6,30,1.5,5.5
3976,,2012-08-25,2012-09-26,Nigeria • Cameroon,"96,831",News,Heavy rain,127,"20,000",1.5,6.7
3971,,2012-08-24,2012-08-29,Senegal,"79,243",News,Torrential rain,4,"1,200",1.5,5.9
3972,,2012-08-24,2012-08-29,Nigeria,"48,923",News,Torrential rain,10,"20,000",1.5,5.6
3974,FF-2012-000148-PAK,2012-08-23,2012-08-29,Pakistan,"98,264",News,Monsoonal Rain,26,"1,200",1.5,6.0
3980,,2012-08-20,2012-09-07,Uganda,"57,981",News,Heavy rain,0,"15,000",1.0,6.0
3979,TC-2012-000159-PRK,2012-08-17,2012-09-07,Democratic People's Republic of Korea • Republic of Korea,"24,179",News,Tropical Storms,59,"24,000",1.5,5.9
3966,,2012-08-16,2012-08-20,India,"29,690",News,Monsoonal Rain,1,210,1.0,5.2
3981,,2012-08-15,2012-09-07,Kenya,"18,460",News,Heavy rain,0,"3,000",1.0,5.6
3965,,2012-08-14,2012-08-20,China,"107,984",News,Monsoonal Rain,13,"14,600",1.0,5.9
3969,FL-000139-JPN,2012-08-12,2012-08-20,Japan,"10,670",News,Torrential rain,3,"1,000",1.5,5.2
3967,,2012-08-06,2012-09-07,Niger,"75,977",News,Heavy rain,52,"125,000",1.5,6.6
3959,,2012-08-04,2012-08-06,India,"31,391",News,Torrential rain,30,"1,200",1.5,5.2
3961,,2012-08-04,2012-08-06,Sudan,"89,290",News,Torrential rain,5,800,1.5,5.6
3962,,2012-08-04,2012-08-06,United Kingdom of Great Britain and Northern Ireland,"4,261",News,Torrential rain,0,0,1.0,4.1
3960,,2012-08-03,2012-08-06,India,"35,690",News,Monsoonal Rain,0,"2,000",1.0,5.2
3963,,2012-08-03,2012-08-06,China,"9,560",News,Typhoons  Damrey and Saola,2,"800,000",2.0,4.9
3964,,2012-08-02,2012-08-06,Nigeria,"16,652",News,Torrential rain,0,"3,000",1.5,5.1
3968,FL-2012-000150-SDN,2012-08-01,2012-08-29,South Sudan • Sudan,"456,059",News,Heavy rain,32,"154,000",1.5,7.3
3956,,2012-07-28,2012-08-06,Philippines,"59,723",News,Tropical Storm Saola,3,"13,000",1.5,6.0
3957,,2012-07-28,2012-07-30,Costa Rica,"20,821",News,Heavy rain,1,"1,500",1.0,4.8
3958,,2012-07-25,2012-07-30,China,"100,601",News,Heavy rain,0,"40,000",1.5,6.0
3954,,2012-07-22,2012-07-25,Nigeria,"45,292",News,Heavy rain,50,"2,000",1.5,5.4
3950,,2012-07-21,2012-07-25,China,"29,832",News,Torrential rain,77,0,2.0,5.5
3953,,2012-07-21,2012-07-23,Philippines,"9,577",News,Monoonal Rain,8,0,1.5,4.6
3952,,2012-07-20,2012-07-23,Indonesia,"8,219",News,Torrential rain,0,586,1.0,4.5
3955,,2012-07-20,2012-08-06,Democratic People's Republic of Korea,"33,082",News,Heavy rain,169,"63,000",2.0,6.1
3951,FF-2012-000120-GEO,2012-07-19,2012-07-23,Georgia,"19,591",News,Torrential rain,0,0,1.0,5.0
3970,,2012-07-15,2012-08-29,Myanmar,"219,815",News,Monsoonal Rain,0,"85,000",1.0,7.0
3948,,2012-07-13,2012-07-16,United States of America,"24,531",News,Torrential rain,0,100,1.5,5.2
3949,,2012-07-09,2012-07-25,China,"92,141",News,Monsoonal Rain,58,"140,000",1.5,6.4
3946,,2012-07-08,2012-07-09,Republic of Moldova,"9,903",News,Heavy rain,0,400,1.5,4.5
3943,FF-2012-000115-RUS,2012-07-06,2012-07-16,Russian Federation,"18,552",News,Torrential rain,171,"24,000",2.0,5.6
3945,,2012-07-04,2012-07-23,India,"2,639",News,Monsoonal Rain,9,"1,500",1.0,4.7
3947,FL-2012-000114-JPN,2012-07-04,2012-07-16,Japan,"7,923",News,Heavy rain,28,"3,000",2.0,5.3
3944,,2012-07-03,2012-07-09,Türkiye,"6,085",News,Torrential rain,10,0,1.5,4.8
3939,,2012-06-24,2012-07-02,Bangladesh,"9,560",News,Monsoonal Rain,106,"102,000",1.5,5.1
3941,,2012-06-23,2012-06-26,Afghanistan,"71,505",News,Torrential rain,0,24,1.5,5.6
3938,,2012-06-22,2012-07-02,United States of America,"67,995",News,,3,"17,000",2.0,6.2
3942,,2012-06-22,2012-07-02,China,"2,643,787",News,Monsoonal Rain,50,"120,000",1.5,7.6
3940,,2012-06-20,2012-06-26,Canada,"213,387",News,Heavy rain,1,700,1.5,6.4
3936,,2012-06-09,2012-06-12,Taiwan (Province of China),"18,941",News,Torrential rain,4,"3,000",1.5,5.1
3937,,2012-06-09,2012-06-12,United States of America,"20,117",News,Torrential rain,1,300,1.5,5.1
3935,,2012-06-08,2012-06-12,Philippines,"23,516",News,Heavy rain,1,700,1.0,5.1
3933,,2012-06-06,2012-06-12,Canada,"673,741",News,Heavy rain,0,0,1.0,6.7
3934,,2012-06-06,2012-07-16,India,"29,190",News,Monsoonal Rain,109,"400,000",1.5,6.3
3932,FL-2012-000083-HND,2012-05-22,2012-05-29,Honduras,"6,519",News,Heavy rain,0,500,1.0,4.7
3930,,2012-05-20,2012-05-29,Uganda,"43,316",News,Heavy rain,0,"3,000",1.0,5.6
3931,,2012-05-20,2012-05-29,Russian Federation,"22,717",News,Heavy rain,0,"1,000",1.5,5.5
3927,,2012-05-13,2012-05-16,United Republic of Tanzania,"45,092",News,Heavy rain,0,300,1.0,5.3
3928,FF-2012-000079-GEO,2012-05-12,2012-05-16,Georgia,"15,849",News,Torrential rain,5,"1,400",1.0,4.9
3929,,2012-05-12,2012-05-16,Afghanistan,"14,163",News,Torrential rain,20,0,1.0,4.9
3926,,2012-05-08,2012-05-16,China,"1,056,108",News,Heavy rain,53,"185,000",1.5,7.2
3923,FL-2012-000071-NPL,2012-05-05,2012-05-07,Nepal,"4,395",News,Avalance Breach,17,0,2.0,4.4
3924,,2012-05-01,2012-05-07,Afghanistan,"21,755",News,Torrential rain,26,0,1.5,5.4
3925,,2012-05-01,2012-05-07,Brazil,"127,883",News,Heavy rain,0,"3,000",2.0,6.3
3921,,2012-04-20,2012-05-16,Kenya,"12,660",News,Torrential rain,56,0,1.5,5.7
3922,,2012-04-20,2012-04-26,Colombia,"74,036",News,Heavy rain,17,"56,000",1.5,5.9
3920,,2012-04-14,2012-04-18,Saudi Arabia • Oman,"233,126",News,Torrential rain,19,0,1.5,6.2
3917,,2012-04-09,2012-04-26,Kenya,"117,773",News,Heavy rain,0,50,1.0,6.3
3918,,2012-04-09,2012-04-18,Rwanda,"43,618",News,Heavy rain,2,300,1.0,5.6
3915,,2012-04-08,2012-04-26,Haiti • Dominican Republic,"35,152",News,Heavy rain,9,"11,000",1.5,6.0
3916,FL-2012-000063-RUS,2012-04-08,2012-04-26,Russian Federation,"681,013",News,Snowmelt,0,"2,600",1.0,7.1
3919,FL-2012-000056-PRY,2012-04-05,2012-04-26,Paraguay • Argentina,"120,345",News,Torrential rain,2,"5,000",1.5,6.6
3912,,2012-03-29,2012-04-18,Fiji,"5,580",News,Heavy rain,6,"14,000",2.0,5.4
3914,,2012-03-26,2012-03-30,Philippines,"5,046",News,Torrential rain,4,0,1.0,4.4
3913,,2012-03-25,2012-03-30,Canada,"5,441",News,Snowmelt,0,500,1.5,4.7
3905,,2012-03-04,2012-03-07,United States of America,"2,046",News,Heavy rain,0,83,1.5,4.1
3906,FL-2012-000037-PSE,2012-03-04,2012-03-07,State of Palestine,594,News,Heavy rain,0,"1,200",1.0,3.4
3907,,2012-03-04,2012-03-07,Indonesia,"4,597",News,Torrential rain,5,0,1.0,4.3
3909,,2012-03-03,2012-03-07,Madagascar • Mozambique,"566,734",News,Tropical Storm Irina,65,0,1.5,6.6
3908,,2012-03-01,2012-03-07,United Republic of Tanzania,"6,852",News,Heavy rain,10,0,1.0,4.7
3910,,2012-03-01,2012-03-26,Ecuador,"39,793",News,Heavy rain,10,"4,700",1.5,6.2
3911,,2012-03-01,2012-03-15,Chile,"88,871",News,Heavy rain,0,"1,000",1.5,6.3
3904,,2012-02-25,2012-02-27,Tunisia,"41,624",News,Torrential rain,3,"1,000",1.5,5.3
3900,,2012-02-20,2012-02-27,Philippines,"39,825",News,Torrential rain,0,"25,000",1.0,5.5
3901,,2012-02-20,2012-02-27,Nigeria • Cameroon,"50,438",News,Heavy rain,5,300,1.0,5.6
3902,,2012-02-20,2012-02-27,Indonesia,"194,383",News,Torrential rain,0,"1,200",1.0,6.2
3903,FL-2012-000032-BOL,2012-02-20,2012-03-26,Brazil • Bolivia (Plurinational State of),"172,064",News,Heavy rain,3,"89,000",2.0,7.1
3898,,2012-02-12,2012-02-14,Philippines,870,News,Heavy rain,0,"13,327",1.5,3.6
3899,,2012-02-12,2012-02-14,Indonesia,"12,054",News,Torrential rain,0,"6,800",1.0,4.6
3897,,2012-02-03,2012-02-06,Greece,"9,251",News,Torrential rain,1,200,1.0,4.6
3896,FL-2012-000019-BGR,2012-02-01,2012-02-06,Bulgaria,"47,137",News,Dam Break Snowmelt Heavy Rain,5,"1,000",1.5,5.6
3895,,2012-01-27,2012-01-29,Indonesia,"7,754",News,Torrential rain,6,"3,000",1.5,4.5
3893,,2012-01-22,2012-02-06,Fiji,"4,928",News,Heavy rain,8,"3,500",1.5,5.1
3894,,2012-01-22,2012-03-07,Australia,"761,154",News,Monsoonal Rain,2,"13,000",2.0,7.8
3892,FL-2012-000017-MWI,2012-01-17,2012-02-14,Mozambique • South Africa,"269,446",News,Tropical Storms Dando and Funso,37,"100,000",1.5,7.1
3889,,2012-01-01,2012-01-09,Thailand,"11,666",News,Torrential rain,0,"1,000",1.0,5.0
3890,FL-2012-000003-BRA,2012-01-01,2012-01-09,Brazil,"416,575",News,Heavy rain,8,"14,000",1.0,6.6
3886,,2011-12-20,2011-12-22,United Republic of Tanzania,"5,901",News,Heavy rain,13,0,2.0,4.5
3888,,2011-12-18,2012-01-04,Indonesia,"2,457",News,Torrential rain,10,54,1.0,4.6
3885,,2011-12-17,2011-12-22,Malaysia,"20,022",News,Torrential rain,0,"3,265",1.0,5.1
3887,,2011-12-17,2011-12-22,Sri Lanka,"2,561",News,Heavy rain,0,"11,000",1.0,4.2
3884,,2011-12-16,2011-12-22,Philippines,"23,574",News,Tropical Storm Washi,957,"1,000",2.0,5.5
3891,,2011-12-15,2012-01-09,Angola,"45,583",News,Heavy rain,0,"5,500",1.0,6.1
3883,,2011-12-13,2011-12-17,New Zealand,"3,888",News,Torrential rain,0,100,2.0,4.6
3882,,2011-12-12,2011-12-17,Indonesia,"1,254",News,Torrential rain,0,42,1.0,3.9
3881,,2011-11-29,2011-12-22,Kenya,"9,789",News,Heavy rain,24,"98,000",1.5,5.5
3878,,2011-11-27,2011-11-30,Indonesia,"11,294",News,Heavy rain,0,500,1.0,4.7
3879,,2011-11-27,2011-12-22,Australia,"45,038",News,Heavy rain,1,60,1.0,6.1
3880,,2011-11-27,2011-12-02,South Africa,"15,385",News,Torrential rain,6,0,1.5,5.1
3877,,2011-11-10,2011-11-15,Philippines,"3,076",News,Torrential rain,0,"30,000",1.5,4.4
3874,,2011-11-09,2011-11-15,Kenya • Somalia,"41,010",News,Torrential rain,4,"10,000",1.5,5.6
3875,,2011-11-09,2011-12-20,Uganda,"22,325",News,Torrential rain,0,"15,000",1.5,6.1
3876,,2011-11-09,2011-12-22,Colombia,"57,194",News,Torrential rain,486,"80,000",2.0,6.7
3872,,2011-10-26,2011-10-29,Ghana,"9,830",News,Torrential rain,14,"43,000",1.0,4.6
3873,,2011-10-26,2011-11-01,Italy,"4,696",News,Torrential rain,7,0,2.0,4.8
3871,,2011-10-10,2011-11-01,Mexico • Guatemala,"311,971",News,Heavy rain,120,"60,000",2.0,7.2
3870,,2011-10-08,2011-10-10,Türkiye,"32,113",News,Torrential rain,3,0,1.0,5.0
3868,,2011-10-01,2011-10-10,China,"24,302",News,Tropical Storm Nesat,0,"132,300",1.5,5.6
3869,,2011-10-01,2011-10-02,Algeria,"288,785",News,Heavy rain,10,200,1.0,5.8
3867,,2011-09-28,2011-10-02,Philippines,"18,520",News,Tropical stroms Pendring and Nalgae,1,"180,000",2.0,5.3
3866,,2011-09-05,2011-10-02,India,"27,752",News,Monsoonal Rain,40,"15,000",1.5,6.1
3865,,2011-08-28,2011-09-08,Sudan,"21,720",News,Heavy rain,0,"1,000",1.0,5.4
3861,,2011-08-27,2011-09-13,United States of America,"252,913",News,,20,"370,000",2.0,7.0
3860,,2011-08-26,2011-09-08,Nigeria,"20,014",News,Torrential rain,20,"3,000",1.5,5.6
3859,,2011-08-25,2011-08-29,Pakistan,"47,599",News,Monsoonal Rain,71,300,2.0,5.7
3864,,2011-08-25,2011-09-13,India,"33,056",News,Monsoonal Rain,0,"5,000",1.5,6.0
3863,,2011-08-20,2011-09-08,Uganda • Kenya,"37,846",News,Heavy rain,31,0,1.5,6.1
3854,,2011-08-15,2011-10-02,India • Nepal,"40,942",News,Monsoonal Rain,158,"70,000",2.0,6.6
3855,,2011-08-15,2011-09-08,Kenya,"20,555",News,Heavy rain,8,"4,000",1.5,5.9
3856,,2011-08-15,2011-09-08,India,"50,117",News,Monsoonal Rain,7,"11,000",1.5,6.3
3857,,2011-08-12,2011-11-01,Pakistan,"32,667",News,Monsoonal Rain,434,"660,000",1.5,6.6
3852,,2011-08-10,2011-09-13,India • Bangladesh,"28,684",News,Monsoonal Rain,47,"700,000",2.0,6.3
3853,FL-2011-00071-VNM,2011-08-10,2011-11-15,Cambodia • Viet Nam,"13,467",News,Tropical Storm Monsoonal Rain,264,"280,000",2.0,6.4
3862,,2011-08-10,2011-09-08,Niger,"74,520",News,Heavy rain,7,"5,000",1.5,6.5
3849,,2011-08-06,2011-08-09,United States of America,"26,045",News,Torrential rain,2,100,1.5,5.2
3850,,2011-08-05,2012-01-09,Thailand,"96,786",News,Tropical Storms Monsoonal Rain,790,"10,000",2.0,7.5
3851,,2011-08-05,2011-08-09,Afghanistan,"27,921",News,Monsoonal Rain,6,20,1.0,5.1
3848,,2011-08-03,2011-08-09,Dominican Republic • Haiti,"28,022",News,Tropical Storm-Emily,3,"7,000",1.5,5.5
3858,,2011-08-01,2011-09-08,China,"1,215,862",News,Monsoonal Rain,22,"50,000",1.5,7.9
3847,,2011-07-27,2011-08-09,Republic of Korea • Democratic People's Republic of Korea,"17,841",News,Heavy rain,53,"29,000",2.0,5.7
3845,,2011-07-23,2011-08-09,India • Nepal,"85,510",News,Dam releases Monsoonal Rain,19,"200,000",1.5,6.4
3846,,2011-07-23,2011-07-29,Brazil,"129,795",News,Heavy rain,10,"20,000",1.5,6.1
3844,,2011-07-22,2011-07-29,Ghana,"55,103",News,Heavy rain,6,"12,571",1.0,5.6
3843,,2011-07-21,2011-07-29,Bangladesh,"19,192",News,Monsoonal Rain,6,"10,000",1.5,5.4
3839,,2011-07-15,2011-07-22,Nigeria,"103,000",News,Heavy rain,13,"1,000",1.5,6.1
3840,,2011-07-15,2011-07-22,Brazil,"200,669",News,Heavy rain,10,"3,000",1.0,6.2
3841,,2011-07-15,2011-07-22,Iran (Islamic Republic of),"15,700",News,Torrential rain,3,0,1.0,5.1
3842,,2011-07-11,2011-07-22,China,"1,341,347",News,Monsoonal Rain,6,"1,600,000",1.5,7.4
3836,,2011-07-02,2011-07-06,Dominican Republic • Haiti,"43,197",News,Heavy rain,4,"4,000",1.5,5.5
3838,,2011-07-02,2011-07-22,Nepal,"46,388",News,Monsoonal Rain,15,0,1.5,6.2
3834,,2011-07-01,2011-07-22,India,"42,377",News,Monsoonal Rain,0,"3,000",1.0,6.0
3835,,2011-07-01,2011-07-22,India,"27,203",News,Monsoonal Rain,0,0,1.0,5.8
3837,,2011-07-01,2011-07-06,Mexico,"185,791",News,Tropical Storm Arlene,11,"300,000",1.5,6.2
3830,,2011-06-28,2011-06-29,Philippines,"6,362",News,Heavy rain,25,0,1.5,4.3
3833,,2011-06-23,2011-06-29,Lao People's Democratic Republic,"36,798",News,Tropical Storm Haima,6,0,1.5,5.6
3832,,2011-06-20,2011-07-06,United States of America • Canada,"16,001",News,Heavy rain,0,"16,000",2.0,5.7
3825,,2011-06-18,2011-06-21,India,"41,240",News,Torrential rain,5,0,1.0,5.2
3826,,2011-06-18,2011-06-21,Georgia,"26,866",News,Torrential rain,4,0,1.0,5.0
3827,,2011-06-16,2011-06-21,Pakistan,"31,965",News,Monsoonal Rain,0,0,1.5,5.5
3828,,2011-06-15,2011-06-21,China,"115,469",News,Heavy rain,0,"2,000",1.5,6.1
3829,,2011-06-15,2011-06-21,Côte d’Ivoire,"14,449",News,Heavy rain,0,500,1.0,5.0
3831,,2011-06-15,2011-06-29,Russian Federation • China,"189,593",News,Heavy rain,0,120,1.0,6.5
3824,,2011-06-11,2011-06-21,Australia,"98,203",News,Heavy rain,0,"2,000",1.0,6.0
3823,,2011-06-08,2011-06-13,Norway,"56,090",News,Heavy rain,0,0,1.0,5.5
3820,,2011-06-05,2011-06-21,Philippines,"71,701",News,Heavy rain,15,"15,000",1.5,6.3
3815,,2011-06-04,2011-07-29,United States of America,"23,538",News,Heavy rain,0,"4,600",1.5,6.3
3817,,2011-06-04,2011-06-13,Haiti • Dominican Republic,"1,115",News,Heavy rain,23,250,1.0,4.0
3818,,2011-06-03,2011-06-06,Algeria,"191,002",News,Heavy rain,4,0,1.0,5.9
3822,,2011-06-02,2011-06-13,Colombia,"236,087",News,Heavy rain,464,0,1.5,6.6
3816,,2011-06-01,2011-06-13,India,"20,807",News,Monsoonal Rain,4,500,1.0,5.4
3819,,2011-06-01,2011-07-06,Canada,"5,634",News,Heavy rain,0,700,1.0,5.3
3821,,2011-06-01,2011-06-29,China,"431,897",News,Monsoonal Rain,175,"1,600,000",2.0,7.4
3814,,2011-05-23,2011-05-24,Serbia,"5,465",News,Torrential rain,0,"5,000",1.0,4.0
3813,,2011-05-22,2011-06-21,United States of America,"171,531",News,Heavy rain,1,"1,100",2.0,7.0
3810,,2011-05-08,2011-05-11,Brazil,"288,020",News,Torrential rain,2,"15,000",1.5,6.2
3811,,2011-05-08,2011-05-11,Philippines,"3,179",News,Tropical Storm Aere,10,0,1.5,4.3
3812,,2011-05-04,2011-06-09,Canada • United States of America,"5,274",News,Heavy rain,0,"1,300",2.0,5.6
3809,,2011-05-01,2011-06-09,United States of America,"239,421",News,Heavy rain,1,"25,000",2.0,7.3
3804,,2011-04-23,2011-04-25,Syrian Arab Republic,"7,089",News,Heavy rain,5,0,1.0,4.3
3808,,2011-04-23,2011-04-25,Indonesia,"9,767",News,Torrential rain,0,"1,800",1.0,4.5
3805,,2011-04-21,2011-04-25,Brazil,"306,994",News,Torrential rain,12,0,1.0,6.2
3802,,2011-04-18,2011-04-25,United States of America,"211,221",News,Torrential rain,3,0,1.0,6.2
3807,,2011-04-15,2011-04-25,Venezuela (Bolivarian Republic of),"37,649",News,Torrential rain,6,0,1.0,5.6
3803,,2011-04-09,2011-05-19,United Republic of Tanzania,"137,263",News,Heavy rain,8,"9,000",1.5,6.9
3800,,2011-04-01,2011-04-10,Indonesia,"17,352",News,Torrential rain,18,"3,000",1.5,5.4
3801,,2011-04-01,2011-04-19,Kazakhstan • Russian Federation,"213,195",News,Heavy rain,0,"9,000",1.5,6.8
3806,,2011-04-01,2011-05-19,Colombia,"270,434",News,Heavy rain,0,"29,000",1.0,7.1
3796,,2011-03-31,2011-04-01,Indonesia,"23,979",News,Heavy rain,0,400,1.0,4.7
3797,,2011-03-31,2011-04-01,Malaysia,"31,581",News,Heavy rain,0,"4,230",1.0,4.8
3794,,2011-03-24,2011-03-25,Malaysia,"7,361",News,Torrential rain,0,406,1.5,4.3
3795,,2011-03-23,2011-04-10,Thailand,"33,575",News,Heavy rain,59,"84,000",2.0,6.1
3793,,2011-03-22,2011-03-28,Australia,"4,650",News,Torrential rain,0,500,2.0,4.8
3798,,2011-03-15,2011-04-19,Namibia • Angola,"102,874",News,Heavy rain,62,"10,000",1.5,6.7
3789,,2011-03-14,2011-03-18,Philippines,"25,964",News,Torrential rain,9,"14,138",1.5,5.3
3792,,2011-03-14,2011-03-18,Australia,"114,051",News,Heavy rain,0,217,2.0,6.1
3790,,2011-03-12,2011-03-18,Brazil,"124,445",News,Heavy rain,10,"31,000",1.5,6.1
3787,,2011-03-11,2011-03-11,Japan,"4,767",News,Tsunami,"10,000","200,000",2.0,4.0
3784,,2011-03-10,2011-03-11,Indonesia,"41,506",News,Torrential rain,12,750,1.5,5.1
3788,,2011-03-10,2011-03-11,Lebanon • Syrian Arab Republic,"2,307",News,Heavy rain,3,0,1.0,3.7
3785,,2011-03-07,2011-03-28,United States of America,"1,163,517",News,Heavy rain,1,0,1.5,7.6
3786,,2011-03-07,2011-03-28,Australia,"457,221",News,Monsoonal Rain,1,0,1.0,7.0
3791,,2011-03-01,2011-03-18,Namibia,"47,809",News,Heavy rain,0,"4,000",1.0,5.9
3783,,2011-02-24,2011-02-26,Indonesia,"4,198",News,Torrential rain,0,"4,000",1.5,4.3
3782,,2011-02-14,2011-02-26,Bolivia (Plurinational State of) • Peru,"122,140",News,Torrential rain,3,"10,000",1.5,6.4
3779,FL-2011-000022-AFG,2011-02-10,2011-02-16,Afghanistan,"63,338",News,Snowmelt,25,"3,000",1.0,5.6
3781,,2011-02-10,2011-02-26,Peru,"135,202",News,Torrential rain,0,300,1.0,6.4
3776,,2011-02-01,2011-02-14,Sri Lanka,"19,891",News,Heavy rain,14,"250,000",1.5,5.6
3777,,2011-02-01,2011-02-04,Philippines,"44,522",News,Torrential rain,11,"2,000",1.5,5.4
3778,FL-2011-000019-LSO,2011-02-01,2011-02-16,Lesotho,"19,634",News,Heavy rain,26,"5,000",1.0,5.5
3780,FL-2011-000021-MYS,2011-02-01,2011-02-16,Malaysia,"36,530",News,Heavy rain,0,"24,000",1.0,5.8
3775,FL-2011-000020-BOL,2011-01-30,2011-01-31,Bolivia (Plurinational State of),"85,175",News,Torrential rain,31,500,1.0,5.2
3772,,2011-01-28,2011-01-31,New Zealand,"12,401",News,Tropical Storm Wilma,0,0,1.5,4.9
3774,FL-2011-000021-MYS,2011-01-28,2011-01-31,Malaysia,"62,168",News,Heavy rain,2,"20,000",1.5,5.6
3771,FL-2011-000014-SAU,2011-01-26,2011-01-31,Saudi Arabia,"30,362",News,Torrential rain,10,0,1.5,5.4
3773,,2011-01-25,2011-01-31,Philippines,"3,624",News,Torrential rain,0,"32,342",1.5,4.6
3770,,2011-01-16,2011-01-18,Indonesia,"10,403",News,Heavy rain,0,"12,000",1.0,4.5
3769,,2011-01-07,2011-01-10,Germany,"17,420",News,Heavy rain,0,0,1.0,4.8
3768,FL-2011-000003-LKA,2011-01-05,2011-01-18,Sri Lanka,"22,133",News,Monsoon Rain,23,"325,000",2.0,5.8
3765,,2011-01-01,2011-01-18,Philippines,"10,774",News,Heavy rain,53,"10,000",2.0,5.6
3766,FL-2011-000002- BRA,2011-01-01,2011-01-18,Brazil,"587,385",News,Heavy rain,665,"100,000",2.0,7.3
3767,FL-2011-000013-MOZ,2011-01-01,2011-02-04,South Africa • Mozambique,"134,636",News,Heavy rain,50,300,1.5,6.8
3764,,2010-12-25,2011-02-04,Australia,"911,256",News,Cylone Tasha Monsoon Rain,35,"175,000",2.0,7.9
3762,,2010-12-19,2010-12-28,United States of America,"355,568",News,Heavy rain,0,"1,000",1.5,6.7
3763,,2010-12-17,2010-12-28,Australia,"175,962",News,Heavy rain,0,0,1.5,6.5
3761,,2010-12-14,2010-12-20,Canada,"19,019",News,Torrential rain,0,"1,000",1.5,5.3
3760,,2010-12-13,2010-12-17,Ukraine,"23,547",News,Heavy rain,0,"4,000",1.0,5.1
3759,,2010-12-08,2010-12-17,Panama,"23,751",News,Torrential rain,10,"2,000",1.5,5.6
3758,,2010-12-06,2010-12-10,Spain,"22,050",News,Heavy rain,0,30,1.0,5.0
3756,FL-2010-000248-ALB,2010-12-03,2010-12-17,Greece • Albania,"27,315",News,Torrential rain,1,0,1.0,5.6
3755,FL-2010-000252-SRB,2010-12-01,2010-12-17,Serbia • Montenegro,"101,737",News,Heavy rain,3,"30,000",2.0,6.5
3753,,2010-11-29,2010-11-30,Morocco,"70,791",News,Torrential rain,30,0,2.0,5.5
3752,,2010-11-27,2010-12-20,Australia,"832,001",News,Heavy rain,5,"3,000",2.0,7.6
3754,,2010-11-25,2010-12-20,Venezuela (Bolivarian Republic of),"180,761",News,Torrential rain,30,"60,000",1.5,6.8
3749,,2010-11-16,2010-11-20,United Kingdom of Great Britain and Northern Ireland,"8,728",News,Heavy rain,0,0,1.5,4.8
3750,,2010-11-15,2010-12-20,Colombia,"1,140,146",News,Heavy rain,250,"800,000",1.5,7.8
3757,FL-2010-000249-IND,2010-11-15,2010-12-07,India,"57,475",News,Monsoon Rain,170,0,1.5,6.3
3748,,2010-11-12,2010-11-15,Belgium,"8,459",News,Heavy rain,3,0,1.5,4.7
3745,FL-2010-000253-LKA,2010-11-11,2010-11-27,Sri Lanka,"11,880",News,Monsoon Rain,2,"300,000",1.5,5.5
3746,,2010-11-08,2010-11-11,Italy,"18,726",News,Heavy rain,0,300,2.0,5.2
3742,TC-2010-000216-HTI,2010-11-05,2010-11-10,Haiti,"39,742",News,Hurricane Tomas,0,0,1.5,5.6
3747,,2010-11-05,2010-11-11,Ghana,"4,568",News,Heavy rain,0,"2,600",1.5,4.7
3738,FL-2010-000219-PHL,2010-11-02,2010-11-05,Philippines,"15,302",News,Torrential rain,9,0,1.5,5.0
3744,,2010-11-02,2010-11-05,Indonesia,"23,685",News,Heavy rain,15,0,1.0,5.0
3751,FL-2010-000241-VNM,2010-11-02,2010-11-27,Viet Nam,"45,584",News,Torrential rain,143,"1,000,000",2.0,6.4
3740,,2010-11-01,2010-11-05,Costa Rica,"10,440",News,Torrential rain,17,"1,000",1.5,4.9
3743,,2010-11-01,2010-11-05,Malaysia,"44,793",News,Heavy rain,0,"40,000",1.0,5.4
3739,,2010-10-30,2010-11-05,Viet Nam,"33,660",News,Heavy rain,18,"35,000",1.0,5.4
3735,,2010-10-16,2010-10-19,Russian Federation,"7,523",News,Torrential rain,13,0,1.5,4.7
3736,,2010-10-16,2010-10-19,China,"24,954",News,Torrential rain,0,"100,000",1.5,5.2
3733,,2010-10-15,2010-10-21,Viet Nam,"109,614",News,Torrential rain,112,"3,000",1.5,6.1
3734,,2010-10-15,2010-10-19,Australia,"21,255",News,Heavy rain,0,0,1.0,5.0
3737,,2010-10-10,2010-11-15,Thailand,"3,874",News,Heavy rain,206,0,2.0,5.5
3731,,2010-10-09,2010-10-12,Australia,"4,896",News,Heavy rain,0,100,1.5,4.5
3729,,2010-10-04,2010-10-12,China,"3,978",News,Torrential rain,0,"200,000",2.0,4.9
3726,,2010-10-02,2010-10-06,Indonesia,"31,989",News,Torrential rain,84,0,1.5,5.4
3727,FL-2010-000194-VNM,2010-10-02,2010-10-12,Viet Nam,"11,137",News,Torrential rain,149,"150,000",1.5,5.3
3728,,2010-10-01,2010-10-06,Mexico,"23,270",News,Torrential rain,0,0,1.0,5.1
3732,,2010-10-01,2010-10-12,Bangladesh,"29,266",News,Heavy rain,15,"500,000",1.5,5.7
3741,,2010-10-01,2010-11-05,Chad,"8,249",News,Heavy rain,0,0,1.5,5.6
3724,,2010-09-26,2010-09-30,Uganda,"3,304",News,Heavy rain,0,600,1.5,4.4
3720,,2010-09-25,2010-09-28,Canada,"45,780",News,Heavy rain,0,720,2.0,5.6
3722,,2010-09-22,2010-09-30,United States of America,"3,873",News,Heavy rain,0,0,2.0,4.8
3723,,2010-09-20,2010-09-30,Thailand,"14,080",News,Torrential rain,2,0,1.5,5.4
3725,,2010-09-20,2010-09-30,Jamaica,"6,787",News,Tropical Storm Nicole,5,0,1.5,5.0
3717,,2010-09-18,2010-09-30,India,"38,538",News,Monsoon Rains,88,"15,000",1.5,5.9
3718,,2010-09-18,2010-09-20,India,"11,290",News,Monsoon Rains,0,0,1.0,4.5
3719,,2010-09-18,2010-09-20,Taiwan (Province of China),"6,726",News,Tropical Storm Fanapi,0,0,2.0,4.6
3721,,2010-09-18,2010-09-30,Mexico,"98,327",News,Tropical Storm Matthew,19,0,2.0,6.4
3715,,2010-09-13,2010-09-30,Nigeria,"8,695",News,Heavy rain,40,"10,000",1.5,5.4
3730,,2010-09-12,2010-11-15,Benin,"26,789",News,Heavy rain,272,"2,000",1.5,6.4
3716,,2010-09-09,2010-09-30,Bangladesh,"7,365",News,Monsoon Rains,0,"140,000",1.5,5.4
3711,,2010-09-07,2010-09-11,United States of America,"15,031",News,,8,0,1.0,4.9
3710,,2010-09-05,2010-09-28,India,"10,844",News,Torrential rain,0,"12,500",1.0,5.4
3713,,2010-09-05,2010-09-17,India,"12,556",News,Torrential rains,1,"30,000",1.5,5.4
3708,,2010-09-01,2010-09-15,Australia,"7,093",News,Heavy rain,0,"10,000",2.0,5.3
3712,,2010-09-01,2010-09-17,India,"15,952",News,Monsoon Rains,0,"78,000",1.5,5.6
3705,,2010-08-26,2010-09-01,Democratic People's Republic of Korea,306,News,Heavy rain,0,"35,000",1.5,3.5
3709,FL-2010-000176-MRT,2010-08-19,2010-08-21,Mauritania,"11,046",News,Torrential rain,0,"4,000",1.5,4.7
3707,,2010-08-15,2010-10-06,Mexico,"14,761",News,Tropical Storm,100,"50,000",2.0,6.2
3714,,2010-08-15,2010-09-17,Chad,"38,022",News,Heavy rain,24,"70,000",1.5,6.3
3702,,2010-08-10,2010-08-11,United States of America,"8,257",News,Torrential rain,1,"1,000",1.0,4.2
3700,,2010-08-06,2010-08-08,India,"145,020",News,Torrential rain,150,180,1.5,5.8
3703,,2010-08-01,2010-09-10,Niger,"619,078",News,Torrential rain,1,"5,000",2.0,7.7
3704,,2010-08-01,2010-09-01,Myanmar,"4,327",News,Torrential rain,0,"20,000",1.0,5.1
3706,,2010-08-01,2010-09-20,Sudan,"58,589",News,Torrential rain,0,"57,135",1.5,6.7
3696,FL-2010-000141-PAK,2010-07-27,2010-11-15,Pakistan,"129,692",News,Monsoonal Rain,"1,750","10,000,000",2.0,7.5
3697,,2010-07-27,2010-08-03,Afghanistan,"176,799",News,Torrential rain,65,180,1.0,6.2
3698,,2010-07-27,2010-08-08,Germany,"45,884",News,Torrential rain,15,"3,000",1.5,6.0
3699,,2010-07-27,2010-08-11,China,"442,536",News,Torrential rain,65,180,1.5,7.0
3701,,2010-07-27,2010-08-08,Democratic People's Republic of Korea,"51,189",News,Torrential rain,0,"17,000",1.0,5.8
3689,,2010-07-25,2010-07-25,United States of America,"214,908",0,,1,500,1.0,5.3
3690,,2010-07-25,2010-07-25,Nepal,"132,629",0,Heavy rain,12,0,1.0,5.1
3691,,2010-07-23,2010-07-25,Indonesia,"106,460",0,Heavy rain,21,"15,000",1.0,5.5
3692,,2010-07-23,2010-08-03,China,"1,049,485",0,Monsoonal Rain,"1,100","300,000",2.0,7.4
3693,,2010-07-23,2010-07-25,Viet Nam,"68,319",0,Tropical Storm Chanthu,8,"12,400",1.0,5.3
3694,,2010-07-23,2010-07-25,Saudi Arabia,"346,153",0,Torrential rain,14,0,1.0,6.0
3687,,2010-07-21,2010-07-23,Pakistan,"14,177",0,Torrential rain,60,0,1.5,4.8
3688,,2010-07-21,2010-07-23,China,"10,513",0,Tropical Storm Chanthu,1,"15,000",1.5,4.7
3695,FL-2010-000145-BFA,2010-07-21,2010-07-25,Burkina Faso,"160,792",0,Heavy rain,14,"20,000",1.0,5.9
3680,,2010-07-12,2010-07-13,Japan,"78,652",0,Torrential rain,0,0,1.0,5.2
3682,,2010-07-12,2010-07-14,India,"192,749",0,Monsoonal Rain,0,"5,000",1.0,5.8
3686,,2010-07-12,2010-07-15,Philippines,"34,784",0,Tropical Storm Basyang,23,0,1.5,5.3
3677,,2010-07-10,2010-07-12,Saudi Arabia,"55,999",0,Torrential rain,7,85,1.0,5.2
3683,,2010-07-10,2010-08-11,Sudan,"100,439",0,Heavy rain,33,"10,000",1.5,6.7
3685,,2010-07-10,2010-07-15,Yemen,"176,264",0,Torrential rain,15,0,1.5,6.2
3681,,2010-07-07,2010-07-23,China,"235,548",0,Torrential rain,0,"10,000",1.5,6.8
3676,,2010-07-06,2010-07-13,China,"396,657",0,Torrential rain,15,0,1.0,6.5
3674,FL-2010-000125-IND,2010-07-05,2010-07-15,India,"147,437",0,Monsoonal Rain,98,"523,000",1.0,6.2
3675,FL-2010-000130-MDA,2010-07-05,2010-07-07,Republic of Moldova,"12,206",0,Heavy rain,0,"2,000",1.0,4.6
3673,,2010-07-02,2010-07-06,Canada,"86,590",0,Heavy rain,0,0,1.5,5.8
3678,,2010-07-01,2010-07-15,China,"575,176",0,Torrential rain,600,"2,400,000",1.0,6.9
3679,,2010-07-01,2010-07-13,Bangladesh,"24,987",0,Monsoonal Rain,0,"600,000",1.0,5.5
3684,,2010-07-01,2010-07-14,Mexico,"68,347",0,Heavy  Rain,0,0,1.5,6.2
3671,TC-2010-000123-MEX,2010-06-30,2010-07-07,Mexico,"209,025",0,Tropical cyclone,6,"50,000",2.0,6.5
3672,FL-2010-000129-UKR,2010-06-27,2010-07-02,Ukraine,"34,504",0,Heavy rain,2,0,1.5,5.5
3668,,2010-06-25,2010-06-27,Taiwan (Province of China),"1,399",0,Torrential rain,0,0,1.0,3.6
3669,FL-2010-000118-CIV,2010-06-25,2010-06-27,Liberia,"183,842",,Torrential rain,12,0,1.0,5.7
3670,FL-2010-000121-DOM,2010-06-25,2010-06-27,Dominican Republic,"15,732",0,Torrential rain,0,0,1.0,4.7
3663,,2010-06-22,2010-06-26,Ghana,"150,908",0,Heavy rain,30,0,1.0,5.9
3664,,2010-06-22,2010-07-12,Romania,"56,733",0,Heavy rain,23,"17,500",2.0,6.4
3665,,2010-06-22,2010-06-26,Bosnia and Herzegovina,"28,642",0,Heavy rain,46,0,1.0,5.2
3666,,2010-06-22,2010-06-24,Pakistan,"9,326",0,Torrential rain,46,0,1.0,4.4
3667,FL-2010-000120-BRA,2010-06-22,2010-06-30,Brazil,"320,129",0,Heavy rain,50,"150,000",2.0,6.8
3661,,2010-06-16,2010-06-17,France,"7,700",0,Torrential rain,19,0,2.0,4.5
3662,FL-2010-000115-MMR,2010-06-15,2010-06-26,Myanmar,"94,870",0,Monsoonal Rain,60,0,1.0,6.1
3659,,2010-06-11,2010-06-11,United States of America,"12,235",0,Torrential rain,20,0,2.0,4.4
3660,,2010-06-11,2010-06-13,Spain,"6,135",0,Torrential rain,2,0,1.5,4.4
3658,TC-2010-000108-PAK,2010-06-06,2010-06-07,Pakistan,"59,029",0,Tropical cyclone,23,"4,000",1.0,5.1
3655,,2010-05-29,2010-05-31,Canada,"25,788",0,Heavy rain,0,0,1.0,4.9
3656,FL-2010-000107-PHL,2010-05-29,2010-06-01,Philippines,"22,340",0,Torrential rain,27,0,1.0,5.0
3657,,2010-05-29,2010-06-11,Hungary,"174,970",0,Heavy rain,0,"3,000",1.0,6.4
3654,,2010-05-25,2010-05-31,New Zealand,"25,183",0,Heavy rain,0,0,2.0,5.5
3652,TC-2010-000097-IND,2010-05-18,2010-05-24,India,"63,171",0,Heavy rain,27,"50,000",1.0,5.6
3653,TC-2010-000105-GTM,2010-05-18,2010-05-24,Guatemala,"68,697",0,Tropical cyclone,172,"94,000",2.0,6.0
3648,FF-2010-000094-CZE,2010-05-15,2010-05-24,Czechia,"121,759",,Heavy rain,12,0,2.0,6.4
3650,,2010-05-15,2010-06-26,India,"23,813",0,Monsoonal Rain,0,"10,000",1.5,6.2
3651,FL-2010-000122-CHN,2010-05-15,2010-06-28,China,"234,213",0,Monsoonal Rain,379,"2,370,000",1.5,7.2
3645,,2010-05-08,2010-05-10,Indonesia,"24,519",0,Heavy rain,0,0,1.0,4.9
3646,,2010-05-08,2010-05-24,Kenya,"196,058",0,Heavy rain,100,"70,000",1.5,6.7
3647,,2010-05-08,2010-05-23,Pakistan,"6,707",0,Heavy rain,0,0,1.0,5.0
3649,FL-2010-000092-LKA,2010-05-08,2010-05-23,Sri Lanka,"19,208",0,Heavy rain,20,"75,000",1.0,5.5
3644,FL-2010-000087-TJK,2010-05-06,2010-05-08,Tajikistan,"23,137",0,Torrential rain,24,400,1.0,4.8
3642,,2010-05-05,2010-05-06,Yemen,"38,890",0,Torrential rain,7,0,1.0,4.9
3643,FL-2010-000086-AFG,2010-05-04,2010-05-14,Afghanistan,"65,811",0,Torrential rain,70,"40,000",1.0,5.9
3641,,2010-05-01,2010-05-04,United States of America,"79,124",0,Heavy rain,30,"8,000",1.0,5.5
3635,,2010-04-20,2010-04-22,Serbia,"13,990",0,Heavy rain,0,0,1.0,4.6
3638,,2010-04-20,2010-04-21,China,"19,904",0,Heavy rain,0,0,1.0,4.6
3636,,2010-04-18,2010-04-21,India,"13,472",0,Heavy rain,0,300,2.0,5.0
3637,,2010-04-17,2010-04-21,Cuba,"10,658",0,Heavy rain,0,84,1.0,4.7
3639,FL-2010-000077-NAM,2010-04-16,2010-04-21,Namibia,"64,628",0,Heavy rain,0,"11,000",1.0,5.6
3640,,2010-04-16,2010-05-02,Indonesia,"103,902",0,Heavy rain,0,0,1.0,6.2
3634,,2010-04-12,2010-04-13,Somalia,"50,278",0,Heavy rain,0,200,1.0,5.0
3632,FL-2010-000067-BRA,2010-04-04,2010-04-07,Brazil,"15,006",0,Torrential rain,400,0,1.0,4.8
3799,,2010-04-01,2011-05-24,United States of America • Canada,"46,208",News,Heavy rain,5,"3,600",2.0,7.6
3629,,2010-03-27,2010-03-31,United States of America,"240,302",0,Heavy rain,0,0,2.0,6.4
3630,,2010-03-27,2010-03-31,Latvia,"79,653",0,Snowmelt,0,0,1.0,5.6
3633,FL-2010-000070-BGD,2010-03-27,2010-04-07,Bangladesh,"7,063",0,Heavy rain,104,0,1.0,4.9
3628,,2010-03-26,2010-03-31,Russian Federation,"187,689",0,Snowmelt,0,0,1.0,6.1
3631,,2010-03-26,2010-03-31,Rwanda,"8,863",0,Heavy rain,4,0,1.0,4.7
3626,,2010-03-24,2010-03-26,India,"16,886",0,Monsoon Rain,0,0,1.0,4.7
3627,FL-2010-000063-IDN,2010-03-24,2010-03-26,Indonesia,"149,971",0,Torrential rain,0,"25,000",1.0,5.7
3624,FL-2010-000051-KAZ,2010-03-11,2010-03-26,Kazakhstan,"323,847",0,Heavy rain,43,"5,000",2.0,7.0
3622,,2010-03-10,2010-03-17,United States of America,"48,983",0,Heavy rain,0,0,1.0,5.6
3625,,2010-03-10,2010-03-24,United States of America,"1,015,176",0,Heavy rain,0,0,1.0,7.2
3620,,2010-03-07,2010-03-12,Uganda,"75,197",0,Heavy rain,0,"20,000",1.0,5.7
3621,,2010-03-07,2010-05-03,Kenya,"40,320",0,Torrential rain,26,"2,500",1.5,6.5
3619,,2010-03-02,2010-03-04,Peru,"57,890",0,Heavy rain,7,20,1.0,5.2
3616,FL-2010-000038-ZMB,2010-03-01,2010-03-17,Zambia,"85,512",0,Heavy rain,0,115,1.0,6.2
3617,FL-2010-000041-SOM,2010-03-01,2010-03-11,Ethiopia,"104,208",0,Heavy rain,0,"16,000",1.0,6.1
3618,FL-2010-000042-SRB,2010-03-01,2010-03-02,Serbia,"46,897",0,Heavy rain,0,"4,000",1.0,5.0
3623,FL-2010-000049-AGO,2010-03-01,2010-03-31,Angola,"274,099",0,Heavy rain,12,"11,500",1.0,6.9
3612,,2010-02-28,2010-03-02,France,"30,834",0,Storm Surge and Heavy Rai,48,500,2.0,5.3
3613,FL-2010-000037-HTI,2010-02-28,2010-03-02,Haiti,"3,836",0,Heavy rain,13,0,1.0,4.1
3615,,2010-02-28,2010-03-17,Australia,"431,682",0,Heavy rain,0,0,2.0,7.2
3611,,2010-02-23,2010-02-24,Spain,"98,474",0,Heavy rain,32,"1,200",1.0,5.3
3614,FL-2010-000046-MOZ,2010-02-22,2010-03-28,Mozambique,"26,372",0,Heavy rain,2,"130,000",1.0,6.0
3610,,2010-02-19,2010-02-20,Portugal,483,0,Torrential rain,32,0,2.0,3.3
3606,,2010-02-15,2010-02-16,Australia,"20,652",0,Torrential rain,0,0,2.0,4.9
3605,,2010-02-14,2010-02-15,Dominican Republic,"2,791",0,Torrential rain,0,150,1.0,3.7
3607,,2010-02-13,2010-02-20,Bulgaria,"87,346",0,Heavy rain,0,0,1.0,5.8
3608,,2010-02-13,2010-02-16,Australia,"311,949",0,Heavy rain,0,0,2.0,6.4
3609,FL-2010-000023-ECU,2010-02-10,2010-02-17,Peru,"305,772",0,Torrential rain,0,"80,000",1.0,6.4
3603,,2010-02-05,2010-02-07,Australia,"188,865",0,Heavy rain,2,0,1.0,5.8
3604,FL-2010-000021-AFG,2010-02-05,2010-02-10,Afghanistan,"105,873",0,Heavy rain,20,200,2.0,6.1
3600,,2010-01-29,2010-02-02,New Zealand,"44,179",0,Heavy rain,0,0,1.0,5.3
3599,,2010-01-27,2010-01-29,South Africa,"87,777",0,Heavy rain,0,"1,400",1.0,5.4
3601,,2010-01-27,2010-02-05,Bolivia (Plurinational State of),"292,809",0,Heavy rain,0,0,1.0,6.5
3602,,2010-01-26,2010-02-13,Mexico,"122,621",0,Heavy rain,41,"20,000",1.0,6.4
3597,,2010-01-25,2010-01-30,Peru,"135,282",0,Torrential rain,20,0,2.0,6.2
3598,,2010-01-25,2010-01-28,Mozambique,"72,704",0,Heavy rain,3,0,1.0,5.5
3594,FL-2010-000012-EGY,2010-01-18,2010-01-19,Egypt,"226,051",0,Torrential rain,10,"7,000",1.5,5.8
3595,,2010-01-18,2010-01-22,United States of America,"103,983",0,Torrential rain,3,0,1.5,5.9
3592,,2010-01-11,2010-01-13,Panama,"23,338",0,Heavy rain,0,"1,000",1.0,4.8
3596,,2010-01-10,2010-01-28,Brazil,"55,636",0,Heavy rain,72,"6,000",1.5,6.2
3591,,2010-01-04,2010-01-13,Albania,"60,173",0,Heavy rain,0,"1,500",1.5,6.0
3588,,2010-01-01,2010-01-10,Brazil,"210,052",0,Torrential rain,85,"2,500",2.0,6.6
3590,,2010-01-01,2010-01-13,Australia,"301,379",0,Tropical cyclone,0,"1,000",1.5,6.8
3593,FL-2010-000008-BOL,2010-01-01,2010-01-13,Bolivia (Plurinational State of),"102,221",0,Heavy rain,5,"4,500",1.0,6.1
3584,,2009-12-25,2009-12-27,United Republic of Tanzania,"167,332",0,Heavy rain,1,"3,000",1.0,5.7
3585,,2009-12-25,2009-12-26,Morocco,"157,481",0,Torrential rain,5,25,1.0,5.5
3586,,2009-12-25,2009-12-28,Australia,"149,318",0,Heavy rain,0,0,1.0,5.8
3587,,2009-12-21,2009-12-27,Italy,"40,933",0,Torrential rain,0,500,1.0,5.5
3589,FL-2010-000003-KEN,2009-12-21,2010-01-13,Kenya,"176,699",0,Heavy rain,21,"30,000",1.0,6.6
3583,FL-2009-000261-PER,2009-12-20,2009-12-21,Peru,"172,579",0,Heavy rain,0,0,1.0,5.5
3581,TC-2009-000258-FJI,2009-12-14,2009-12-15,Fiji,"4,709",0,Tropical Storm Mick,3,700,1.0,4.0
3582,FF-2009-000260-LKA,2009-12-14,2009-12-16,Sri Lanka,"15,649",0,Torrential rain,0,"300,000",1.0,4.7
3580,,2009-12-12,2009-12-15,United States of America,"314,990",0,Heavy rain,0,0,1.0,6.1
3579,FL-2009-000251-SAU,2009-11-24,2009-11-26,Saudi Arabia,"114,601",0,Torrential rain,116,0,1.0,5.5
3575,,2009-11-21,2009-11-22,Türkiye,"15,625",0,Torrential rain,4,0,1.0,4.5
3576,FF-2009-000246-LKA,2009-11-21,2009-11-22,Sri Lanka,920,0,Torrential rain,0,"60,000",1.0,3.3
3577,FL-2009-000248-URY,2009-11-21,2009-12-08,Uruguay,"43,485",0,Torrential rain,12,"22,000",1.5,6.1
3578,FL-2009-000247-MYS,2009-11-21,2009-11-27,Malaysia,"37,560",0,Heavy rain,0,"9,062",1.0,5.4
3573,,2009-11-19,2009-12-05,United Kingdom of Great Britain and Northern Ireland,"106,622",0,Heavy rain,0,0,2.0,6.6
3574,,2009-11-19,2009-11-20,Singapore,"1,051",0,Torrential rain,0,0,1.5,3.5
3571,,2009-11-15,2009-11-16,Spain,"39,816",0,Torrential rain,0,"1,793",1.0,4.9
3572,,2009-11-14,2009-11-22,Argentina,"415,045",0,Heavy rain,0,"1,793",1.0,6.6
3568,,2009-11-12,2009-11-13,Brazil,"47,897",0,Torrential rain,3,200,1.0,5.0
3567,,2009-11-10,2009-11-13,United States of America,"468,142",0,,0,0,1.0,6.3
3569,,2009-11-10,2009-11-13,United Republic of Tanzania,"194,788",0,Heavy rain,20,0,1.0,5.9
3570,,2009-11-10,2009-11-16,Malaysia,"14,486",0,Heavy rain,0,"1,793",1.0,5.0
3563,FL-2009-000238-SLV,2009-11-07,2009-11-09,El Salvador,"5,541",0,Heavy rain,192,"35,000",2.0,4.5
3564,,2009-11-07,2009-11-09,Australia,"98,553",0,Heavy rain,0,0,1.0,5.5
3565,FL-2009-000237-THA,2009-11-07,2009-11-08,Thailand,"63,931",0,Monsoonal Rain,15,"6,800",1.0,5.1
3566,FL-2009-000237-THA,2009-11-03,2009-11-08,India,"35,725",0,Torrential rain,70,0,1.5,5.5
3561,,2009-11-01,2009-11-03,United Kingdom of Great Britain and Northern Ireland,"14,194",0,Heavy rain,0,0,1.0,4.6
3562,,2009-11-01,2009-11-12,Mexico,"44,315",0,Heavy rain,0,"200,000",1.5,5.9
3560,FL-2009-000234-PHL,2009-10-30,2009-11-04,Philippines,"124,932",0,Tropical Storm Mirinae,0,98,1.5,6.1
3559,FL-2009-000226-PRY,2009-10-26,2009-10-28,Paraguay,"163,341",0,Heavy rain,0,0,1.0,5.7
3558,,2009-10-23,2009-10-26,Viet Nam,"28,284",0,Tropical Storm,1,0,1.0,5.1
3555,,2009-10-20,2009-10-26,Nigeria,"53,018",0,Heavy rain,0,"5,000",1.0,5.6
3557,FF-2009-000229-SOM,2009-10-20,2009-10-28,Kenya,"197,665",0,Heavy rain,0,"2,000",1.0,6.3
3554,TC-2009-000221-JPN,2009-10-07,2009-10-09,Japan,"106,326",0,Typhoon Melor,0,"5,000",1.0,5.5
3553,FL-2009-000219-NPL,2009-10-04,2009-10-12,Nepal,"129,718",0,Heavy rain,45,0,2.0,6.4
3552,TC-2009-000214-PHL,2009-10-02,2009-10-17,Philippines,"34,499",0,Typhoon Parma,438,"40,000",2.0,6.0
3550,FL-2009-000216-ITA,2009-10-01,2009-10-02,Italy,"1,227",0,Torrential rain,22,0,2.0,3.7
3549,TS-2009-000209-ASM,2009-09-29,2009-09-29,American Samoa,"207,343",0,Tsunami,100,0,2.0,5.6
3548,TC-2009-000205-VNM,2009-09-28,2009-10-01,Viet Nam,"49,034",0,Tropical storm Ketsana,182,"357,000",2.0,5.6
3546,,2009-09-27,2009-09-28,Spain,"2,459",0,Heavy rain,0,0,1.0,3.7
3545,FL-2009-000207-VNM,2009-09-25,2009-09-28,Viet Nam,"47,598",0,Heavy rain,17,"40,000",1.5,5.5
3547,TC-2009-000205-PHL,2009-09-25,2009-10-01,Philippines,"25,299",0,Tropical storm Ketsana/On,420,"200,000",2.0,5.5
3551,FL-2009-000217-IND,2009-09-25,2009-10-12,India,"309,689",0,Heavy rain,303,0,2.0,7.0
3544,FL-2009-000203-USA,2009-09-21,2009-09-28,United States of America,"225,395",0,Heavy rain,8,220,1.5,6.4
3556,,2009-09-21,2009-10-15,Niger,"133,560",0,Heavy rain,0,0,1.0,6.5
3542,,2009-09-17,2009-09-21,Ghana,"73,812",0,Heavy rain,0,"5,000",2.0,5.9
3541,FF-2009-000196-IDN,2009-09-15,2009-09-16,Indonesia,"47,760",0,Torrential rain,38,0,2.0,5.3
3540,,2009-09-10,2009-09-18,Nigeria,"64,201",0,Heavy rain,0,"3,000",2.0,6.1
3543,,2009-09-10,2009-09-19,Mexico,"33,561",0,Heavy rain,0,0,2.0,5.8
3536,,2009-09-07,2009-09-10,Türkiye,"3,687",0,Torrential rain,31,0,2.0,4.5
3539,,2009-09-06,2009-09-10,India,"25,504",0,Dam release,0,"37,000",2.0,5.4
3537,TC-2009-000193-PHL,2009-09-01,2009-09-10,Philippines,"36,441",0,Tropical Storm,9,0,2.0,5.9
3538,FL-2009-000192-MEX,2009-09-01,2009-09-10,Mexico,"34,563",0,Heavy rain,0,0,1.0,5.5
3535,,2009-08-28,2009-09-01,China,"81,301",0,Heavy rain,42,"118,000",1.0,5.6
3531,FL-2009-000164-SEN,2009-08-24,2009-08-26,Senegal,"8,511",0,Heavy rain,0,0,1.0,4.4
3530,,2009-08-18,2009-08-27,India,"72,245",0,Monsoon Rain,0,"300,000",1.0,5.9
3532,,2009-08-16,2009-08-22,Nepal,"13,717",0,Heavy rain,7,"6,265",1.0,5.0
3533,FL-2009-000166-SDN,2009-08-16,2009-08-22,Sudan,"59,849",0,Heavy rain,5,"80,000",1.0,5.6
3526,F-2009-000159-PAK,2009-08-15,2009-08-17,Pakistan,"30,560",0,Torrential rain,27,"1,200",1.5,5.1
3528,FF-2009-000160-LKA,2009-08-15,2009-08-16,Sri Lanka,"4,744",0,Torrential rain,0,0,1.0,4.0
3529,,2009-08-15,2009-08-27,India,"84,898",0,Dam release and Heavy  Ra,14,"1,000,000",1.0,6.0
3527,FL-2009-000155-LAO,2009-08-10,2009-08-11,Lao People's Democratic Republic,"24,950",0,Heavy rain,10,0,1.0,4.7
3534,,2009-08-10,2009-09-02,Mauritania,"4,814,281",0,Heavy rain,12,"300,000",1.0,8.1
3522,TC-2009-000150-TWN,2009-08-09,2009-08-12,Taiwan (Province of China),"24,906",0,Tropical cyclone,500,"2,000,000",2.0,5.3
3523,,2009-08-09,2009-08-10,Japan,"18,367",0,Tropical cyclone,12,"2,000",1.5,4.7
3524,LS-2009-000158-SLE,2009-08-09,2009-08-10,Sierra Leone,"11,893",0,Heavy rain,7,300,1.0,4.4
3520,,2009-08-07,2009-08-08,Philippines,"24,557",0,Tropical cyclone,20,"173,000",1.5,4.9
3521,,2009-08-07,2009-08-10,China,"30,538",0,Heavy rain,0,"7,250",1.5,5.3
3525,,2009-08-04,2009-08-05,United States of America,"6,535",0,Torrential rain,0,0,1.0,4.1
3519,,2009-08-01,2009-08-04,India,"21,199",0,Levee failure,0,"3,000",1.5,5.1
3517,,2009-07-28,2009-07-29,Türkiye,"9,641",0,Torrential rain,0,0,1.0,4.3
3514,,2009-07-26,2009-08-04,China,"201,114",News,Torrential rain,22,0,1.0,6.3
3515,,2009-07-26,2009-07-27,Japan,"9,647",News,Torrential rain,28,0,1.0,4.3
3516,,2009-07-26,2009-07-28,Nepal,"18,727",0,Monsoon Rains,22,0,1.0,4.7
3518,,2009-07-25,2009-08-04,Philippines,"36,975",0,Torrential rain,10,"200,000",1.5,5.8
3512,,2009-07-20,2009-07-22,Japan,"11,850",News,Torrential rain,16,400,1.5,4.7
3513,,2009-07-20,2009-07-22,Türkiye,"13,171",News,Torrential rain,0,"3,000",1.0,4.6
3510,,2009-07-18,2009-07-19,United Kingdom of Great Britain and Northern Ireland,"3,359",0,Torrential rain,0,0,1.0,3.8
3508,FL-2009-000139-PAK,2009-07-17,2009-07-19,Pakistan,"10,367",News,Torrential rain,26,0,1.0,4.5
3506,TC-2009-000137-PHL,2009-07-16,2009-07-18,Philippines,"47,244",0,Tropical cyclone,5,0,1.0,5.2
3509,,2009-07-16,2009-07-19,Austria,"2,765",News,Torrential rain,0,0,1.0,4.0
3511,FL-2009-000140-MNG,2009-07-16,2009-07-19,Mongolia,"138,926",News,Torrential rain,26,300,2.0,6.0
3502,FL-2009-000135-MEX,2009-07-14,2009-07-16,Mexico,"51,612",0,Heavy rain,11,0,1.0,5.2
3503,FL-2009-000133-ZAF,2009-07-12,2009-07-16,South Africa,"32,700",0,Heavy rain,11,"20,000",1.0,5.2
3505,,2009-07-12,2009-07-17,Malaysia,"136,568",0,Heavy rain,0,300,1.0,5.9
3504,,2009-07-11,2009-07-17,India,"63,616",News,Heavy rain,0,0,1.0,5.6
3507,FL-2009-000136-BIH,2009-07-07,2009-07-15,Bosnia and Herzegovina,"6,061",0,Heavy rain,0,0,1.0,4.7
3501,,2009-07-06,2009-07-17,Ghana,"77,547",0,Heavy rain,5,300,1.0,6.0
3495,FL-2009-000123-BGD,2009-07-03,2009-07-06,Bangladesh,"49,032",News,Torrential rain,20,"700,000",1.0,5.3
3496,FL-2009-000122-IND,2009-07-03,2009-07-06,India,"128,962",News,Torrential rain,6,0,1.0,5.7
3497,,2009-07-01,2009-07-06,India,"99,877",News,Heavy rain,0,"500,000",1.0,5.8
3498,,2009-07-01,2009-07-06,China,"542,052",News,Heavy rain,20,"700,000",1.5,6.7
3499,FL-2009-00127BEN,2009-07-01,2009-07-17,Benin,"55,064",0,Heavy rain,0,"3,000",1.0,6.0
3493,FL-2009-000120-BWA,2009-06-21,2009-06-28,Botswana,"571,677",News,Heavy rain,13,0,1.5,6.8
3487,MS-2009-000115-CIV,2009-06-20,2009-06-22,Côte d’Ivoire,"10,724",News,Heavy rain,5,0,1.0,4.5
3489,FL-2009-000113-CHN,2009-06-20,2009-06-22,China,"82,900",News,Heavy rain,0,0,1.0,5.4
3490,FL-2009-000117-GTM,2009-06-19,2009-06-22,Guatemala,"127,037",News,Heavy rain,8,"106,000",1.0,5.7
3491,,2009-06-19,2009-06-22,Austria,"12,251",News,Heavy rain,0,0,1.0,4.7
3492,FL-2009-000121-CZE,2009-06-19,2009-06-24,Czechia,"47,135",News,Heavy rain,0,0,1.0,5.5
3488,,2009-06-10,2009-06-12,United States of America,"33,319",News,Heavy rain,18,0,1.0,5.0
3486,,2009-05-25,2009-05-26,Ghana,"9,340",News,Tropical Storm,115,"20,000",1.5,4.4
3481,,2009-05-19,2009-05-28,China,"201,150",News,Heavy rain,0,"16,000",1.5,6.5
3482,FL-2009-000095-TJK,2009-05-19,2009-05-21,Tajikistan,"62,469",News,Heavy rain,0,0,1.0,5.3
3483,,2009-05-18,2009-05-21,Haiti,"5,754",News,Heavy rain,0,0,1.5,4.5
3484,,2009-05-15,2009-05-21,United States of America,"13,739",News,Heavy rain,21,0,1.5,5.2
3480,,2009-05-11,2009-05-13,Australia,"68,692",News,Heavy rain,0,0,1.0,5.3
3494,FL-2009-000124-VNM,2009-05-10,2009-07-01,Viet Nam,"69,856",News,Heavy rain,0,0,1.0,6.6
3478,,2009-05-03,2009-05-08,United States of America,"16,459",News,,47,"65,000",1.5,5.2
3479,,2009-05-03,2009-05-10,Afghanistan,"58,894",News,Heavy rain,0,0,2.0,6.0
3477,TC-2009-000093-PH,2009-05-01,2009-06-07,Philippines,"21,367",News,snowmelt,0,0,1.5,6.1
3476,,2009-04-22,2009-05-14,United States of America,"484,757",News,Heavy rain,39,"408,000",2.0,7.3
3475,FL-2009-000089-BRA,2009-04-20,2009-04-29,Brazil,"524,373",News,Heavy rain,5,0,1.5,6.9
3485,,2009-04-20,2009-05-15,Bangladesh,"27,819",News,Heavy rain,21,"15,000",1.5,6.0
3474,,2009-04-17,2009-04-27,United States of America,"6,813",News,Heavy rain,0,"20,000",1.0,4.9
3473,,2009-04-12,2009-04-15,Indonesia,"9,797",News,Heavy rain,0,"8,000",1.0,4.6
3470,,2009-04-06,2009-04-09,Canada,"20,494",News,Heavy rain,0,"1,000",2.0,5.2
3472,FL-2009-000075-BDI,2009-04-06,2009-04-30,Burundi,"11,708",News,Heavy rain,0,"1,200",1.5,5.6
3471,FL-2009-000080-AFG,2009-04-01,2009-04-09,Afghanistan,"88,517",News,Ice jam/break-up,0,200,1.0,5.9
3466,,2009-03-30,2009-03-31,Indonesia,"19,204",News,Torrential rain,0,"1,000",1.0,4.6
3469,,2009-03-30,2009-03-31,United States of America,"82,062",News,Heavy rain,0,0,1.5,5.4
3467,FL-2009-000068-ZMB,2009-03-27,2009-03-27,Zambia,"1,148,027",News,Dam Break Heavy Rain,99,"1,600",1.0,6.1
3465,FF-2009-000069-IDN,2009-03-24,2009-04-20,Indonesia,"44,401",News,Snowmelt and Heavy Rain,0,"5,000",2.0,6.4
3464,,2009-03-17,2009-03-19,United States of America • Canada,"39,742",News,Heavy rain,1,330,1.0,5.1
3461,,2009-03-06,2009-03-13,Mozambique,"29,982",News,Heavy rain,0,0,1.0,5.4
3462,FL-2009-000063-AGO,2009-03-04,2009-03-09,Angola,"187,933",News,Heavy rain,0,0,1.0,6.1
3463,,2009-03-01,2009-03-19,Malaysia,"15,411",News,Heavy rain,90,"20,000",1.0,5.5
3460,,2009-02-28,2009-03-03,United States of America,"94,116",News,Heavy rain,5,300,1.0,5.6
3468,,2009-02-27,2009-04-25,Australia,"56,501",News,Heavy rain,150,"54,000",2.0,6.8
3459,,2009-02-23,2009-03-09,South Africa,"56,344",News,Heavy rain,1,"20,000",1.5,6.1
3453,,2009-02-15,2009-02-17,Peru,"85,604",News,Heavy rain,6,"10,000",1.0,5.4
3454,,2009-02-15,2009-02-17,Angola,"61,812",News,Heavy rain,1,300,1.0,5.3
3455,FL-2009-000039-CRI,2009-02-14,2009-02-16,Costa Rica,"7,232",News,Heavy rain,2,415,1.0,4.3
3451,,2009-02-12,2009-02-16,Brazil,"109,293",News,Heavy rain,13,"3,000",1.5,5.9
3452,FL-2009-000052-COL,2009-02-12,2009-02-16,Colombia,"72,654",News,Heavy rain,0,"3,000",1.5,5.7
3458,FL-2009-000053-IDN,2009-02-12,2009-02-23,Indonesia,"21,571",News,Heavy rain,0,0,1.0,5.4
3449,,2009-02-09,2009-02-10,United States of America,"47,812",News,Torrential rain,9,0,1.5,5.2
3450,FL-2009-000032-SLR,2009-02-09,2009-02-10,Solomon Islands,"117,999",News,Heavy rain,0,"1,000",1.5,5.5
3445,FL-2009-000034-MAR,2009-02-07,2009-02-09,Morocco,"188,227",News,Heavy rain,5,0,2.0,6.1
3448,,2009-02-07,2009-02-12,Argentina,"225,551",News,Heavy rain,0,0,1.5,6.3
3456,FL-2009-000044-BIH,2009-02-05,2009-02-16,Bosnia and Herzegovina,"20,487",News,Heavy rain,0,0,1.0,5.4
3444,,2009-02-02,2009-02-12,Philippines,"8,473",News,Heavy rain,0,"2,000",1.0,5.0
3447,,2009-02-02,2009-02-12,United Kingdom of Great Britain and Northern Ireland,"76,952",News,Heavy rain,5,"10,000",1.0,5.9
3446,FL-2009-000031-DOM,2009-02-01,2009-02-12,Dominican Republic,"15,152",News,Heavy rain,24,"2,000",1.5,5.4
3457,FL-2009-000045-BOL,2009-02-01,2009-02-16,Bolivia (Plurinational State of),"167,874",News,Heavy rain,0,0,1.0,6.4
3443,,2009-01-28,2009-02-02,Malaysia,"52,062",News,Heavy rain,18,"12,000",1.0,5.5
3438,,2009-01-26,2009-01-27,Australia,"427,405",News,Heavy rain,5,200,1.0,5.9
3440,,2009-01-26,2009-02-27,Algeria,"132,807",News,Tropical Storm Dominic Heavy Rains,0,400,2.0,6.9
3441,,2009-01-26,2009-01-27,Madagascar,"207,787",News,Heavy rain,33,0,1.0,5.6
3434,,2009-01-23,2009-01-26,Romania,"19,410",News,Heavy rain,11,0,1.0,4.9
3435,,2009-01-23,2009-01-26,Dominican Republic,"14,542",News,Snowmelt,11,0,1.0,4.8
3439,FL-2009-000648,2009-01-22,2009-02-02,Australia,"477,523",News,Heavy rain,0,0,1.0,6.8
3442,,2009-01-22,2009-01-29,Indonesia,"60,609",News,Tropical Storm Fanele,3,"3,000",1.0,5.7
3437,,2009-01-20,2009-01-27,Philippines,"17,181",News,Heavy rain,11,0,1.0,5.1
3433,,2009-01-08,2009-01-16,France,"173,200",News,Heavy rain,11,"9,400",2.0,6.5
3436,,2009-01-08,2009-01-16,Brazil,"1,186,391",News,Heavy rain,11,0,1.0,7.0
3428,,2009-01-03,2009-01-13,Australia,"776,848",News,Tropical Storm and Heavy Rain,28,"200,000",1.0,6.9
3430,,2008-12-29,2009-01-19,United States of America,"35,113",News,Heavy rain,0,"10,000",1.0,5.9
3431,,2008-12-29,2009-01-16,Viet Nam,"29,579",News,Heavy rain,0,0,1.5,5.9
3427,TC-2009-00005-PHL,2008-12-28,2009-01-19,Philippines,"36,190",News,Heavy rain,25,"3,500",1.0,5.9
3429,,2008-12-28,2009-01-12,Malaysia,"76,574",News,Tropical Storm Charlotte; Monsoon r,0,0,1.5,6.3
3424,,2008-12-26,2008-12-28,United States of America,"66,257",News,Snowmelt,0,0,1.0,5.3
3425,,2008-12-26,2008-12-28,Indonesia,"126,659",News,Heavy rain,0,0,1.0,5.6
3426,,2008-12-26,2009-01-12,Mozambique,"125,967",News,Heavy rain,24,0,1.0,6.4
3432,FL-2009-000010-FJI,2008-12-25,2009-01-05,Fiji,"7,294",News,Heavy rain,9,"20,000",1.0,4.9
3421,,2008-12-13,2008-12-14,Colombia,"195,388",News,Torrential rain,2,0,1.0,5.6
3422,FL-2008-200246-GUY,2008-12-13,2009-01-12,Guyana,"39,998",News,Heavy rain,76,"1,200,000",1.5,6.3
3419,,2008-12-11,2008-12-15,United States of America,"4,905",News,Heavy rain,0,0,1.0,4.4
3420,,2008-12-11,2008-12-15,United Kingdom of Great Britain and Northern Ireland,"21,322",News,Torrential rain,0,200,1.0,5.0
3423,,2008-12-10,2008-12-17,United States of America,"313,351",News,Heavy rain,0,0,1.0,6.4
3415,,2008-12-01,2008-12-04,Philippines,"24,108",News,High Tides,0,0,2.0,5.3
3416,,2008-12-01,2008-12-10,Thailand,"15,655",News,Heavy rain,18,"50,000",2.0,5.5
3418,,2008-12-01,2008-12-08,Italy,"5,424",News,Heavy rain,0,"2,000",1.0,4.6
3414,,2008-11-26,2008-11-28,Italy,"2,220",News,Heavy rain,7,"46,000",2.0,4.1
3412,TC-2008-000237-LKA,2008-11-22,2008-12-03,Brazil,"103,384",News,Heavy rain,117,"80,000",2.0,6.4
3413,FL-2008-000239-NIC,2008-11-22,2008-12-04,Sri Lanka,"30,824",News,Tropical cyclone,61,"171,000",2.0,5.9
3410,,2008-11-20,2008-11-23,Australia,"105,550",News,Dam Break Heavy Rain,21,"1,200",1.0,5.6
3411,FL-2008-000234-BRA,2008-11-20,2008-11-23,Venezuela (Bolivarian Republic of),"61,389",News,Heavy rain,0,0,1.0,5.4
3417,,2008-11-20,2008-12-10,Malaysia,"58,097",News,Heavy rain,21,"200,000",2.0,6.4
3406,TF-2008-000230-CUB,2008-11-19,2008-11-20,Australia,"183,487",News,Torrential rain,0,100,1.5,5.7
3409,,2008-11-18,2008-11-24,Philippines,"21,766",News,Heavy rain,6,"30,000",1.0,5.2
3407,TC-2008-000229-VNM,2008-11-17,2008-11-20,Cuba,"35,294",News,Heavy rain,0,"20,000",1.5,5.3
3408,FF-2008-000233-PHL,2008-11-17,2008-11-20,Viet Nam,"36,156",News,Tropical Storm Noul,21,"1,200",1.0,5.2
3404,,2008-11-16,2008-11-20,Ethiopia,"25,491",News,Heavy rain,11,500,1.0,5.1
3405,,2008-11-12,2008-11-17,South Africa,"76,454",News,Heavy rain,0,100,1.0,5.7
3402,,2008-11-10,2008-11-12,Kenya,"37,963",News,Heavy rain,0,"28,000",1.5,5.2
3403,FF-2008-000227-ETH,2008-11-06,2008-11-12,United States of America,"75,157",News,Heavy rain,2,0,1.5,5.9
3401,,2008-11-03,2008-11-04,Somalia,"111,939",News,Heavy rain,0,"52,000",1.5,5.5
3400,,2008-10-27,2008-11-03,Viet Nam,"74,591",News,Heavy rain,92,"3,000",2.0,6.1
3398,,2008-10-23,2008-10-24,Yemen,"133,204",News,Torrential rain,69,"6,800",2.0,5.7
3399,,2008-10-23,2008-11-03,Morocco,"146,721",News,Torrential rain,28,"1,200",2.0,6.5
3396,FL-2008-000191-Nic,2008-10-19,2008-10-20,Viet Nam,"39,092",News,Heavy rain,22,"12,000",1.5,5.1
3397,,2008-10-19,2008-11-12,Honduras,"96,386",News,Tropical Depressions,110,"320,000",2.0,6.7
3394,FL-2008-000191-CRI,2008-10-14,2008-10-16,Kenya,"45,128",News,Heavy rain,3,"10,000",1.0,5.1
3393,,2008-10-10,2008-10-16,China,"29,938",News,Heavy rain,2,"50,000",1.5,5.5
3395,,2008-10-10,2008-11-03,Costa Rica,"39,425",News,Heavy rain,3,"2,100",1.5,6.2
3390,2008-000180,2008-10-03,2008-10-06,Sudan,"81,576",News,Heavy rain,17,"3,000",1.0,5.5
3388,2008-000178,2008-10-01,2008-10-06,Mexico,"17,013",News,Heavy rain,0,"7,500",2.0,5.3
3389,,2008-10-01,2008-10-17,Algeria,"34,762",News,Torrential rain,65,0,2.0,6.1
3391,FL-2008-000182-RWA,2008-10-01,2008-10-06,Nicaragua,"13,946",News,Heavy rain,9,"3,000",2.0,5.2
3392,,2008-10-01,2008-10-06,Rwanda,"11,140",News,Heavy rain,0,"2,000",1.0,4.8
3386,,2008-09-27,2008-09-28,Guatemala,"16,407",News,Heavy rain,0,0,1.5,4.7
3387,,2008-09-26,2008-09-29,China,"6,853",News,Heavy rain,0,0,1.0,4.4
3385,FL-2008-000166-GTM,2008-09-25,2008-09-29,Viet Nam,"58,984",News,Tropical Storm Hagupit,41,0,2.0,5.8
3382,,2008-09-22,2008-09-29,India,"464,318",News,Dam release and Heavy  Rain,"2,400",0,2.0,6.9
3383,,2008-09-22,2008-09-29,Nepal,"168,135",News,Monsoonal Rain,49,"13,000",2.0,6.4
3381,,2008-09-21,2008-09-23,Puerto Rico,"1,644",News,Heavy rain,4,0,1.5,3.9
3380,,2008-09-14,2008-09-15,Taiwan (Province of China),"4,834",News,Tropical Storm Sinlaku,0,0,1.5,4.2
3379,,2008-09-12,2008-09-16,United States of America,"652,501",News,,8,"200,000",1.5,6.7
3384,FF-2008-000173-VNM,2008-09-11,2008-10-04,Thailand,"165,834",News,Monsoonal Rain,0,0,1.5,6.8
3378,,2008-09-10,2008-09-11,Iraq,"8,574",News,Torrential rain,3,400,1.5,4.4
3377,,2008-09-09,2008-09-10,Iran (Islamic Republic of),"26,847",News,Torrential rain,19,200,1.5,4.9
3373,,2008-09-06,2008-09-08,Haiti,"25,886",News,Tropical Storm Ike,58,"125,000",1.5,5.1
3374,,2008-09-06,2008-09-08,Indonesia,"9,851",News,Monsoon Rains,0,"17,352",1.5,4.6
3376,,2008-09-06,2008-09-08,United Kingdom of Great Britain and Northern Ireland,"47,366",News,Torrential rain,0,200,1.5,5.3
3375,,2008-09-05,2008-09-07,Malaysia,"127,691",News,Torrential rain,0,"125,000",1.5,5.8
3370,,2008-09-01,2008-09-02,United States of America,"163,438",News,,0,0,1.5,5.7
3371,,2008-08-30,2008-09-08,Bangladesh,"59,249",News,Monsoon Rains,0,"600,000",1.5,5.9
3372,,2008-08-30,2008-09-08,India,"80,590",News,Monsoon Rains,900,"1,000,000",1.5,6.1
3369,,2008-08-26,2008-08-28,Haiti,"33,215",News,Tropical Storm Gustav,22,"5,000",1.5,5.2
3366,FF-2008-000141-ETH,2008-08-20,2008-08-28,United States of America,"98,479",News,,12,400,2.0,6.2
3367,,2008-08-20,2008-08-28,Ethiopia,"69,637",News,Heavy seasonal rains,3,"18,000",1.5,6.0
3365,,2008-08-18,2008-09-24,Nepal,"163,726",News,Heavy monsoon rains,400,"10,000,000",2.0,7.1
3363,,2008-08-17,2008-08-18,United States of America,385,News,,0,250,1.5,3.1
3364,,2008-08-17,2008-08-20,United States of America,"4,188",News,,0,"4,000",1.5,4.4
3362,,2008-08-16,2008-08-18,Dominican Republic,"37,960",News,Tropical Storm Fay,0,0,1.5,5.2
3361,TC-2008-000132-DOM,2008-08-15,2008-08-16,United Kingdom of Great Britain and Northern Ireland,"23,128",News,Torrential rain,0,0,2.0,5.0
3360,,2008-08-11,2008-08-20,Thailand,"219,466",News,Tropical Storm Kammuri; Heavy monso,130,"4,000",2.0,6.6
3355,FL-2008-000128-VNM,2008-08-09,2008-08-11,Viet Nam,"50,045",News,Tropical Storm Kammuri,100,0,2.0,5.5
3358,,2008-08-09,2008-08-11,United States of America,"136,110",News,Torrential rain,0,0,1.0,5.6
3359,FL-2008-000131-LAO,2008-08-09,2008-08-20,Pakistan,"165,918",News,Heavy monsoon rains,37,"90,752",1.5,6.5
3354,,2008-08-08,2008-08-11,China,"8,410",News,Tropical Storm Kammuri,0,"42,000",2.0,4.8
3357,,2008-08-08,2008-08-11,United States of America,"53,271",News,Torrential rain,1,0,2.0,5.6
3350,,2008-08-07,2008-08-08,Iran (Islamic Republic of),"7,096",News,Torrential rain,3,"1,200",2.0,4.5
3351,FL-2008-125000-SDN,2008-08-07,2008-08-08,Sudan,"155,555",News,Torrential rain,0,0,1.0,5.5
3353,TC-2008-000130-CHN,2008-08-07,2008-08-11,China,"24,615",News,Torrential rain,20,0,1.5,5.3
3352,,2008-08-06,2008-08-08,United Kingdom of Great Britain and Northern Ireland,"27,718",News,Torrential rain,0,0,1.5,5.1
3356,,2008-08-05,2008-08-11,India,"75,488",News,Heavy monsoon rains,74,0,1.5,5.9
3346,FF-2008-000123-PAK,2008-08-03,2008-08-04,Canada,"9,315",News,Torrential rain,0,0,2.0,4.6
3347,FL-2008-000123-PAK,2008-08-02,2008-08-04,Pakistan,"32,493",News,Torrential rain,35,"200,000",2.0,5.3
3348,,2008-08-02,2008-08-08,Chad,"178,994",News,Torrential rain,0,0,1.0,6.1
3349,,2008-08-01,2008-08-08,Togo,"66,957",News,Torrential rain,0,0,1.0,5.7
3340,,2008-07-30,2008-08-11,United States of America,"163,706",News,,0,0,2.0,6.6
3341,,2008-07-30,2008-07-31,Canada,"160,128",News,Torrential rain,0,0,2.0,5.8
3342,,2008-07-30,2008-07-31,New Zealand,"26,208",News,Torrential rain,0,0,2.0,5.0
3339,,2008-07-28,2008-07-29,Philippines,"61,673",News,Tropical Storm Fung-wong,4,"76,000",2.0,5.4
3344,,2008-07-28,2008-07-29,Japan,"52,423",News,Torrential rain,5,"50,000",2.0,5.3
3345,,2008-07-28,2008-08-08,China,"533,930",News,Tropical Storm Fung-Wong,0,"93,000",2.0,7.1
3337,,2008-07-22,2008-07-30,Ukraine,"55,714",News,heavy rain,40,"172,000",2.0,6.0
3336,FL-2008-000111-MEX,2008-07-21,2008-07-29,Mexico,"457,328",News,Tropical cyclone,1,180,2.0,6.9
3335,TC-2008-000112-LBR,2008-07-20,2008-07-20,Chile,"161,605",News,Heavy rain,0,0,1.5,5.4
3338,,2008-07-20,2008-08-08,India,"283,806",News,monsoonal rainfall,142,"225,000",2.0,7.1
3368,TC-2008-000143-HTI,2008-07-20,2008-08-25,Chad,"61,817",News,Heavy seasonal rains,0,"200,000",1.5,6.5
3333,,2008-07-18,2008-07-18,Taiwan (Province of China),"17,090",News,Tropical Storm Kalmaegi,19,0,2.0,4.5
3332,,2008-07-15,2008-07-16,Mexico,"193,742",News,Heavy rain,3,0,1.0,5.6
3343,,2008-07-15,2008-08-04,Mali,"1,089,831",News,heavy rain,9,0,1.5,7.5
3334,,2008-07-11,2008-07-20,Liberia,"33,620",News,Heavy rain,0,0,1.5,5.7
3330,FL-2008-000107,2008-07-09,2008-07-10,Indonesia,"89,287",News,Heavy rain,1,0,1.0,5.3
3329,,2008-07-08,2008-07-12,United Kingdom of Great Britain and Northern Ireland,"75,684",News,Heavy rain,0,0,1.0,5.6
3331,,2008-07-06,2008-07-11,Algeria,"76,328",News,Heavy rain,12,0,1.5,5.8
3327,,2008-07-05,2008-07-14,India,"426,532",News,Monsoon Rain,350,"70,000",1.5,6.8
3328,,2008-07-04,2008-07-07,South Africa,"21,017",News,Heavy rain,0,"2,000",1.0,4.9
3326,FL-2008-000104-NPL,2008-06-27,2008-06-30,Japan,"147,152",News,Heavy rain,0,128,1.0,5.8
3325,,2008-06-24,2008-06-27,China,"373,962",News,Tropical  Storm Fenshen,0,0,1.5,6.4
3320,FL-2008-000093-PHL,2008-06-21,2008-06-23,Philippines,"178,346",News,Typhoon Fenshen,"1,000",0,1.5,5.9
3322,FL-2008-000096-BGD,2008-06-20,2008-06-22,Bangladesh,"57,411",News,Levee failure early monsoonal rain,0,"15,000",1.0,5.2
3323,FL-2008-000094-ZAF,2008-06-19,2008-06-22,South Africa,"47,128",News,Heavy rain,0,"4,000",1.5,5.5
3321,FL-2008-000092-KEN,2008-06-13,2008-06-20,Kenya,"40,028",News,Heavy rain,16,"8,658",1.5,5.7
3319,TC-2008-000084-CHN,2008-06-11,2008-07-03,China,"79,369",News,Heavy rain,65,"500,000",1.5,6.4
3318,FL-2008-000084-CHN,2008-06-07,2008-06-22,India,"350,564",News,Heavy rain,176,"1,600,000",2.0,7.0
3317,,2008-06-05,2008-07-03,United States of America,"759,750",News,Heavy rain,0,"38,000",2.0,7.6
3315,,2008-06-01,2008-06-03,France,"154,307",News,Heavy rain,3,0,1.0,5.7
3324,FL-2008-000095-SUR,2008-06-01,2008-06-25,Suriname,"62,356",News,Heavy rain,0,"6,500",1.0,6.2
3316,FL-2008-000084-BLZ,2008-05-31,2008-06-05,Belize,"33,638",News,Tropical Storm Arthur,2,0,1.0,5.3
3314,FL-2008-000079-LKA,2008-05-29,2008-06-05,Sri Lanka,"40,665",News,Monsoonal rain,23,"400,000",1.5,5.7
3309,,2008-05-27,2008-06-05,China,"144,704",News,Heavy rain,64,"5,000",1.0,6.2
3311,FL-2008-000076-COL,2008-05-27,2008-05-28,Colombia,"35,531",News,Heavy rain,0,400,1.0,4.9
3312,,2008-05-24,2008-05-28,India,"62,279",News,Heavy rain,0,0,1.0,5.5
3313,,2008-05-24,2008-06-05,United States of America,"337,703",News,Heavy rain,13,0,1.0,6.6
3308,FL-2008-000069-CHL,2008-05-19,2008-05-27,Chile,"110,526",News,Heavy rain,4,"32,000",1.0,6.0
3307,TC-2008-000065-PHL,2008-05-18,2008-05-22,Philippines,"14,849",News,Tropical cyclone,37,"34,000",1.0,4.9
3306,,2008-05-12,2008-05-25,Russian Federation,"595,263",News,Ice jam/break-up,0,700,1.0,6.9
3304,,2008-05-11,2008-05-12,Viet Nam,"5,301",News,Heavy rain,4,500,1.0,4.0
3303,,2008-05-10,2008-05-12,Algeria,"20,669",News,Heavy rain,7,0,1.0,4.8
3305,FF-2008-000063-PHL,2008-05-10,2008-05-18,Philippines,"26,746",News,Tropical cyclone,1,"50,000",1.0,5.4
3302,TC-2008-000057-MMR,2008-05-03,2008-05-22,Myanmar,"81,435",News,Tropical cyclone,"100,000","1,500,000",1.5,6.4
3301,,2008-05-02,2008-05-05,China,"43,959",News,Heavy rain,3,351,1.0,5.2
3299,FL-2008-000053-LKA,2008-04-27,2008-05-03,Sri Lanka,"4,936",News,Heavy rain,9,"18,000",1.0,4.5
3298,,2008-04-26,2008-05-01,Canada,"3,178",News,Ice jam/break-up,0,"2,000",1.0,4.3
3300,,2008-04-25,2008-05-07,United States of America • Canada,"25,490",News,Rain and snowmelt,0,"2,500",1.5,5.7
3297,,2008-04-24,2008-04-27,Australia,999,News,Heavy rain,0,0,1.0,3.6
3296,,2008-04-23,2008-04-27,Indonesia,"4,197",News,Heavy rain,0,"34,514",1.0,4.3
3293,,2008-04-20,2008-04-22,Kenya,237,News,Heavy rain,0,"2,000",1.5,3.0
3295,,2008-04-20,2008-04-23,China,"20,737",News,Heavy rain,0,0,1.0,4.9
3294,,2008-04-11,2008-05-16,United Republic of Tanzania,"15,131",News,Heavy rain,0,800,1.0,5.7
3292,,2008-04-10,2008-04-24,Canada,"22,896",News,Snowmelt,0,400,1.5,5.7
3291,FL-2008-000045-BRA,2008-03-30,2008-04-22,Brazil,"1,126,558",News,Heavy rain,36,"190,000",1.0,7.4
3290,,2008-03-28,2008-04-02,Kenya,"3,972",News,Heavy rain,3,160,1.0,4.4
3286,,2008-03-20,2008-03-27,India,"144,329",News,Heavy rain,37,"10,000",1.0,6.1
3287,,2008-03-20,2008-04-02,Kenya,"21,279",News,Heavy rain,2,"10,000",1.0,5.5
3285,,2008-03-17,2008-05-02,United States of America,"928,710",News,Rain and snowmelt,18,"1,000",1.5,7.8
3289,FL-2008-000041-TZA,2008-03-17,2008-04-05,Kenya,"50,223",News,Heavy rain,1,"9,600",1.0,6.0
3284,,2008-03-12,2008-03-31,Sri Lanka,"43,223",News,Monsoonal rain,8,"174,214",1.0,5.9
3283,,2008-03-11,2008-03-15,Colombia,"3,994",News,Heavy rain,5,0,1.0,4.3
3288,,2008-03-10,2008-04-03,Indonesia,"80,095",News,Heavy rain,0,"60,000",1.0,6.3
3281,,2008-03-05,2008-03-14,Malaysia,"36,070",News,Heavy rain,0,"2,400",1.0,5.6
3282,,2008-03-03,2008-04-01,China,"64,010",News,Ice jam/break-up,0,"13,700",1.5,6.5
3280,,2008-03-01,2008-04-03,Indonesia,"16,854",News,Heavy rain,3,"12,000",1.0,5.8
3279,,2008-02-26,2008-02-28,Morocco,"23,601",News,Heavy rain,4,0,1.0,4.9
3277,FL-2008-000032-KAZ,2008-02-20,2008-03-13,Kazakhstan,"51,582",News,Rain and snowmelt,1,"13,000",1.0,6.1
3274,TC-2008-000023-MDG,2008-02-17,2008-03-05,Madagascar,"371,875",News,Tropical cyclone,93,"191,000",1.0,6.8
3271,,2008-02-14,2008-03-14,Indonesia,"10,435",News,Heavy rain,0,"10,000",1.0,5.5
3270,,2008-02-13,2008-02-26,Australia,"44,349",News,Heavy rain,2,"1,000",2.0,6.1
3273,FL-2008-000024-PHL,2008-02-12,2008-03-12,Philippines,"41,666",News,Heavy rain,54,"873,000",1.0,6.1
3276,FL-2008-000030-IDN,2008-02-11,2008-03-01,Indonesia,"10,585",News,Heavy rain,11,"3,500",1.0,5.3
3272,FL-2008-000004-NAM,2008-02-09,2008-05-01,Zambia,"438,920",News,Heavy rain,4,"15,000",1.0,7.6
3269,,2008-02-08,2008-02-12,Indonesia,403,News,Heavy rain,14,"7,000",1.0,3.3
3268,,2008-02-06,2008-02-12,United States of America,"118,977",News,Rain and snowmelt,0,150,1.5,6.1
3267,FL-2008-000031-PER,2008-02-04,2008-05-07,Peru,"709,144",News,Heavy rain,26,"45,000",1.0,7.8
3266,,2008-02-02,2008-02-07,Brazil,291,News,Torrential rain,9,"12,858",1.0,3.2
3265,,2008-02-01,2008-02-06,Indonesia,378,News,Heavy rain,3,"88,261",1.0,3.4
3275,,2008-02-01,2008-02-25,China,"17,162",News,Ice jam/break-up,0,"8,000",1.0,5.6
3264,FL-2008-000004-NAM,2008-01-31,2008-04-23,Namibia,"164,248",News,Heavy rain,42,"40,000",1.5,7.3
3262,,2008-01-30,2008-02-03,Indonesia,815,News,Heavy rain,3,"40,000",1.0,3.6
3263,FL-2008-000018-ECU,2008-01-30,2008-05-01,Ecuador,"75,830",News,Heavy rain,51,"265,000",2.0,7.1
3261,FL-2008-000038-ARG,2008-01-28,2008-04-11,Argentina,"88,121",News,Heavy rain,0,"15,000",1.0,6.8
3260,,2008-01-24,2008-02-01,South Africa,"72,006",News,Heavy rain,1,"1,200",1.0,5.8
3259,,2008-01-15,2008-01-26,United Kingdom of Great Britain and Northern Ireland,"55,862",News,Heavy rain,0,300,2.0,6.1
3257,FL-2008-000014-AUS,2008-01-14,2008-02-01,Australia,"649,466",News,Heavy rain,0,"3,200",2.0,7.4
3258,,2008-01-13,2008-01-20,Afghanistan,"18,279",News,Heavy rain,5,300,1.0,5.2
3278,,2008-01-13,2008-01-29,Iran (Islamic Republic of),"108,379",News,Heavy rain,0,"3,000",1.0,6.3
3256,FL-2008-000010-BRA,2008-01-12,2008-01-26,Brazil,"23,023",News,Heavy rain,4,"15,000",1.0,5.5
3255,,2008-01-08,2008-01-15,United States of America,"102,263",News,Rain and snowmelt,5,500,1.5,6.1
3254,,2008-01-07,2008-01-16,Sri Lanka,"1,918",News,Heavy rain,0,"240,000",1.0,4.3
3253,,2008-01-05,2008-01-09,United States of America,551,News,Dam/Levy break or release,0,"1,500",1.0,3.4
3252,,2008-01-03,2008-01-09,Australia,"41,557",News,Heavy rain,1,"3,000",1.5,5.6
3251,,2008-01-02,2008-01-06,Indonesia,"2,179",News,Heavy rain,0,"1,000",1.0,4.0
3250,,2007-12-30,2008-01-03,Zambia,"672,970",News,Heavy rain,1,"3,000",1.0,6.5
3248,,2007-12-25,2007-12-29,Indonesia,"8,856",News,Heavy rain,1,"20,000",1.0,4.6
3249,FL-2007-000230-IDN,2007-12-25,2008-01-03,Indonesia,"50,690",News,Heavy rain,153,"50,000",1.5,5.9
3247,,2007-12-22,2007-12-31,Australia,"200,535",News,Heavy rain,0,0,1.0,6.3
3245,,2007-12-19,2008-01-02,Zimbabwe,"100,497",News,Heavy rain,24,"2,000",1.0,6.2
3244,,2007-12-17,2007-12-24,Indonesia,"1,188",News,Heavy rain,0,"4,500",1.0,4.0
3243,FL-2007-000228-LKA,2007-12-16,2008-01-01,Sri Lanka,"7,954",News,Monsoonal rain,0,"250,000",1.0,5.1
3246,FL-2007-000231-BOL,2007-12-15,2007-12-28,Bolivia (Plurinational State of),"972,454",News,Heavy rain,8,"20,000",1.0,7.1
3241,FL-2007-000227-ZWE,2007-12-13,2008-01-03,Zimbabwe,"13,374",News,Heavy rain,3,"2,400",1.0,5.5
3240,,2007-12-12,2007-12-15,Kenya,"6,216",News,Heavy rain,4,"2,000",1.0,4.4
3239,ST-2007-000224-DOM,2007-12-11,2007-12-17,Dominican Republic,"34,786",News,Tropical cyclone,36,"62,000",1.0,5.4
3242,,2007-12-11,2008-01-03,Mozambique,"354,570",News,Heavy rain,3,"10,000",1.0,6.9
3238,FL-2007-000222-MYS,2007-12-07,2007-12-28,Malaysia,"82,566",News,Monsoonal rain,32,"66,000",1.0,6.3
3236,,2007-12-03,2007-12-07,United States of America,"41,684",News,Heavy rain,2,"1,100",1.0,5.3
3237,,2007-12-01,2007-12-17,Australia,"285,391",News,Heavy rain,0,0,1.0,6.7
3232,,2007-11-25,2007-12-02,Philippines,"33,590",News,Tropical cyclone,29,"540,000",1.0,5.4
3234,FL-2007-000217-SRB,2007-11-25,2007-11-30,Serbia Montenegro,"9,141",News,Heavy rain,0,"3,500",1.0,4.7
3233,,2007-11-24,2007-12-02,Algeria,"21,397",News,Heavy rain,15,"1,200",1.0,5.3
3231,,2007-11-21,2007-11-28,South Africa,"33,387",News,Heavy rain,2,"1,500",1.0,5.4
3235,FL-2007-000221-KEN,2007-11-21,2007-12-16,Kenya,"6,078",News,Heavy rain,0,"6,000",1.0,5.2
3229,FL-2007-000210-PHL,2007-11-18,2007-11-23,Philippines,"11,140",News,Tropical cyclone,13,"15,000",1.0,4.8
3230,,2007-11-18,2007-11-27,Malawi,"1,631",News,Heavy rain,0,"3,500",1.0,4.2
3228,,2007-11-16,2007-12-02,Bulgaria,"52,765",News,Heavy rain,5,300,1.0,6.0
3226,TC-2007-000208-BGD,2007-11-15,2007-12-01,Bangladesh,"31,642",News,Tropical cyclone,"3,447","3,000,000",1.0,5.7
3227,,2007-11-15,2007-11-18,Uganda,552,News,Heavy rain,4,"3,000",1.0,3.3
3225,FL-2007-000209-PNG,2007-11-12,2007-11-26,Papua New Guinea,"12,652",News,Tropical cyclone,170,"13,000",1.0,5.3
3224,,2007-11-10,2007-11-21,Viet Nam,"36,818",News,Tropical cyclone,55,"150,000",1.0,5.6
3222,,2007-11-04,2007-11-06,Philippines,"25,809",News,Tropical cyclone,7,"2,000",1.0,4.9
3223,,2007-11-03,2007-11-04,Somalia,315,News,Heavy rain,3,"3,000",1.0,2.8
3221,,2007-10-30,2007-11-02,Algeria,"102,132",News,Heavy rain,4,0,1.0,5.6
3218,TC-2007-000198-DOM,2007-10-28,2007-11-10,Dominican Republic,"89,896",News,Tropical cyclone,142,"94,000",1.0,6.1
3219,FL-2007-000201-VNM,2007-10-28,2007-11-09,Viet Nam,"35,110",News,Heavy rain,70,"94,000",1.0,5.7
3220,FL-2007-000200-MEX,2007-10-28,2007-12-01,Mexico,"35,809",News,Heavy rain,19,"800,000",1.5,6.3
3215,,2007-10-27,2007-10-31,Viet Nam,349,News,Dam/Levy break or release,0,0,1.0,3.2
3216,,2007-10-27,2007-11-02,Philippines,"4,598",News,Heavy rain,20,0,1.0,4.5
3217,FL-2007-000203-IND,2007-10-27,2007-11-01,India,"76,740",News,Heavy rain,29,"50,000",1.0,5.7
3214,FL-2007-000197-COD,2007-10-25,2007-10-31,Democratic Republic of the Congo,"1,950",News,Heavy rain,30,"3,500",1.0,4.1
3213,,2007-10-24,2007-10-27,Brazil,734,News,Heavy rain,6,"2,272",1.0,3.5
3211,,2007-10-22,2007-10-30,Thailand,"13,139",News,Heavy rain,2,0,1.0,5.1
3210,,2007-10-20,2007-11-16,Viet Nam,"46,469",News,Heavy rain,3,"280,000",1.0,6.1
3209,,2007-10-18,2007-10-31,Indonesia,"45,794",News,Heavy rain,0,"3,300",1.0,5.8
3208,,2007-10-17,2007-10-24,India,"10,886",News,Heavy rain,2,"30,000",1.5,5.1
3207,,2007-10-14,2007-10-24,Viet Nam,"24,812",News,Heavy rain,15,"22,000",1.0,5.4
3206,FF-2007-000185-TUN,2007-10-13,2007-10-16,Tunisia,"6,547",News,Heavy rain,13,0,1.0,4.4
3204,,2007-10-12,2007-10-18,Spain,"5,461",News,Heavy rain,3,0,1.0,4.6
3205,FL-2007-000189-NIC,2007-10-12,2007-10-26,Costa Rica,"82,170",News,Heavy rain,37,"10,000",1.0,6.1
3203,FL-2007-000181-HTI,2007-10-07,2007-10-17,Haiti,"35,311",News,Heavy rain,45,"38,000",1.0,5.6
3202,TC-2007-000179----,2007-10-06,2007-10-10,Taiwan (Province of China),"34,615",News,Tropical cyclone,18,"1,000",1.0,5.2
3201,,2007-10-03,2007-10-04,Algeria,"360,163",News,Heavy rain,5,0,1.0,5.9
3212,,2007-10-01,2007-12-10,Colombia,"297,815",News,Heavy rain,90,"266,000",1.0,7.3
3200,TC-2007-000178-VNM,2007-09-29,2007-10-12,Viet Nam,"60,981",News,Tropical cyclone,96,"30,000",1.5,6.1
3199,,2007-09-28,2007-10-01,Mexico,"51,992",News,Tropical cyclone,5,"33,000",1.0,5.3
3198,,2007-09-24,2007-10-02,Brazil,"127,363",News,Heavy rain,4,"4,000",1.0,6.1
3194,,2007-09-22,2007-09-24,Guatemala,"2,295",News,Heavy rain,3,656,1.0,3.8
3195,,2007-09-22,2007-10-08,India,"72,008",News,Heavy rain,80,"400,000",1.0,6.1
3197,,2007-09-21,2007-09-24,Algeria,"78,594",News,Heavy rain,18,0,1.0,5.5
3196,FL-2007-000176-CRI,2007-09-20,2007-09-26,Costa Rica,"11,460",News,Heavy rain,0,623,1.0,4.9
3193,,2007-09-18,2007-09-20,Slovenia,"8,410",News,Heavy rain,6,0,1.0,4.4
3192,,2007-09-17,2007-09-25,Japan,"37,903",News,Tropical cyclone,4,"24,000",1.0,5.5
3190,,2007-09-16,2007-09-19,Republic of Korea,"7,590",News,Tropical cyclone,13,0,1.0,4.5
3191,,2007-09-16,2007-10-07,India,"90,280",News,Monsoonal rain,94,"20,000",1.0,6.3
3189,FL-2007-000159-RWA,2007-09-12,2007-09-20,Rwanda,"1,163",News,Heavy rain,20,"4,000",1.0,4.0
3187,,2007-09-06,2007-09-10,Czechia,"66,614",News,Heavy rain,0,300,1.5,5.7
3186,FL-2007-000155-ROM,2007-09-05,2007-09-11,Romania,"26,860",News,Heavy rain,7,"1,400",1.0,5.3
3188,FL-2007-000199-THA,2007-09-05,2007-11-10,Thailand,"299,972",News,Monsoonal rain,10,"17,000",1.0,7.3
3184,,2007-09-04,2007-09-12,Nicaragua,"152,398",News,Tropical cyclone,102,"90,000",1.0,6.1
3185,,2007-09-04,2007-09-07,Republic of Korea,933,News,Heavy rain,3,0,1.0,3.6
3182,,2007-09-02,2007-09-04,Indonesia,"5,689",News,Heavy rain,4,0,1.0,4.2
3183,,2007-09-01,2007-10-04,Somalia,"13,305",News,Heavy rain,4,"8,000",1.0,5.7
3180,FL-2007-000131-SEN,2007-08-31,2007-09-20,Senegal,"167,998",News,Heavy rain,1,0,1.0,6.5
3181,,2007-08-31,2007-09-02,China,"4,380",News,Heavy rain,7,0,1.0,4.1
3177,FL-2007-000144-LBR,2007-08-26,2007-08-30,Liberia,"2,337",News,Heavy rain,0,"17,000",1.5,4.2
3178,,2007-08-25,2007-08-27,Romania,"32,268",News,Heavy rain,2,0,1.0,5.0
3179,FL-2007-000151-TCD,2007-08-25,2007-10-01,Chad,"454,775",News,Heavy rain,12,"170,000",1.0,7.2
3176,,2007-08-22,2007-08-27,China,"32,591",News,Heavy rain,17,"2,309",1.0,5.3
3174,,2007-08-20,2007-08-24,Thailand,"16,271",News,Heavy rain,0,"3,000",1.5,5.1
3172,,2007-08-17,2007-08-24,Martinique,"2,562",News,Tropical cyclone,25,"20,000",1.0,4.3
3173,,2007-08-17,2007-08-24,Philippines,"460,403",News,Tropical cyclone,42,"600,000",1.5,6.7
3171,,2007-08-16,2007-08-27,United States of America,"1,216,616",News,Heavy rain,26,"2,800",1.5,7.3
3170,FL-2007-000161-UGA,2007-08-15,2007-10-31,Uganda,"107,797",News,Heavy rain,52,"520,000",1.5,7.1
3169,FL-2007-000146-MMR,2007-08-14,2007-10-04,Myanmar,"257,819",News,Monsoonal rain,2,"40,000",1.0,7.1
3164,,2007-08-12,2007-08-17,India,"191,450",News,Monsoonal rain,76,"15,000",1.0,6.1
3165,,2007-08-12,2007-08-14,Pakistan,"16,541",News,Heavy rain,22,0,1.0,4.7
3162,,2007-08-10,2007-08-13,Pakistan,"190,122",News,Monsoonal rain,35,0,1.0,5.9
3163,,2007-08-10,2007-08-21,Papua New Guinea,"2,710",News,Heavy rain,2,"5,000",1.0,4.5
3168,,2007-08-10,2007-08-24,Cambodia,"61,577",News,Monsoonal rain,2,"19,000",1.5,6.1
3158,,2007-08-09,2007-08-13,Australia,"22,713",News,Heavy rain,0,200,1.0,5.1
3161,,2007-08-09,2007-08-12,China,"100,077",News,Heavy rain,26,"70,000",1.0,5.6
3167,,2007-08-09,2007-08-15,Chad,"23,497",News,Heavy rain,3,"3,000",1.0,5.2
3155,,2007-08-08,2007-08-12,Canada,433,News,Heavy rain,1,140,1.5,3.5
3156,,2007-08-08,2007-08-12,Germany,"30,942",News,Heavy rain,2,100,1.0,5.2
3157,FL-2007-000125-PHL,2007-08-08,2007-08-13,Philippines,"4,113",News,Tropical cyclone,11,"12,000",1.0,4.4
3159,FL-2007-000126-PRK,2007-08-08,2007-08-25,Democratic People's Republic of Korea,"31,600",News,Heavy rain,454,"170,000",1.0,5.8
3160,,2007-08-08,2007-08-15,India,"133,806",News,Monsoonal rain,12,0,1.0,6.0
3153,FL-2007-000127-MRT,2007-08-07,2007-09-05,Mauritania,"9,448",News,Heavy rain,2,"15,820",1.0,5.5
3152,,2007-08-05,2007-08-08,Bulgaria,"13,954",News,Dam/Levy break or release,8,0,1.0,4.7
3151,FL-2007-000123-NGA,2007-08-04,2007-10-21,Nigeria,"630,121",News,Heavy rain,101,"140,000",1.0,7.7
3149,FL-2007-000122-VNM,2007-08-03,2007-08-17,Viet Nam,"98,228",News,Heavy rain,74,"10,000",1.5,6.3
3150,,2007-08-03,2007-08-27,India,"15,364",News,Monsoonal rain,15,"20,000",1.0,5.6
3147,,2007-08-01,2007-08-03,Canada,618,News,Heavy rain,0,0,1.5,3.4
3148,FL-2007-000123-NGA,2007-08-01,2007-08-15,Nigeria,"5,268",News,Heavy rain,6,"5,000",1.0,4.9
3175,,2007-08-01,2007-08-27,Yemen,"165,109",News,Heavy rain,50,0,1.0,6.6
3146,FL-2007-000145-ETH,2007-07-29,2007-10-05,Ethiopia,"714,220",News,Heavy rain,17,"42,000",1.0,7.7
3145,,2007-07-28,2007-08-01,Burkina Faso,"2,435",News,Heavy rain,0,"2,000",1.0,4.1
3154,,2007-07-28,2007-08-10,Indonesia,"1,276",News,Heavy rain,0,"3,000",1.0,4.3
3144,,2007-07-27,2007-08-02,South Africa,"20,097",News,Heavy rain,0,"38,000",1.0,5.1
3166,FL-2007-000132-BFA,2007-07-26,2007-10-10,Ghana,"1,695,465",News,Heavy rain,153,"540,000",1.5,8.3
3141,FL-2007-000106-IDN,2007-07-25,2007-08-02,Indonesia,"2,399",News,Heavy rain,15,"2,000",1.0,4.3
3140,,2007-07-23,2007-07-24,Haiti,124,News,Heavy rain,4,300,1.0,2.4
3143,FF-2007-000117-NPL,2007-07-23,2007-10-02,Nepal,"56,921",News,Monsoonal rain,185,"86,000",1.0,6.6
3138,FL-2007-000108-TJK,2007-07-22,2007-07-23,Tajikistan,"2,114",News,Heavy rain,11,0,1.0,3.6
3139,,2007-07-22,2007-07-25,Indonesia,"7,807",News,Heavy rain,0,500,1.0,4.5
3136,,2007-07-21,2007-10-15,Bangladesh,"150,900",News,Monsoonal rain,"1,071","5,000,000",1.0,7.1
3137,FL-2007-000111-GBR,2007-07-21,2007-07-30,United Kingdom of Great Britain and Northern Ireland,"24,651",News,Heavy rain,7,"2,100",1.5,5.6
3133,,2007-07-18,2007-07-22,China,"96,491",News,Heavy rain,40,"112,600",1.0,5.7
3134,,2007-07-18,2007-08-13,China,"165,134",News,Heavy rain,170,"10,000",1.0,6.6
3135,FL-2007-000106-IDN,2007-07-17,2007-07-30,Indonesia,"4,610",News,Heavy rain,107,"20,000",1.0,4.8
3142,FF-2007-000114-RUS,2007-07-17,2007-08-10,Russian Federation,"20,812",News,Dam/Levy break or release,0,500,1.0,5.7
3131,,2007-07-16,2007-07-20,India,"24,124",News,Monsoonal rain,44,"35,000",1.0,5.1
3130,,2007-07-15,2007-07-17,Afghanistan,"4,113",News,Heavy rain,9,0,1.0,4.1
3132,FL-2007-000112-CHN,2007-07-14,2007-08-03,China,"812,726",News,Heavy rain,29,"38,500",1.0,7.2
3129,,2007-07-13,2007-07-16,Japan,"37,730",News,Tropical cyclone,5,"40,000",1.0,5.2
3128,,2007-07-12,2007-10-10,India,"103,552",News,Monsoonal rain,96,"11,100,000",1.0,7.0
3127,,2007-07-10,2007-07-13,New Zealand,"13,659",News,Heavy rain,0,600,1.5,4.9
3125,,2007-07-06,2007-08-01,Myanmar,"119,074",News,Monsoonal rain,0,"3,000",1.0,6.5
3126,,2007-07-06,2007-07-11,Ethiopia,"19,512",News,Heavy rain,0,"5,800",1.0,5.1
3124,FL-2007-000094-JPN,2007-07-04,2007-07-12,Japan,"2,673",News,Heavy rain,2,"10,000",1.0,4.4
3122,FL-2007-000096-IND,2007-07-03,2007-09-22,India,"517,303",News,Monsoonal rain,958,"3,000,000",1.5,7.8
3123,FL-2007-000093-SDN,2007-07-03,2007-10-08,Sudan,"1,590,907",News,Heavy rain,150,"200,000",1.0,8.2
3119,,2007-07-01,2007-07-06,India,"106,578",News,Monsoonal rain,62,"10,000",1.0,5.8
3120,,2007-07-01,2007-07-13,India,"398,939",News,Monsoonal rain,225,"63,000",1.0,6.7
3117,,2007-06-30,2007-07-02,Viet Nam,"4,852",News,Heavy rain,3,0,1.0,4.2
3118,FL-2007-000096-IND,2007-06-30,2007-07-13,India,"248,439",News,Monsoonal rain,29,"50,000",1.0,6.5
3116,LS-2007-000098-PAK,2007-06-28,2007-07-22,Pakistan,"29,411",News,Heavy rain,130,"2,000",1.0,5.9
3114,,2007-06-27,2007-07-04,Australia,"40,946",News,Heavy rain,1,300,1.5,5.7
3115,,2007-06-27,2007-06-29,Iran (Islamic Republic of),"10,411",News,Torrential rain,12,0,1.5,4.7
3121,,2007-06-27,2007-09-10,Colombia,"69,988",News,Heavy rain,43,"700,000",1.0,6.7
3112,TC-2007-000084-PAK,2007-06-26,2007-07-20,Pakistan,"115,767",News,Tropical cyclone,280,"400,000",1.0,6.5
3113,,2007-06-26,2007-07-23,United States of America,"507,778",News,Heavy rain,8,"5,000",1.5,7.3
3110,,2007-06-25,2007-07-03,United Kingdom of Great Britain and Northern Ireland,"27,719",News,Heavy rain,6,"30,000",1.5,5.6
3109,FF-2007-000091-AFG,2007-06-24,2007-07-03,Afghanistan,"62,336",News,Heavy rain,113,"4,000",1.0,5.8
3111,,2007-06-24,2007-06-28,Solomon Islands,263,News,Heavy rain,0,"3,000",1.0,3.1
3108,TC-2007-000085-PAK,2007-06-23,2007-06-25,Pakistan,"2,215",News,Monsoonal rain,230,0,1.0,3.8
3107,TC-2007-000084-IND,2007-06-22,2007-07-04,India,"450,564",News,Monsoonal rain,127,"200,000",1.0,6.8
3106,,2007-06-19,2007-06-20,United States of America,"6,498",News,Torrential rain,2,120,1.0,4.1
3104,FF-2007-000083-IND,2007-06-18,2007-06-26,India,"74,888",News,Monsoonal rain,15,"200,000",1.0,5.8
3105,,2007-06-18,2007-06-20,Costa Rica,"2,851",News,Heavy rain,0,0,1.0,3.9
3102,,2007-06-17,2007-06-22,United States of America,"34,568",News,Heavy rain,10,750,1.0,5.3
3101,FF-2007-000082-PAK,2007-06-16,2007-06-20,Pakistan,"12,117",News,Torrential rain,22,500,1.0,4.8
3103,,2007-06-16,2007-06-20,Indonesia,"1,190",News,Heavy rain,1,212,1.0,3.8
3099,,2007-06-15,2007-06-21,United Kingdom of Great Britain and Northern Ireland,"23,106",News,Heavy rain,1,200,1.0,5.2
3100,FF-2007-000081-NPL,2007-06-15,2007-06-18,Nepal,"2,705",News,Monsoonal rain,0,400,1.0,4.0
3097,LS-2007-000080-BGD,2007-06-11,2007-06-24,Bangladesh,"77,805",News,Monsoonal rain,126,"80,000",1.0,6.0
3096,,2007-06-09,2007-06-09,Switzerland,914,News,Torrential rain,3,0,1.0,3.0
3095,,2007-06-08,2007-06-13,Australia,"11,377",News,Heavy rain,9,"5,000",1.5,5.0
3098,,2007-06-07,2007-06-16,South Africa,"9,088",News,Heavy rain,0,"6,000",1.5,5.1
3092,,2007-06-06,2007-06-14,Canada,"204,994",News,Snowmelt,0,500,1.5,6.4
3093,,2007-06-06,2007-06-12,Oman,"372,988",News,Tropical cyclone,61,"60,000",1.0,6.4
3094,FL-2007-000077-CHN,2007-06-06,2007-08-17,China,"1,916,284",News,Heavy rain,600,"3,170,000",1.5,8.3
3091,,2007-06-01,2007-06-06,China,"168,580",News,Heavy rain,0,"8,000",1.0,6.0
3089,,2007-05-30,2007-06-03,Dominican Republic,"13,536",News,Heavy rain,11,"20,000",1.0,4.8
3090,,2007-05-30,2007-05-31,El Salvador,"4,515",News,Tropical cyclone,4,0,1.0,4.0
3088,,2007-05-27,2007-06-01,Türkiye,"38,495",News,Heavy rain,13,0,1.0,5.4
3087,,2007-05-26,2007-05-28,Cuba,"15,430",News,Heavy rain,2,"3,000",1.0,4.7
3086,,2007-05-25,2007-05-27,France,"3,174",News,Heavy rain,1,500,1.0,4.0
3083,,2007-05-24,2007-05-29,United States of America,"341,278",News,Heavy rain,6,100,1.0,6.3
3084,FF-2007-000070-CHN,2007-05-24,2007-05-26,China,"43,534",News,Heavy rain,43,"112,000",1.0,5.1
3082,,2007-05-23,2007-05-26,Spain,"212,702",News,Heavy rain,1,550,1.0,5.9
3085,,2007-05-22,2007-06-06,Bulgaria,"34,006",News,Heavy rain,2,0,1.0,5.7
3079,,2007-05-20,2007-05-21,China,"3,207",News,Heavy rain,3,0,1.0,3.8
3080,FL-2007-000068-COL,2007-05-19,2007-06-27,Colombia,"29,773",News,Heavy rain,14,"3,000",1.0,6.1
3078,FL-2007-000076-KEN,2007-05-15,2007-06-14,Kenya,"13,866",News,Heavy rain,5,"8,500",1.0,5.6
3081,,2007-05-15,2007-06-05,Indonesia,"34,346",News,Heavy rain,4,"60,000",1.0,5.9
3077,,2007-05-14,2007-05-18,Afghanistan,"15,492",News,Heavy rain,34,0,1.0,4.9
3075,,2007-05-13,2007-06-13,Russian Federation,"378,032",News,Snowmelt,0,"7,000",1.0,7.1
3074,,2007-05-12,2007-05-13,Israel,320,News,Heavy rain,4,21,1.0,2.8
3073,,2007-05-11,2007-05-21,Thailand,"38,377",News,Heavy rain,0,"1,000",1.0,5.6
3076,,2007-05-11,2007-06-13,Russian Federation,"427,668",News,Snowmelt,0,640,1.0,7.2
3070,,2007-05-06,2007-05-18,United States of America,"642,776",News,Heavy rain,2,"1,000",1.0,6.9
3072,,2007-05-06,2007-05-12,Indonesia,"3,358",News,Heavy rain,2,"14,400",1.0,4.4
3069,FL-2007-000054-AFG,2007-05-05,2007-05-07,Afghanistan,"25,847",News,Heavy rain,12,0,1.0,4.9
3068,FL-2007-000053-MMR,2007-05-04,2007-05-09,Myanmar,"15,667",News,Heavy rain,5,0,1.0,5.0
3071,FL-2007-000057-URY,2007-05-04,2007-05-25,Uruguay,"104,128",News,Heavy rain,2,"12,000",1.5,6.5
3067,FL-2007-000052-LKA,2007-05-02,2007-05-07,Sri Lanka,"3,337",News,Heavy rain,16,"125,000",1.0,4.3
3065,,2007-05-01,2007-05-25,Indonesia,"40,327",News,Heavy rain,0,"3,000",1.0,6.0
3066,,2007-05-01,2007-05-07,Thailand,"5,387",News,Heavy rain,1,"1,000",1.0,4.6
3063,,2007-04-29,2007-05-01,Türkiye,"2,902",News,Heavy rain,2,0,1.0,3.9
3064,,2007-04-29,2007-05-01,Syrian Arab Republic,"1,919",News,Heavy rain,3,0,1.0,3.8
3062,,2007-04-26,2007-05-02,Colombia,"1,940",News,Heavy rain,17,"2,000",1.0,4.1
3061,,2007-04-23,2007-05-04,Afghanistan,"27,490",News,Heavy rain,36,0,1.0,5.5
3059,,2007-04-21,2007-04-30,Kenya,"1,103",News,Heavy rain,0,"2,460",1.0,4.0
3060,FL-2007-000051-TUN,2007-04-21,2007-04-22,Morocco,"9,451",News,Heavy rain,4,0,1.0,4.3
3058,,2007-04-19,2007-04-21,China,940,News,Dam/Levy break or release,0,"5,500",1.0,3.5
3055,,2007-04-17,2007-04-18,Afghanistan,"40,766",News,Heavy rain,6,0,1.0,4.9
3056,,2007-04-17,2007-04-20,Indonesia,822,News,Heavy rain,0,0,1.0,3.5
3057,,2007-04-17,2007-04-25,Kyrgyzstan,"17,036",News,Heavy rain,0,0,1.0,5.2
3053,,2007-04-16,2007-05-03,Indonesia,"3,193",News,Heavy rain,0,0,1.0,4.8
3054,FF-2007-000049-TJK,2007-04-16,2007-04-20,Tajikistan,"66,240",News,Heavy rain,2,"5,000",1.0,5.5
3052,,2007-04-15,2007-04-21,United States of America,"109,079",News,Heavy rain,9,0,1.0,5.9
3050,FF-2007-000047-THA,2007-04-14,2007-04-15,Thailand,290,News,Heavy rain,38,0,1.0,2.8
3051,,2007-04-14,2007-04-18,Indonesia,864,News,Heavy rain,0,0,1.0,3.6
3049,FL-2007-000051-TUN,2007-04-13,2007-04-15,Algeria,"7,110",News,Heavy rain,15,0,1.0,4.3
3048,,2007-04-10,2007-05-08,Canada,"94,680",News,Snowmelt,0,700,1.5,6.6
3047,,2007-04-03,2007-04-08,Spain,"42,036",News,Heavy rain,1,280,1.0,5.4
3046,,2007-03-29,2007-03-31,New Zealand,"4,204",News,Tropical cyclone,0,300,1.5,4.3
3043,,2007-03-23,2007-03-30,Yemen,"59,875",News,Heavy rain,36,600,1.0,5.7
3042,LS-2007-000037-PAK,2007-03-20,2007-03-31,India,"68,107",News,Heavy rain,12,"2,000",1.0,5.9
3044,FL-2007-000044-ARG,2007-03-20,2007-04-27,Argentina,"517,032",News,Heavy rain,12,"65,800",1.0,7.3
3045,FL-2007-000040-HTI,2007-03-20,2007-03-30,Haiti,"4,699",News,Heavy rain,11,"7,800",1.0,4.7
3040,FL-2007-000045-AFG,2007-03-18,2007-04-05,Afghanistan,"656,436",News,Heavy rain,104,"20,000",1.0,7.1
3039,,2007-03-17,2007-03-19,Honduras,"5,759",News,Heavy rain,2,0,1.0,4.2
3041,,2007-03-17,2007-03-22,Indonesia,"1,823",News,Heavy rain,0,"3,000",1.0,4.0
3038,,2007-03-15,2007-03-26,Madagascar,"131,717",News,Tropical cyclone,80,"30,000",1.5,6.4
3037,,2007-03-11,2007-03-13,United States of America,"11,016",News,Heavy rain,2,0,1.0,4.5
3036,FL-2007-000036-FJI,2007-03-09,2007-03-12,Fiji,"2,552",News,Heavy rain,5,0,1.0,4.0
3035,,2007-03-07,2007-03-11,Algeria,"53,227",News,Heavy rain,3,0,1.0,5.4
3034,,2007-03-06,2007-03-10,Honduras,"11,384",News,Heavy rain,0,"3,000",1.0,4.8
3033,,2007-03-03,2007-03-05,South Africa,"43,137",News,Heavy rain,5,0,1.0,5.1
3032,,2007-03-02,2007-03-16,Australia,"184,731",News,Tropical cyclone,2,90,1.5,6.6
3031,LS-2007-000032-IDN,2007-03-01,2007-03-10,Indonesia,"3,222",News,Heavy rain,43,"11,530",1.0,4.5
3030,TC-2007-000028-MDG,2007-02-08,2007-03-06,Madagascar,"438,826",News,Tropical cyclone,7,"33,000",1.0,7.1
3029,FL-2007-000025-FJI,2007-02-03,2007-02-20,Fiji,"2,552",News,Heavy rain,1,900,1.0,4.7
3028,,2007-02-02,2007-02-16,Rwanda,"1,343",News,Heavy rain,10,500,1.0,4.3
3027,FL-2007-000023-IDN,2007-01-31,2007-02-22,Indonesia,"4,367",News,Heavy rain,80,"500,000",1.5,5.2
3025,,2007-01-23,2007-02-15,Australia,"1,256,487",News,Heavy rain,0,0,1.0,7.5
3024,,2007-01-21,2007-02-10,Peru,"124,921",News,Heavy rain,38,"5,000",1.0,6.4
3023,,2007-01-20,2007-03-10,Malawi,"259,567",News,Heavy rain,2,"10,000",1.0,7.1
3021,,2007-01-19,2007-01-23,Australia,"661,939",News,Monsoonal rain,0,0,1.5,6.7
3026,FL-2007-000022-ARG,2007-01-18,2007-03-20,Argentina,"518,021",News,Heavy rain,5,"5,000",1.0,7.5
3022,FF-2007-000020-AGO,2007-01-17,2007-01-26,Angola,"1,596",News,Heavy rain,81,"40,000",1.0,4.2
3020,,2007-01-15,2007-02-03,United States of America,"434,387",News,Heavy rain,24,0,1.0,6.9
3015,,2007-01-12,2007-01-14,Indonesia,378,News,Monsoonal rain,26,"3,990",1.0,3.1
3016,FF-2007-000008-LKA,2007-01-12,2007-01-16,Sri Lanka,"10,964",News,Monsoonal rain,18,"61,281",1.0,4.7
3017,FL-2007-000016-MYS,2007-01-11,2007-02-01,Malaysia,"26,378",News,Monsoonal rain,2,"148,000",1.5,5.9
3014,,2007-01-10,2007-01-24,Philippines,"44,622",News,Heavy rain,6,"24,508",1.0,5.8
3018,FL-2007-000030-NAM,2007-01-10,2007-05-10,Zambia,"719,319",News,Heavy rain,11,"250,000",1.0,7.9
3019,FL-2007-000012-BOL,2007-01-10,2007-05-01,Bolivia (Plurinational State of),"801,035",News,Heavy rain,41,"62,687",1.5,8.1
3012,,2007-01-04,2007-01-22,Malaysia,"61,718",News,Monsoonal rain,1,"3,532",1.0,6.1
3011,FL-2007-000018-MWI,2007-01-03,2007-03-10,Mozambique,"243,408",News,Heavy rain,46,"165,000",1.0,7.2
3009,,2007-01-01,2007-01-04,Yemen,"25,391",News,Heavy rain,7,"2,000",1.0,5.0
3010,MS-2007-000004-BRA,2007-01-01,2007-01-12,Brazil,"210,596",News,Heavy rain,59,"17,000",1.0,6.4
3013,FL-2007-000017-BDI,2007-01-01,2007-03-01,Burundi,"293,439",News,Heavy rain,4,"23,000",1.0,7.2
3008,FL-2007-000003-PHL,2006-12-29,2007-01-15,Philippines,"1,618",News,Heavy rain,12,"50,000",1.0,4.5
3007,,2006-12-26,2007-02-02,Peru,"134,599",News,Heavy rain,6,"46,000",1.0,6.7
3006,FL-2006-000192-IDN,2006-12-22,2007-01-04,Indonesia,"16,206",News,Heavy rain,193,"400,000",1.0,5.4
3005,FL-2006-000189-MYS,2006-12-19,2007-01-10,Malaysia,"18,298",News,Heavy rain,16,"90,000",2.0,5.9
3004,FL-2006-000191-LKA,2006-12-17,2006-12-20,Sri Lanka,"6,833",News,Heavy rain,0,"40,000",1.0,4.4
3003,,2006-12-04,2006-12-06,Pakistan,"28,939",News,Heavy rain,5,0,1.0,4.9
3002,TC-2006-000175-PHL,2006-11-30,2006-12-08,Philippines • Viet Nam,"45,658",News,Heavy rain,526,"82,915",1.0,5.6
3000,FL-2006-000171-HTI,2006-11-28,2006-12-01,Haiti,"6,319",News,Heavy rain,7,"1,500",1.0,4.4
3001,,2006-11-28,2006-12-15,Rwanda,840,News,Heavy rain,24,"2,000",1.0,4.2
2999,,2006-11-27,2006-11-29,Malawi,"2,767",News,Heavy rain,5,"8,000",1.0,3.9
2998,,2006-11-24,2006-12-15,Democratic Republic of the Congo,"126,509",News,Heavy rain,0,"26,000",1.0,6.4
2997,FL-2006-000174-PAN,2006-11-21,2006-11-30,Panama,"17,735",News,Heavy rain,11,"1,290",1.0,5.2
2995,,2006-11-19,2006-11-21,Afghanistan,"21,502",News,Heavy rain,50,0,1.0,4.8
2996,,2006-11-19,2006-11-21,Afghanistan,565,News,Heavy rain,18,0,1.0,3.2
2994,FF-2006-000168-AFG,2006-11-16,2006-11-20,Afghanistan,"4,954",News,Heavy rain,66,"4,500",1.0,4.4
2993,,2006-11-15,2006-11-18,Democratic Republic of the Congo,"1,072",News,Heavy rain,8,0,1.0,3.6
2992,FF-2006-000163-AFG,2006-11-10,2006-11-12,Afghanistan,"1,385",News,Heavy rain,9,0,1.0,3.6
2989,,2006-11-05,2006-11-07,Iraq,"19,956",News,Heavy rain,20,"18,000",1.0,4.8
2990,,2006-11-05,2006-11-10,United States of America,"57,886",News,Heavy rain,2,"1,500",1.0,5.5
2991,,2006-11-04,2006-11-18,Congo • Democratic Republic of the Congo,"1,224",News,Heavy rain,7,"6,000",1.0,4.3
2988,TC-2006-000153-PHL,2006-10-30,2006-11-01,Philippines,"23,985",News,Heavy rain,19,"300,000",1.0,4.9
2986,FL-2006-000157-ETH,2006-10-27,2006-12-25,Ethiopia • Somalia,"504,019",News,Heavy rain,132,"410,000",2.0,7.8
2987,FL-2006-000156-TUR,2006-10-27,2006-11-07,Türkiye • Syrian Arab Republic,"122,345",News,Heavy rain,46,"63,000",2.0,6.5
2983,,2006-10-26,2006-10-28,United Kingdom of Great Britain and Northern Ireland,"2,300",News,Heavy rain,1,300,2.0,4.1
2984,FL-2006-000155-LKA,2006-10-26,2006-11-20,Sri Lanka,"6,984",News,Monsoonal rain,52,"88,000",1.0,5.3
2985,,2006-10-26,2006-11-04,India,"40,095",News,Monsoonal rain,47,"225,000",1.0,5.6
2982,,2006-10-25,2006-10-28,Mexico,"54,979",News,Heavy rain,0,"20,000",1.0,5.3
2979,FL-2006-000161-SOM,2006-10-23,2007-01-04,Kenya • Somalia,"950,041",News,Heavy rain,150,"700,000",1.0,7.8
2978,,2006-10-22,2006-11-08,Spain • Portugal,"155,288",News,Heavy rain,4,300,1.0,6.4
2977,,2006-10-21,2006-10-24,Canada,"16,766",News,Heavy rain,0,500,1.0,4.8
2981,,2006-10-21,2006-10-27,Philippines,"3,683",News,Heavy rain,1,"40,000",1.0,4.4
2980,,2006-10-20,2006-11-01,Malaysia,"16,296",News,Heavy rain,1,"1,500",1.0,5.3
2975,,2006-10-15,2006-11-01,United States of America,"35,645",News,Heavy rain,4,0,1.0,5.8
2976,FL-2006-000159-KEN,2006-10-15,2006-10-26,Kenya,"12,732",News,Heavy rain,6,"2,000",1.0,5.2
2974,FL-2006-000147-THA,2006-10-10,2006-11-04,Thailand,"174,278",News,Monsoonal rain,0,0,1.0,6.7
2973,,2006-10-09,2006-10-14,United States of America,"51,560",News,Heavy rain,0,100,1.0,5.5
2972,,2006-10-08,2006-10-12,Greece,"17,967",News,Heavy rain,0,"3,000",2.0,5.3
2971,,2006-10-06,2006-10-12,China,"24,766",News,Heavy rain,16,"20,000",1.0,5.2
2969,TC-2006-000144-PHL,2006-09-27,2006-10-06,Philippines • Viet Nam,"69,820",News,Heavy rain,260,"250,000",1.0,5.8
2968,,2006-09-25,2006-09-28,Nepal,"26,240",News,Monsoonal rain,4,0,1.0,5.0
2966,,2006-09-22,2006-09-26,United States of America,"146,006",News,Heavy rain,13,600,1.0,5.9
2965,,2006-09-18,2006-10-05,India • Bangladesh,"606,980",News,Monsoonal rain,250,"50,000",1.0,7.0
2964,,2006-09-17,2006-09-21,Viet Nam,"34,789",News,Heavy rain,4,"16,000",1.0,5.2
2963,TC-2006-000138-MEX,2006-09-16,2006-09-18,Mexico,"44,309",News,Monsoonal rain,4,"7,000",1.0,5.1
2970,FL-2006-000147-MMR,2006-09-15,2006-10-19,Myanmar,"187,994",News,Monsoonal rain,25,"10,000",1.0,6.8
2967,,2006-09-12,2006-09-13,Nigeria,870,News,Torrential rain,20,0,1.0,3.2
2962,FL-2006-000139-TCD,2006-09-05,2006-10-17,Chad • Nigeria,"768,806",News,Heavy rain,52,"20,000",1.0,7.5
2959,,2006-09-02,2006-09-07,United States of America,"4,560",News,Tropical cyclone,0,140,1.0,4.4
2960,TC-2006-000132-MEX,2006-09-02,2006-09-04,Mexico,"25,148",News,Tropical cyclone,5,"10,000",1.0,4.9
2958,,2006-08-31,2006-09-11,India • Pakistan,"141,449",News,Monsoonal rain,39,"3,000",1.0,6.2
2957,,2006-08-30,2006-08-31,China,"16,922",News,Torrential rain,15,0,1.0,4.5
2956,,2006-08-29,2006-09-04,India,"32,713",News,Monsoonal rain,42,"50,000",1.0,5.4
2954,FL-2006-000127-NPL,2006-08-26,2006-09-13,Nepal,"14,866",News,Monsoonal rain,60,"80,000",2.0,5.8
2955,,2006-08-24,2006-10-10,Somalia,"37,382",News,Monsoonal rain,5,0,1.0,6.3
2961,FL-2006-000131-BGD,2006-08-24,2006-09-20,Bangladesh,"28,079",News,Monsoonal rain,0,0,1.0,5.9
2951,FL-2006-000125-THA,2006-08-20,2006-12-13,Thailand,"213,081",News,Monsoonal rain,195,"2,000,000",2.0,7.7
2953,,2006-08-19,2006-08-24,United States of America,"123,354",News,Heavy rain,0,150,1.0,5.9
2946,FL-2006-000122-ETH,2006-08-13,2006-09-11,Ethiopia,"15,926",News,Heavy rain,364,"20,000",1.0,5.7
2950,FL-2006-000123-SDN,2006-08-13,2006-09-26,Sudan • Ethiopia,"1,485,583",News,Heavy rain,40,"150,000",1.0,7.8
2948,FL-2006-000136-VNM,2006-08-12,2006-09-02,Viet Nam,"124,537",News,Heavy rain,42,"50,000",1.0,6.4
2952,FL-2006-000124-UGA,2006-08-12,2006-08-21,Uganda,"4,902",News,Heavy rain,3,"1,680",1.0,4.7
2949,FL-2006-000130-KHM,2006-08-10,2006-11-01,Cambodia • Viet Nam,"143,296",News,Monsoonal rain,68,"33,000",1.0,7.1
2945,TC-2006-000114-CHN,2006-08-09,2006-08-12,China,"191,444",News,Tropical cyclone,441,"1,600,000",1.0,5.9
2943,FL-2006-000112-ETH,2006-08-05,2006-08-08,Ethiopia,"4,225",News,Heavy rain,256,"10,000",1.0,4.2
2944,,2006-08-04,2006-08-09,Somalia,"3,845",News,Heavy rain,0,400,1.0,4.4
2947,FL-2006-000120-BFA,2006-08-03,2006-10-11,Burkina Faso • Niger,"2,109,011",News,Heavy rain,4,"70,000",1.0,8.2
2941,TC-2006-000116-CHN,2006-08-02,2006-08-06,Philippines • China,"162,840",News,Tropical cyclone,87,"840,000",1.0,5.9
2942,,2006-08-02,2006-08-04,South Africa,"21,840",News,Heavy rain,6,"3,000",1.0,4.8
2938,,2006-08-01,2006-08-01,Pakistan,"2,748",News,Monsoonal rain,12,0,1.0,3.4
2940,FL-2006-000117-IND,2006-08-01,2006-09-10,India,"302,774",News,Monsoonal rain,185,"2,000,000",1.0,7.1
2936,FL-2006-000128-AFG,2006-07-30,2006-08-09,Afghanistan,"63,167",News,Heavy rain,35,0,1.0,5.8
2937,,2006-07-30,2006-08-02,Philippines,"2,751",News,Tropical cyclone,8,"476,027",1.0,4.0
2935,FL-2006-000137-IND,2006-07-28,2006-09-12,India • Pakistan,"681,020",News,Monsoonal rain,457,"140,000",2.0,7.8
2934,,2006-07-27,2006-07-30,United States of America,"4,722",News,Heavy rain,1,600,1.0,4.3
2939,,2006-07-27,2006-08-07,United States of America • Mexico,"3,610",News,Heavy rain,1,"5,000",1.0,4.6
2933,,2006-07-26,2006-07-27,Switzerland,364,News,Heavy rain,0,"3,000",1.0,2.9
2931,,2006-07-24,2006-08-22,Pakistan • India,"182,707",News,Monsoonal rain,248,0,1.0,6.7
2932,TC-2006-000105-CHN,2006-07-24,2006-07-28,Philippines • China,"350,925",News,Tropical cyclone,36,"1,500,000",1.0,6.2
2929,FL-2006-000106-MRT,2006-07-22,2006-07-24,Mauritania,219,News,Heavy rain,7,"1,200",1.0,2.8
2930,,2006-07-22,2006-07-26,Japan,"6,129",News,Heavy rain,4,"4,300",1.0,4.5
2927,,2006-07-20,2006-07-21,China,"1,666",News,Heavy rain,18,0,1.0,3.5
2926,FL-2006-000102-JPN,2006-07-19,2006-07-20,Japan,"47,888",News,Heavy rain,24,"6,200",1.0,5.0
2928,,2006-07-18,2006-07-20,Nigeria,"1,851",News,Heavy rain,4,40,1.0,3.7
2925,,2006-07-15,2006-07-17,Nigeria,724,News,Heavy rain,0,"2,000",1.0,3.3
2924,,2006-07-14,2006-07-17,China,"1,726",News,Monsoonal rain,1,"1,200",1.0,3.8
2922,FL-2006-000092-KOR,2006-07-12,2006-07-20,Republic of Korea • Democratic People's Republic of Korea,"55,625",News,Monsoonal rain,575,"65,000",1.0,5.7
2923,,2006-07-12,2006-07-14,Russian Federation,"22,758",News,Heavy rain,0,"6,000",1.0,4.8
2917,,2006-07-11,2006-07-12,Pakistan,457,News,Heavy rain,4,0,1.0,3.0
2919,,2006-07-11,2006-07-13,China,"1,392",News,Heavy rain,0,"4,000",1.0,3.6
2920,,2006-07-11,2006-07-17,Chile,"5,035",News,Heavy rain,15,"30,000",1.0,4.5
2921,FL-2006-000098-PHI,2006-07-11,2006-07-19,Philippines • China,"612,226",News,Tropical cyclone,629,"2,450,000",2.0,7.0
2915,,2006-07-09,2006-07-11,Viet Nam,635,News,Heavy rain,4,100,1.0,3.3
2916,,2006-07-09,2006-07-13,Pakistan • Afghanistan,"6,984",News,Heavy rain,23,50,1.0,4.5
2914,,2006-07-07,2006-07-11,China,"20,118",News,Monsoonal rain,8,"130,000",1.0,5.0
2912,,2006-07-06,2006-07-17,China,"16,832",News,Heavy rain,24,50,1.0,5.3
2913,,2006-07-06,2006-07-07,Cambodia,"11,616",News,Monsoonal rain,0,"5,000",1.0,4.4
2911,,2006-07-04,2006-07-07,India,"170,056",News,Heavy rain,24,"8,400",1.0,5.8
2907,,2006-07-03,2006-07-04,Afghanistan,"1,571",News,Heavy rain,7,0,1.0,3.5
2908,,2006-07-03,2006-07-04,Pakistan,"1,430",News,Heavy rain,22,0,1.0,3.5
2909,,2006-07-03,2006-07-08,India,"31,361",News,Monsoonal rain,33,0,1.0,5.3
2910,FL-2006-000094-IND,2006-07-03,2006-07-06,India,394,News,Monsoonal rain,9,0,1.0,3.2
2918,,2006-07-03,2006-07-12,Myanmar,"154,656",News,Monsoonal rain,1,0,1.0,6.2
2905,FL-2006-000085-UKR,2006-07-02,2006-07-03,Ukraine,600,News,Heavy rain,2,0,1.0,3.1
2906,,2006-07-02,2006-07-05,China,"138,195",News,Heavy rain,20,16,1.0,5.7
2904,,2006-07-01,2006-07-03,Türkiye,"69,641",News,Heavy rain,9,0,1.0,5.3
2902,FL-2006-000071-ROM,2006-06-30,2006-07-03,Romania,"1,119",News,Heavy rain,21,600,1.0,3.7
2903,,2006-06-30,2006-07-01,China,33,News,Heavy rain,8,0,1.0,1.8
2900,,2006-06-28,2006-07-08,China,"109,600",News,Heavy rain,50,"10,000",1.0,6.1
2901,FL-2006-000095-CHN,2006-06-28,2006-07-06,China,"43,706",News,Heavy rain,30,"44,400",1.0,5.6
2895,FL-2006-000093-USA,2006-06-25,2006-07-01,United States of America,"122,594",News,Heavy rain,11,"65,000",2.0,6.2
2896,,2006-06-25,2006-06-29,Indonesia,"23,710",News,Heavy rain,26,"3,000",1.0,5.1
2897,,2006-06-25,2006-06-26,China,"34,991",News,Heavy rain,25,"123,000",1.0,4.8
2898,,2006-06-25,2006-06-26,China,"11,363",News,Heavy rain,4,"5,000",1.0,4.4
2899,,2006-06-25,2006-07-01,Honduras,"9,985",News,Heavy rain,4,"1,500",1.0,4.8
2894,FL-2006-000096-IND,2006-06-24,2006-08-03,India • Nepal,"506,577",News,Monsoonal rain,160,0,1.0,7.3
2893,,2006-06-23,2006-06-27,Indonesia,891,News,Heavy rain,0,"5,000",1.0,3.6
2892,,2006-06-22,2006-06-25,United States of America,"6,788",News,Heavy rain,2,0,1.0,4.4
2891,,2006-06-20,2006-06-26,Romania,"5,536",News,Heavy rain,12,626,1.0,4.6
2890,FF-2006-000069-IDN,2006-06-19,2006-06-23,Indonesia,"3,092",News,Heavy rain,291,"7,580",1.0,4.2
2889,FL-2006-000068-CHN,2006-06-17,2006-06-19,China,"7,859",News,Heavy rain,2,"5,000",1.0,4.4
2888,FL-2006-000068-CHN,2006-06-13,2006-06-16,China,"58,065",News,Heavy rain,2,"50,000",1.0,5.4
2887,FL-2006-000068-CHN,2006-06-12,2006-06-16,China,"11,679",News,Heavy rain,52,"5,900",1.0,4.8
2886,,2006-06-10,2006-06-13,Taiwan (Province of China),"14,311",News,Heavy rain,1,300,1.0,4.8
2885,FL-2006-000068-CHN,2006-06-08,2006-06-15,China,"4,210",News,Heavy rain,21,"195,500",1.0,4.5
2883,,2006-06-04,2006-06-12,Russian Federation,"274,771",News,Rain and snowmelt,0,"1,300",1.0,6.4
2884,,2006-06-04,2006-06-06,Poland • Slovakia,"27,578",News,Heavy rain,0,600,1.0,4.9
2875,,2006-05-31,2006-05-31,Thailand,"5,872",News,Monsoonal rain,0,0,2.0,4.1
2876,,2006-05-31,2006-06-04,India,"394,011",News,Monsoonal rain,41,0,1.0,6.3
2879,FF-2006-000082-IND,2006-05-31,2006-07-24,India • Bangladesh,"185,349",News,Monsoonal rain,21,"600,000",1.0,7.0
2877,,2006-05-30,2006-06-09,China,"76,601",News,Monsoonal rain,57,"356,000",2.0,6.2
2874,,2006-05-28,2006-06-02,United States of America,"39,986",News,Heavy rain,0,0,2.0,5.7
2872,,2006-05-26,2006-05-28,Morocco,"33,213",News,Heavy rain,6,"1,100",2.0,5.3
2880,,2006-05-26,2006-06-02,Canada,"3,213",News,Snowmelt,0,300,1.0,4.4
2871,,2006-05-25,2006-05-28,United States of America,"17,036",News,Torrential rain,6,0,1.0,4.8
2878,,2006-05-25,2006-06-02,India,"42,687",News,Monsoonal rain,32,"10,800",2.0,5.9
2873,,2006-05-24,2006-05-31,China,"107,431",News,Heavy rain,3,"350,000",1.0,5.9
2870,,2006-05-23,2006-05-27,Cuba,"1,943",News,Heavy rain,7,0,1.0,4.0
2867,FL-2006-000062-THA,2006-05-22,2006-06-11,Thailand,"78,277",News,Monsoonal rain,79,"2,000",2.0,6.5
2882,,2006-05-22,2006-05-29,United States of America,"86,844",News,Ice jam/break-up,0,0,1.0,5.8
2868,,2006-05-20,2006-05-28,Canada,"69,157",News,Rain and snowmelt,1,400,1.0,5.8
2866,,2006-05-19,2006-05-23,Afghanistan,"21,481",News,Heavy rain,9,800,1.0,5.0
2865,,2006-05-18,2006-05-22,China,"141,404",News,Tropical cyclone,23,"1,030,000",1.0,5.8
2869,,2006-05-17,2006-05-28,Burundi,"2,695",News,Heavy rain,1,"5,000",1.0,4.5
2862,,2006-05-11,2006-05-14,Philippines,"24,930",News,Tropical cyclone,41,"42,000",1.0,5.0
2864,,2006-05-11,2006-05-22,United States of America,"42,911",News,Heavy rain,1,"2,500",2.0,6.0
2863,FL-2006-000065-TZA,2006-05-09,2006-05-17,United Republic of Tanzania,"12,433",News,Heavy rain,0,"19,000",1.0,5.0
2860,,2006-05-08,2006-05-13,Iran (Islamic Republic of),"18,313",News,Heavy rain,14,"2,800",1.0,5.0
2858,FL-2006-000057-SUR,2006-05-07,2006-05-29,Suriname,"62,044",News,Heavy rain,3,"22,000",2.0,6.5
2857,,2006-05-06,2006-05-07,Nepal,"1,833",News,Heavy rain,7,0,1.0,3.6
2856,,2006-05-03,2006-05-08,Algeria,"55,687",News,Heavy rain,6,0,1.0,5.5
2855,FL-2006-000076-AFG,2006-04-29,2006-05-01,Afghanistan,"58,309",News,Torrential rain,9,400,1.0,5.2
2859,,2006-04-29,2006-05-05,Myanmar,"77,889",News,Tropical cyclone,21,800,1.0,5.7
2854,,2006-04-27,2006-04-30,Papua New Guinea,"4,699",News,see notes,1,300,1.0,4.3
2853,,2006-04-26,2006-04-28,New Zealand,"4,630",News,Torrential rain,0,"1,200",2.0,4.4
2852,,2006-04-22,2006-05-31,Canada,"7,029",News,Snowmelt,0,"2,000",2.0,5.8
2851,,2006-04-21,2006-05-31,Russian Federation,"144,912",News,Snowmelt,0,420,1.0,6.8
2861,,2006-04-21,2006-05-15,China,"175,249",News,Heavy rain,22,"36,900",1.0,6.6
2850,,2006-04-20,2006-04-21,Malaysia,"2,586",News,Heavy rain,0,500,2.0,4.0
2848,FF-2006-000049-IDN,2006-04-19,2006-04-23,Indonesia,"19,039",News,Heavy rain,23,240,1.0,5.0
2849,,2006-04-18,2006-04-24,Canada,726,News,Heavy rain,0,200,1.0,3.7
2843,,2006-04-15,2006-04-24,Georgia,"29,217",News,Dam/Levy break or release,0,600,1.0,5.5
2844,,2006-04-15,2006-04-18,India,"190,870",News,Heavy rain,20,0,1.0,5.9
2845,,2006-04-12,2006-04-24,Canada,"63,265",News,Heavy rain,0,"1,000",2.0,6.2
2846,,2006-04-12,2006-04-18,Papua New Guinea,"41,564",News,Heavy rain,0,400,1.0,5.5
2840,,2006-04-11,2006-04-15,Dominican Republic,"15,651",News,Heavy rain,1,0,1.0,4.9
2841,,2006-04-11,2006-05-09,Canada,"9,216",News,Rain and snowmelt,0,40,1.0,5.4
2847,,2006-04-09,2006-04-25,Ethiopia,"83,387",News,Heavy rain,0,"10,000",1.0,6.2
2838,FL-2006-000047-COD,2006-04-08,2006-04-27,Democratic Republic of the Congo,"45,526",News,Heavy rain,6,0,1.0,6.0
2839,FL-2006-000045-ROM,2006-04-07,2006-05-24,Romania • Bulgaria,"144,631",News,Rain and snowmelt,0,"17,000",2.0,7.1
2881,,2006-04-07,2006-06-03,United States of America,"85,035",News,Heavy rain,0,0,1.0,6.7
2835,,2006-04-05,2006-04-07,Israel,"2,498",News,Torrential rain,0,0,2.0,4.2
2836,,2006-04-05,2006-04-10,Australia,"39,366",News,Monsoonal rain,0,"1,100",1.0,5.4
2832,FL-2006-000045-SRB,2006-04-04,2006-05-11,Serbia Montenegro • Croatia,"40,531",News,Snowmelt,0,"1,500",2.0,6.5
2834,,2006-04-04,2006-04-17,United States of America,"44,107",News,Heavy rain,1,600,1.0,5.8
2837,FF-2006-000046-KEN,2006-04-04,2006-05-22,Kenya,"538,046",News,Heavy rain,60,"17,300",1.0,7.4
2833,FL-2006-000074-YEM,2006-04-03,2006-04-06,Yemen,"91,481",News,Heavy rain,25,0,1.0,5.6
2830,,2006-04-02,2006-04-03,Israel,"11,510",News,Torrential rain,5,0,1.0,4.4
2831,,2006-03-31,2006-04-03,United States of America,530,News,Heavy rain,0,0,1.0,3.3
2828,,2006-03-30,2006-04-05,Australia,"191,823",News,Tropical cyclone,0,500,1.0,6.1
2829,,2006-03-30,2006-04-25,United States of America,"15,350",News,Rain and snowmelt,1,0,1.0,5.6
2826,FL-2006-000045-CZE,2006-03-28,2006-04-17,Czechia • Germany,"196,115",News,Rain and snowmelt,9,"11,000",2.0,6.9
2827,FL-2006-000045-HUN,2006-03-28,2006-05-09,Slovakia • Hungary,"73,292",News,Snowmelt,3,"6,020",2.0,6.8
2824,,2006-03-27,2006-03-29,Australia,"57,624",News,Torrential rain,0,0,2.0,5.5
2825,,2006-03-26,2006-03-30,South Africa,"2,497",News,Heavy rain,6,"4,160",1.0,4.1
2842,,2006-03-25,2006-04-23,Brazil,"1,164,022",News,Heavy rain,8,"116,000",1.0,7.5
2823,FL-2006-000042-COL,2006-03-22,2006-06-02,Colombia,"157,985",News,Heavy rain,130,"60,000",1.0,7.1
2821,,2006-03-20,2006-04-17,Australia,"464,471",News,Tropical cyclone,0,"7,000",2.0,7.4
2822,,2006-03-18,2006-03-25,United States of America,"16,205",News,Heavy rain,1,0,1.0,5.1
2820,,2006-03-14,2006-03-23,United States of America,586,News,Dam/Levy break or release,7,0,1.0,3.8
2819,,2006-03-13,2006-03-23,Romania,"143,715",News,Snowmelt,0,"10,000",2.0,6.5
2818,,2006-03-12,2006-03-22,United States of America,"6,790",News,Heavy rain,2,0,1.0,4.9
2817,,2006-03-09,2006-03-25,Greece • Türkiye,"19,592",News,Rain and snowmelt,0,0,1.0,5.5
2816,,2006-03-07,2006-03-14,Malawi,"64,885",News,Heavy rain,3,"8,000",2.0,6.0
2814,,2006-03-04,2006-03-06,Philippines,629,News,Heavy rain,1,"1,000",1.0,3.3
2815,,2006-03-03,2006-03-23,Australia,"37,925",News,Tropical cyclone,0,0,2.0,6.2
2813,,2006-03-01,2006-03-08,Australia,"33,679",News,Heavy rain,0,0,1.0,5.4
2811,,2006-02-26,2006-02-26,Malaysia,"1,175",News,Torrential rain,0,"9,000",1.0,3.1
2810,FL-2006-000029-NAM,2006-02-24,2006-02-28,Namibia,"16,107",News,Dam/Levy break or release,5,"2,100",2.0,5.2
2808,,2006-02-21,2006-03-06,United States of America,"3,021",News,Heavy rain,0,0,1.0,4.6
2809,FL-2006-000041-SRB,2006-02-21,2006-03-01,Serbia • Montenegro,"10,087",News,Rain and snowmelt,0,"1,200",1.0,5.0
2804,FF-2006-000039-YEM,2006-02-20,2006-02-23,Yemen,"10,707",News,Heavy rain,5,"2,000",1.0,4.6
2812,,2006-02-18,2006-02-24,Papua New Guinea,"7,507",News,Heavy rain,6,"5,000",1.0,4.7
2802,FL-2006-000034-ECU,2006-02-16,2006-05-06,Ecuador,"61,415",News,Heavy rain,17,"55,000",1.0,6.7
2803,,2006-02-16,2006-02-23,China,"76,507",News,Snowmelt,0,"3,000",1.0,5.8
2801,,2006-02-15,2006-02-23,Lesotho,"30,124",News,Heavy rain,9,"3,000",2.0,5.7
2805,,2006-02-14,2006-02-21,Viet Nam,"17,541",News,Heavy rain,0,500,2.0,5.4
2806,,2006-02-13,2006-03-20,Brazil,"149,086",News,Heavy rain,3,"33,000",1.0,6.7
2807,FL-2006-000027-IDN,2006-02-13,2006-02-23,Indonesia,"33,831",News,Monsoonal rain,33,"17,500",1.0,5.6
2798,,2006-02-10,2006-02-18,Malaysia • Thailand,"85,480",News,Heavy rain,3,"7,000",1.0,5.9
2799,FL-2006-000023-DZA,2006-02-10,2006-02-15,Algeria,"180,479",News,Heavy rain,1,"60,000",1.0,6.0
2800,,2006-02-10,2006-02-18,Philippines,"78,790",News,Monsoonal rain,20,"30,000",1.0,5.9
2796,,2006-02-07,2006-02-13,Indonesia,"29,004",News,Heavy rain,0,300,1.0,5.3
2794,,2006-02-04,2006-02-09,Fiji,"2,373",News,Heavy rain,4,224,1.0,4.2
2797,FL-2006-000018-IRQ,2006-02-04,2006-02-12,Iraq,"77,638",News,Heavy rain,0,"28,000",1.0,5.8
2793,,2006-02-03,2006-02-12,United Republic of Tanzania,"75,937",News,Heavy rain,1,938,1.0,5.9
2795,FL-2006-000025-PNG,2006-02-03,2006-02-19,Papua New Guinea,"34,452",News,Heavy rain,1,"12,000",2.0,6.1
2792,,2006-02-01,2006-02-06,Saudi Arabia • Jordan,"22,619",News,Heavy rain,6,0,1.0,5.1
2790,,2006-01-30,2006-02-04,Norway,"41,523",News,Heavy rain,1,200,2.0,5.7
2791,,2006-01-29,2006-02-06,Fiji,"6,258",News,Tropical cyclone,0,168,1.0,4.8
2787,FL-2006-000017-BRA,2006-01-27,2006-01-30,Brazil,"9,335",News,Torrential rain,12,0,1.0,4.6
2785,,2006-01-26,2006-02-05,Philippines,"63,468",News,Heavy rain,4,"256,641",1.0,5.8
2789,,2006-01-26,2006-02-14,Indonesia,"73,074",News,Monsoonal rain,19,"10,000",1.0,6.2
2786,FL-2006-000010-BOL,2006-01-25,2006-04-17,Bolivia (Plurinational State of),"955,843",News,Heavy rain,23,"100,000",1.0,7.9
2788,,2006-01-22,2006-01-27,Indonesia,"47,810",News,Monsoonal rain,11,"3,000",1.0,5.5
2783,,2006-01-18,2006-01-18,Namibia,"1,298",News,Heavy rain,0,0,1.0,3.1
2781,,2006-01-14,2006-01-17,Trinidad and Tobago,"2,252",News,Heavy rain,0,600,2.0,4.3
2780,,2006-01-09,2006-01-31,Australia,"808,060",News,Tropical cyclone,0,"1,500",2.0,7.6
2779,,2006-01-08,2006-01-12,Indonesia,913,News,Heavy rain,0,"6,000",1.0,3.7
2782,FL-2006-000009-GUY,2006-01-08,2006-02-14,Guyana,"24,217",News,Heavy rain,20,"5,000",1.0,6.0
2778,,2006-01-03,2006-01-11,Hungary,"45,838",News,Heavy rain,0,0,1.0,5.6
2784,,2006-01-02,2006-01-20,Greece • Bulgaria,"4,583",News,Snowmelt,0,0,1.0,4.9
2777,FL-2006-000001-IDN,2006-01-01,2006-01-04,Indonesia,"2,551",News,Monsoonal rain,125,"7,781",1.0,4.0
2776,,2005-12-31,2006-01-18,United States of America,"140,515",News,Heavy rain,0,"4,000",1.0,6.4
2775,,2005-12-24,2005-12-28,Congo,"1,103",News,Heavy rain,1,0,1.0,3.7
2773,,2005-12-22,2006-02-07,Malawi • Mozambique,"224,148",News,Heavy rain,23,"50,000",2.0,7.3
2774,,2005-12-22,2005-12-26,Western Sahara,"114,099",News,Heavy rain,0,"3,000",2.0,6.1
2771,,2005-12-05,2005-12-16,Canada,"1,835",News,Ice jam/break-up,0,56,2.0,4.6
2772,,2005-12-05,2005-12-29,Philippines,"4,630",News,Monsoonal rain,9,"60,000",1.0,5.1
2770,,2005-12-04,2005-12-24,Viet Nam,"63,089",News,Heavy rain,62,"20,000",1.0,6.1
2769,,2005-11-30,2005-12-03,Albania,"10,408",News,Heavy rain,3,0,1.0,4.6
2768,,2005-11-23,2006-01-12,Thailand • Malaysia,"70,521",News,Monsoonal rain,69,"700,000",2.0,6.9
2767,,2005-11-21,2005-11-23,Sri Lanka,"30,136",News,Heavy rain,6,"8,000",1.0,5.0
2766,,2005-11-18,2005-11-21,Viet Nam,"16,016",News,Heavy rain,5,"3,000",1.0,4.8
2763,,2005-11-15,2005-11-17,France,"1,982",News,Heavy rain,2,"1,000",1.0,3.8
2765,,2005-11-15,2005-11-17,Jamaica,762,News,Heavy rain,3,0,1.0,3.4
2764,,2005-11-11,2005-11-11,United Kingdom of Great Britain and Northern Ireland,213,News,Heavy rain,0,0,2.0,2.6
2762,,2005-11-08,2005-11-13,Australia,"204,296",News,Heavy rain,1,"1,000",1.0,6.1
2760,,2005-11-02,2005-11-04,Viet Nam,"16,657",News,Tropical cyclone,20,"15,000",1.0,4.7
2759,,2005-10-30,2005-11-15,Nicaragua • Honduras,"57,712",News,Tropical cyclone,"2,000","20,000",1.0,6.0
2755,,2005-10-23,2005-10-24,Italy,"1,199",News,Heavy rain,6,0,1.0,3.4
2756,,2005-10-23,2005-10-26,Haiti • Dominican Republic,"12,264",News,Tropical cyclone,26,"1,500",1.0,4.7
2758,,2005-10-23,2005-12-09,India,"131,308",News,Monsoonal rain,279,"300,000",1.0,6.8
2754,,2005-10-21,2005-10-28,India,"29,111",News,Heavy rain,13,"3,000,000",1.0,5.4
2757,,2005-10-20,2005-10-28,Viet Nam,"28,848",News,Heavy rain,67,"1,500",1.0,5.4
2753,,2005-10-19,2005-10-25,Jamaica • Haiti,"47,853",News,Tropical cyclone,24,"100,000",1.0,5.5
2752,,2005-10-18,2005-10-19,Indonesia,"2,464",News,Heavy rain,28,"12,000",1.0,3.7
2751,,2005-10-13,2005-10-15,Spain,"4,081",News,Heavy rain,4,0,1.0,4.1
2750,,2005-10-12,2005-10-14,United Kingdom of Great Britain and Northern Ireland,"8,926",News,Heavy rain,2,0,1.0,4.4
2749,,2005-10-08,2005-10-17,United States of America,"38,292",News,Heavy rain,11,"3,000",2.0,5.9
2748,,2005-10-07,2005-10-11,Viet Nam,"8,374",News,Heavy rain,17,"10,000",1.0,4.6
2746,,2005-10-03,2005-10-06,China,"12,376",News,Heavy rain,16,"359,000",1.0,4.7
2747,,2005-10-03,2005-10-22,Bangladesh,"22,574",News,Heavy rain,19,"100,000",1.0,5.7
2745,,2005-10-02,2005-10-06,China,"13,903",News,Tropical cyclone,95,0,1.0,4.8
2744,,2005-10-01,2005-10-16,El Salvador • Guatemala,"211,257",News,Tropical cyclone,"2,000","250,000",2.0,6.8
2743,,2005-09-29,2005-10-06,China,"29,517",News,Heavy rain,2,"24,000",1.0,5.4
2741,,2005-09-27,2005-09-29,Canada,332,News,Heavy rain,0,200,1.0,3.0
2742,,2005-09-27,2005-10-07,Mauritania,"147,088",News,Heavy rain,0,"3,000",2.0,6.5
2736,,2005-09-26,2005-10-06,China • Viet Nam,"491,950",News,Tropical cyclone,104,"470,000",2.0,7.0
2739,,2005-09-26,2005-09-29,Nigeria,"11,553",News,Heavy rain,0,"1,500",1.0,4.7
2740,,2005-09-26,2005-09-29,Mexico,"62,548",News,Heavy rain,3,"3,000",1.0,5.4
2737,,2005-09-25,2005-10-02,Nepal,"8,033",News,Monsoonal rain,51,"1,600",1.0,4.8
2735,,2005-09-23,2005-10-01,United States of America,"33,403",News,Tropical cyclone,0,0,1.0,5.5
2734,,2005-09-22,2005-10-11,India,"53,195",News,Heavy rain,15,0,1.0,6.0
2733,,2005-09-21,2005-10-09,Romania • Bulgaria,"29,373",News,Heavy rain,10,0,1.0,5.7
2732,,2005-09-18,2005-09-24,Viet Nam,"10,779",News,Tropical cyclone,8,"8,500",1.0,4.9
2731,,2005-09-16,2005-10-05,India,"308,729",News,Monsoonal rain,23,0,1.0,6.8
2730,,2005-09-15,2005-09-27,Philippines,"12,976",News,Monsoonal rain,16,"8,000",1.0,5.2
2761,,2005-09-15,2005-12-16,Colombia,"115,247",News,Heavy rain,95,"100,000",1.0,7.0
2728,,2005-09-14,2005-09-30,India,"374,449",News,Heavy rain,89,"550,000",1.0,6.8
2726,,2005-09-11,2005-09-13,China,"84,372",News,Tropical cyclone,16,"1,350,000",1.0,5.4
2727,,2005-09-11,2005-09-12,Afghanistan,"3,209",News,Heavy rain,12,0,1.0,3.8
2725,,2005-09-08,2005-11-01,Viet Nam • Cambodia,"154,794",News,Monsoonal rain,69,"30,000",1.0,6.9
2724,,2005-09-07,2005-09-09,France,"9,814",News,Heavy rain,0,"3,000",1.0,4.5
2723,,2005-09-04,2005-09-09,Japan • Republic of Korea,"36,825",News,Tropical cyclone,22,"301,000",1.0,5.3
2722,,2005-09-01,2005-09-04,Taiwan (Province of China) • China,"188,694",News,Tropical cyclone,129,"1,840,000",1.0,5.9
2720,,2005-08-30,2005-09-03,Australia,"8,209",News,Heavy rain,0,0,1.0,4.6
2719,,2005-08-29,2005-09-19,United States of America,"50,377",News,Tropical cyclone,"1,053","500,000",2.0,6.3
2738,,2005-08-29,2005-09-06,Sudan,"40,659",News,Heavy rain,5,"9,000",1.0,5.6
2718,,2005-08-26,2005-08-30,India,"12,678",News,Heavy rain,21,0,1.0,4.8
2716,,2005-08-21,2005-08-26,Switzerland • Austria,"44,953",News,Heavy rain,12,"2,500",2.0,5.7
2717,,2005-08-21,2005-08-30,Mexico,"242,700",News,Heavy rain,30,"10,000",1.0,6.4
2715,,2005-08-20,2005-09-07,Ethiopia,"52,560",News,Heavy rain,3,"7,000",1.0,6.0
2729,,2005-08-20,2005-09-10,Senegal,333,News,Heavy rain,0,"5,600",1.0,3.9
2712,,2005-08-14,2005-09-05,China,"43,676",News,Heavy rain,28,"14,500",1.0,6.0
2713,,2005-08-14,2005-08-16,Sierra Leone,"7,726",News,Heavy rain,20,"15,000",2.0,4.7
2714,,2005-08-14,2005-09-02,Romania • Republic of Moldova,"68,755",News,Heavy rain,34,"2,000",1.0,6.1
2709,,2005-08-13,2005-09-26,Thailand,"134,287",News,Monsoonal rain,11,"119,270",2.0,7.1
2710,,2005-08-13,2005-08-16,Viet Nam,"14,786",News,Heavy rain,13,0,1.0,4.8
2711,,2005-08-13,2005-08-20,China,"85,857",News,Heavy rain,15,"206,000",1.0,5.8
2708,,2005-08-09,2005-08-11,Iran (Islamic Republic of),"4,900",News,Heavy rain,43,0,1.0,4.2
2707,,2005-08-08,2005-08-25,Central African Republic,"65,654",News,Heavy rain,1,"22,500",1.0,6.1
2721,,2005-08-07,2005-09-16,Nigeria,"159,497",News,Heavy rain,3,7,1.0,6.8
2706,,2005-08-05,2005-08-14,China,"855,820",News,Heavy rain,7,"230,000",1.0,6.9
2705,,2005-08-04,2005-08-11,Bulgaria,"44,209",News,Heavy rain,7,"12,000",1.0,5.5
2704,,2005-08-03,2005-08-19,Sudan,"163,361",News,Heavy rain,8,"8,000",1.0,6.4
2702,,2005-08-02,2005-08-03,Türkiye,"1,667",News,Heavy rain,7,0,1.0,3.5
2703,,2005-08-02,2005-08-04,Republic of Korea,"9,965",News,Monsoonal rain,11,"1,500",1.0,4.5
2701,,2005-07-31,2005-08-01,Iran (Islamic Republic of),"4,580",News,Heavy rain,27,0,1.0,4.0
2700,,2005-07-30,2005-08-03,India,"11,721",News,Monsoonal rain,8,"344,857",1.0,4.8
2699,,2005-07-27,2005-07-30,Philippines,"1,058",News,Monsoonal rain,3,"32,782",1.0,3.6
2697,,2005-07-24,2005-08-05,India,"35,552",News,Monsoonal rain,987,"160,000",1.0,5.7
2698,,2005-07-23,2005-08-16,India,"619,198",News,Monsoonal rain,126,"100,000",1.0,7.2
2696,,2005-07-21,2005-07-22,China,396,News,Dam/Levy break or release,16,0,1.0,2.9
2695,,2005-07-17,2005-07-19,Malaysia,"1,469",News,Torrential rain,4,600,2.0,3.9
2694,,2005-07-16,2005-07-20,Taiwan (Province of China) • China,"12,148",News,Tropical cyclone,17,0,1.0,4.8
2692,,2005-07-12,2005-07-28,Romania,"40,037",News,Heavy rain,23,"13,000",2.0,6.1
2691,,2005-07-10,2005-07-11,Japan,"23,384",News,Heavy rain,4,600,1.0,4.7
2693,,2005-07-10,2005-07-18,China,"101,854",News,Heavy rain,0,0,1.0,6.0
2690,,2005-07-07,2005-07-27,India • Bangladesh,"823,462",News,Monsoonal rain,40,"3,000,000",1.0,7.2
2689,,2005-07-05,2005-08-14,Pakistan • India,"433,455",News,Monsoonal rain,40,"452,000",1.0,7.2
2686,,2005-07-02,2005-07-15,India,"55,740",News,Monsoonal rain,62,"49,000",1.0,5.9
2687,,2005-07-02,2005-07-16,Romania • Bulgaria,"72,209",News,Heavy rain,23,"7,000",1.0,6.0
2688,,2005-07-01,2005-08-12,China,"275,029",News,Heavy rain,5,"1,500",1.0,7.1
2683,,2005-06-30,2005-07-03,Australia,"7,891",News,Heavy rain,3,"3,000",1.0,4.5
2685,,2005-06-30,2005-07-02,Democratic People's Republic of Korea,"2,587",News,Monsoonal rain,88,"16,000",1.0,3.9
2681,,2005-06-29,2005-06-30,Mexico,969,News,Heavy rain,2,0,1.0,3.3
2682,,2005-06-29,2005-07-03,India,"6,803",News,Monsoonal rain,1,"140,000",1.0,4.5
2680,,2005-06-28,2005-07-15,India,"73,781",News,Monsoonal rain,202,"500,000",2.0,6.4
2684,,2005-06-28,2005-07-19,China,"69,403",News,Heavy rain,65,"428,000",1.0,6.2
2678,,2005-06-26,2005-06-29,India,"6,531",News,Heavy rain,6,"5,000",1.0,4.4
2679,,2005-06-26,2005-06-28,Chile,"12,210",News,Heavy rain,5,800,1.0,4.6
2677,,2005-06-24,2005-06-27,El Salvador • Honduras,"35,359",News,Heavy rain,41,"1,500",1.0,5.2
2676,,2005-06-23,2005-06-30,Bangladesh,"15,322",News,Monsoonal rain,5,"70,000",1.0,5.1
2675,,2005-06-21,2005-08-05,Pakistan • Afghanistan,"28,631",News,Snowmelt,5,"50,000",2.0,6.4
2673,,2005-06-19,2005-06-20,United Kingdom of Great Britain and Northern Ireland,"1,055",News,Torrential rain,0,0,2.0,3.6
2674,,2005-06-19,2005-06-30,China,"226,558",News,Heavy rain,200,"1,500,000",2.0,6.7
2671,,2005-06-17,2005-06-25,China,"93,629",News,Heavy rain,19,"210,000",2.0,6.2
2672,,2005-06-17,2005-06-20,Kenya,"3,517",News,Heavy rain,20,"1,200",1.0,4.1
2670,,2005-06-15,2005-07-21,Tajikistan • Afghanistan,"102,998",News,Heavy rain,39,"11,000",1.0,6.6
2669,,2005-06-11,2005-06-17,Taiwan (Province of China),"3,446",News,Heavy rain,16,"2,700",2.0,4.7
2668,,2005-06-10,2005-06-12,China,"2,332",News,Torrential rain,117,400,2.0,4.1
2667,,2005-06-08,2005-06-10,Tajikistan,"5,936",News,Heavy rain,6,"2,000",1.0,4.3
2666,,2005-06-07,2005-07-01,Canada,"86,681",News,Heavy rain,4,"5,000",2.0,6.6
2665,,2005-06-05,2005-06-17,Georgia,"14,901",News,Heavy rain,1,50,1.0,5.3
2664,,2005-06-01,2005-06-04,Brazil,"6,052",News,Heavy rain,28,"31,000",1.0,4.4
2663,,2005-05-30,2005-06-10,China,"679,664",News,Heavy rain,160,"300,000",1.0,6.9
2661,,2005-05-28,2005-05-29,China,"2,021",News,Torrential rain,8,0,1.0,3.6
2662,,2005-05-28,2005-05-30,Ukraine,"8,129",News,Heavy rain,0,50,1.0,4.4
2660,,2005-05-26,2005-06-13,Bulgaria,"71,253",News,Heavy rain,6,0,1.0,6.1
2657,,2005-05-25,2005-05-28,Bangladesh,"12,730",News,Heavy rain,13,"50,000",1.0,4.7
2658,,2005-05-25,2005-05-31,Finland,"24,899",News,Snowmelt,0,400,1.0,5.2
2656,,2005-05-24,2005-05-27,Brazil,929,News,Torrential rain,5,0,1.0,3.6
2655,,2005-05-18,2005-05-21,New Zealand,628,News,Heavy rain,0,290,2.0,3.7
2659,,2005-05-11,2005-06-07,Russian Federation • China,"379,340",News,Heavy rain,1,50,2.0,7.3
2654,,2005-05-07,2005-05-18,Tajikistan,"26,480",News,Heavy rain,1,0,1.0,5.5
2653,,2005-05-04,2005-05-08,Afghanistan,"82,364",News,Snowmelt,14,0,1.0,5.6
2652,,2005-05-03,2005-06-03,Kenya • Uganda,"443,212",News,Heavy rain,4,"40,000",2.0,7.5
2651,,2005-04-26,2005-04-27,Indonesia,"1,727",News,Heavy rain,20,750,1.0,3.5
2650,,2005-04-25,2005-05-30,Georgia • Russian Federation • Kazakhstan,"1,515,482",News,Heavy rain,0,"6,000",1.0,7.7
2649,,2005-04-23,2005-06-14,Ethiopia • Somalia,"336,115",News,Heavy rain,177,"260,000",2.0,7.6
2648,,2005-04-18,2005-06-04,Romania • Serbia,"58,910",News,Heavy rain,4,"7,000",2.0,6.8
2647,,2005-04-16,2005-04-18,United Republic of Tanzania,507,News,Heavy rain,1,300,1.0,3.2
2646,,2005-04-11,2005-04-14,Colombia,"34,532",News,Heavy rain,11,0,1.0,5.1
2645,,2005-04-01,2005-04-06,United States of America,"130,492",News,Heavy rain,2,"11,000",2.0,6.2
2644,,2005-03-29,2005-03-30,Afghanistan,"1,438",News,Heavy rain,6,0,1.0,3.5
2643,,2005-03-25,2005-03-26,New Zealand,"2,456",News,Heavy rain,0,0,1.0,3.7
2642,,2005-03-24,2005-03-26,Madagascar,151,News,Heavy rain,0,900,1.0,2.7
2641,,2005-03-20,2005-03-24,Pakistan,"75,648",News,Heavy rain,20,"3,500",1.0,5.6
2640,,2005-03-17,2005-04-08,Poland • Romania,"673,469",News,Snowmelt,4,"1,000",1.0,7.2
2639,,2005-03-15,2005-03-18,Afghanistan,"89,539",News,Heavy rain,2,0,1.0,5.6
2637,,2005-03-13,2005-03-25,Iraq,"260,716",News,Heavy rain,0,0,1.0,6.5
2635,,2005-03-11,2005-03-12,Iran (Islamic Republic of),"23,040",News,Heavy rain,3,"3,000",1.0,4.7
2636,,2005-03-11,2005-03-22,China • Kazakhstan,"220,943",News,Heavy rain,1,"3,000",1.0,6.4
2634,,2005-03-06,2005-03-09,Algeria,"436,815",News,Heavy rain,3,0,1.0,6.2
2632,,2005-03-05,2005-04-05,Afghanistan,"275,340",News,Heavy rain,26,"5,000",1.0,6.9
2631,,2005-03-02,2005-03-08,Pakistan,"104,031",News,Heavy rain,15,"5,000",1.0,5.9
2633,,2005-03-02,2005-03-15,Madagascar,"16,367",News,Heavy rain,25,"8,300",1.0,5.4
2630,,2005-03-01,2005-03-23,Saudi Arabia • Oman,"488,993",News,Heavy rain,7,700,1.0,7.1
2638,,2005-03-01,2005-04-01,Zambia,"122,632",News,Heavy rain,0,300,1.0,6.6
2629,,2005-02-24,2005-03-23,Kazakhstan • Uzbekistan,"135,418",News,Dam/Levy break or release,0,"30,000",1.0,6.6
2627,,2005-02-19,2005-02-25,Indonesia,892,News,Heavy rain,0,"50,000",1.0,3.8
2628,,2005-02-19,2005-02-22,Bolivia (Plurinational State of),"10,545",News,Heavy rain,0,0,1.0,4.6
2626,,2005-02-17,2005-03-24,Greece • Bulgaria,"7,609",News,Heavy rain,0,300,2.0,5.7
2625,,2005-02-11,2005-02-26,Colombia • Venezuela (Bolivarian Republic of),"43,717",News,Heavy rain,95,"70,000",1.0,5.8
2624,,2005-02-09,2005-02-16,Pakistan,"123,213",News,Heavy rain,300,"40,000",1.0,6.0
2623,,2005-02-07,2005-02-14,Venezuela (Bolivarian Republic of),"11,963",News,Heavy rain,19,"26,000",1.0,5.0
2622,,2005-02-03,2005-02-07,Australia,"35,240",News,Heavy rain,0,0,1.0,5.2
2621,,2005-02-01,2005-02-11,Brazil,"56,393",News,Heavy rain,9,"9,000",1.0,5.8
2618,,2005-01-29,2005-01-31,Brazil,"127,862",News,Heavy rain,10,0,1.0,5.6
2620,,2005-01-27,2005-03-28,Angola,"118,198",News,Heavy rain,0,"10,000",1.0,6.9
2616,,2005-01-26,2005-01-28,Australia,"1,122",News,Heavy rain,0,0,2.0,3.8
2617,,2005-01-25,2005-02-09,Mozambique,"24,296",News,Heavy rain,0,0,1.0,5.6
2615,,2005-01-23,2005-01-28,Australia,"618,243",News,Monsoonal rain,2,0,1.0,6.6
2619,,2005-01-23,2005-02-02,Madagascar,"6,747",News,Tropical cyclone,17,"8,000",1.0,4.9
2614,,2005-01-22,2005-01-27,Saudi Arabia,"22,758",News,Heavy rain,29,50,1.0,5.1
2613,,2005-01-15,2005-02-25,Guyana,"2,339",News,Heavy rain,31,"375,000",2.0,5.3
2611,,2005-01-11,2005-01-18,Costa Rica • Panama,"7,580",News,Heavy rain,4,"15,000",1.0,4.8
2612,,2005-01-11,2005-02-10,Indonesia,"78,151",News,Heavy rain,9,0,1.0,6.4
2610,,2005-01-10,2005-01-13,United States of America,"71,018",News,Heavy rain,1,850,2.0,5.8
2608,,2005-01-08,2005-01-11,United States of America,"11,751",News,Heavy rain,4,500,1.0,4.7
2609,,2005-01-08,2005-01-10,United Kingdom of Great Britain and Northern Ireland,"4,747",News,Heavy rain,3,"3,000",2.0,4.5
2607,,2005-01-07,2005-01-10,New Zealand,"1,559",News,Heavy rain,0,0,1.0,3.8
2606,,2005-01-05,2005-02-01,United States of America,"285,909",News,Heavy rain,3,"4,000",2.0,7.2
2604,,2004-12-26,2004-12-29,Thailand,"55,444",News,Tidal surge,"160,000","5,000,000",2.0,5.6
2605,,2004-12-25,2004-12-28,Italy,215,News,Heavy rain,0,0,1.0,2.9
2603,,2004-12-22,2004-12-24,South Africa,"44,768",News,Heavy rain,0,0,1.0,5.1
2602,,2004-12-18,2004-12-19,Angola,"2,663",News,Heavy rain,1,"2,000",1.0,3.7
2601,,2004-12-11,2004-12-23,Sri Lanka,"23,456",News,Monsoonal rain,6,"200,000",1.0,5.5
2600,,2004-12-10,2004-12-18,Malaysia • Thailand,"43,430",News,Monsoonal rain,15,"20,000",2.0,5.9
2599,,2004-12-09,2005-01-01,Iran (Islamic Republic of),"436,703",News,Heavy rain,54,"4,000",1.0,7.0
2598,,2004-12-08,2004-12-22,Australia,"80,552",News,Heavy rain,3,150,1.0,6.1
2597,,2004-12-07,2004-12-20,United States of America,"263,934",News,Heavy rain,0,0,1.0,6.6
2596,,2004-12-06,2004-12-10,Argentina,"3,232",News,Heavy rain,0,"5,000",1.0,4.2
2594,,2004-12-04,2004-12-08,Albania,426,News,Heavy rain,0,0,1.0,3.3
2595,,2004-12-03,2004-12-07,Russian Federation,"4,282",News,Snowmelt,0,150,1.0,4.3
2593,,2004-12-02,2004-12-06,Indonesia,"3,783",News,Heavy rain,15,"20,000",2.0,4.6
2592,,2004-11-29,2004-12-22,Philippines,"39,972",News,Heavy rain,939,"432,000",1.0,6.0
2591,,2004-11-26,2004-11-30,Viet Nam,"23,735",News,Heavy rain,56,"500,000",1.0,5.1
2589,,2004-11-23,2004-11-28,Philippines,"21,573",News,Tropical cyclone,26,"8,000",1.0,5.1
2590,,2004-11-23,2004-11-26,Panama,"5,108",News,Heavy rain,0,"6,500",2.0,4.6
2588,,2004-11-20,2004-11-27,Venezuela (Bolivarian Republic of),"7,328",News,Heavy rain,0,0,1.0,4.8
2587,,2004-11-19,2004-11-29,Philippines,"14,672",News,Tropical cyclone,61,"35,000",1.0,5.2
2585,,2004-11-17,2004-11-25,Venezuela (Bolivarian Republic of),"13,177",News,Heavy rain,11,0,1.0,5.1
2584,,2004-11-15,2004-11-29,United States of America,"107,063",News,Heavy rain,3,600,1.0,6.2
2583,,2004-11-08,2004-11-10,Uganda,299,News,Heavy rain,0,"10,000",1.0,3.0
2586,,2004-11-07,2004-12-15,Paraguay • Argentina,"127,493",News,Heavy rain,0,0,1.0,6.7
2581,,2004-11-06,2004-11-11,Guatemala,"13,464",News,Heavy rain,1,650,1.0,4.9
2582,,2004-11-06,2004-11-10,Australia,"10,515",News,Heavy rain,2,0,1.0,4.7
2580,,2004-11-03,2004-11-04,Indonesia,231,News,Heavy rain,1,150,1.0,2.7
2579,,2004-10-27,2004-10-31,Ireland,"6,532",News,Heavy rain,0,200,2.0,4.8
2578,,2004-10-26,2004-11-27,Somalia,"52,233",News,Heavy rain,0,"1,000",1.0,6.2
2575,,2004-10-25,2004-10-27,Taiwan (Province of China),"2,490",News,Tropical cyclone,7,0,1.0,3.9
2577,,2004-10-24,2004-11-02,Central African Republic,"1,516",News,Heavy rain,1,"1,410",1.0,4.2
2572,,2004-10-20,2004-10-24,Japan,"31,215",News,Tropical cyclone,83,"42,000",1.0,5.2
2571,,2004-10-19,2004-10-22,Australia,"1,824",News,Heavy rain,0,100,1.0,3.9
2573,,2004-10-18,2004-10-20,Uganda,"1,128",News,Heavy rain,0,"1,500",1.0,3.5
2574,,2004-10-11,2004-11-30,Colombia,"159,582",News,Heavy rain,30,"300,000",1.0,6.9
2570,,2004-10-07,2004-10-18,India • Bangladesh,"161,740",News,Heavy rain,210,"100,000",1.0,6.3
2576,,2004-10-07,2004-11-04,Togo,110,News,Heavy rain,0,300,2.0,3.8
2568,,2004-09-26,2004-10-03,Indonesia,"5,576",News,Heavy rain,0,"3,000",1.0,4.6
2569,,2004-09-26,2004-09-30,Japan,"3,022",News,Tropical cyclone,19,"10,000",1.0,4.2
2567,,2004-09-17,2004-09-19,Panama,82,News,Heavy rain,13,"11,700",1.0,2.4
2565,,2004-09-15,2004-09-19,United States of America,"15,942",News,Heavy rain,1,0,1.0,4.9
2566,,2004-09-15,2004-10-01,Haiti,"109,541",News,Tropical cyclone,"3,006","280,000",1.0,6.3
2563,,2004-09-11,2004-09-14,Taiwan (Province of China),"10,781",News,Tropical cyclone,9,0,1.0,4.6
2564,,2004-09-11,2004-09-13,Democratic People's Republic of Korea • Republic of Korea,"19,690",News,Heavy rain,0,0,1.0,4.8
2562,,2004-09-08,2004-09-21,United States of America,"363,511",News,Tropical cyclone,100,"20,000",2.0,7.0
2561,,2004-09-07,2004-09-08,Spain,"38,945",News,Heavy rain,3,0,1.0,4.9
2560,,2004-09-05,2004-09-14,United States of America,"308,986",News,Tropical cyclone,16,300,1.0,6.5
2559,,2004-09-03,2004-09-09,China,"72,284",News,Heavy rain,196,"500,000",2.0,6.0
2558,,2004-08-31,2004-09-01,Russian Federation,831,News,Torrential rain,0,500,1.0,3.2
2556,,2004-08-30,2004-08-31,Japan,"42,655",News,Tropical cyclone,13,"5,900",1.0,4.9
2557,,2004-08-30,2004-09-01,United States of America,"10,714",News,Tropical cyclone,7,0,1.0,4.5
2554,,2004-08-24,2004-09-12,Philippines • Taiwan (Province of China),"38,782",News,Tropical cyclone,67,"1,058,849",2.0,6.2
2555,,2004-08-24,2004-10-21,Viet Nam • Cambodia,"47,462",News,Monsoonal rain,34,"30,000",1.0,6.4
2553,,2004-08-21,2004-08-23,Nigeria,"20,780",News,Heavy rain,25,"3,000",1.0,4.8
2549,,2004-08-16,2004-08-17,United Kingdom of Great Britain and Northern Ireland,141,News,Heavy rain,0,150,2.0,2.8
2551,,2004-08-16,2004-08-19,Japan • Republic of Korea,"16,536",News,Tropical cyclone,15,"2,400",1.0,4.8
2552,,2004-08-16,2004-08-17,Türkiye,"16,749",News,Torrential rain,2,100,1.0,4.5
2550,,2004-08-15,2004-08-16,United States of America,582,News,Torrential rain,2,0,1.0,3.1
2548,,2004-08-13,2004-08-15,Canada,"1,449",News,Heavy rain,1,0,1.0,3.6
2547,,2004-08-12,2004-08-15,China,"16,657",News,Tropical cyclone,164,"30,000",1.0,4.8
2545,,2004-08-08,2004-08-10,Nigeria,518,News,Heavy rain,0,"15,000",1.0,3.2
2546,,2004-08-08,2004-08-12,Nigeria,"5,488",News,Heavy rain,65,"2,500",1.0,4.4
2544,,2004-08-07,2004-08-09,South Africa,199,News,Heavy rain,0,"15,000",1.0,2.8
2543,,2004-08-06,2004-10-03,Thailand,"378,045",News,Monsoonal rain,11,"60,000",2.0,7.6
2542,,2004-08-03,2004-08-04,Saudi Arabia,"4,071",News,Heavy rain,8,0,2.0,4.2
2540,,2004-08-02,2004-08-03,China,"19,411",News,Torrential rain,8,0,1.0,4.6
2538,,2004-08-01,2004-08-02,Japan,"13,375",News,Heavy rain,1,0,1.0,4.4
2541,,2004-08-01,2004-09-08,India • Pakistan,"638,380",News,Monsoonal rain,210,"100,000",1.0,7.4
2539,,2004-07-31,2004-08-13,Philippines,"2,439",News,Heavy rain,0,"80,000",1.0,4.5
2537,,2004-07-29,2004-07-30,United States of America,275,News,Torrential rain,0,60,2.0,3.0
2532,,2004-07-28,2004-08-02,Romania,"17,939",News,Heavy rain,8,"2,000",2.0,5.3
2535,,2004-07-28,2004-07-31,United States of America,"21,195",News,Heavy rain,3,0,2.0,5.2
2534,,2004-07-27,2004-08-10,Slovakia • Poland,"16,222",News,Heavy rain,2,"1,175",2.0,5.7
2536,,2004-07-27,2004-08-02,Thailand,"17,192",News,Heavy rain,3,0,1.0,5.1
2531,,2004-07-22,2004-07-30,Azerbaijan,"17,244",News,Heavy rain,4,0,1.0,5.2
2528,,2004-07-18,2004-07-29,New Zealand,"6,966",News,Heavy rain,2,"2,850",2.0,5.2
2530,,2004-07-18,2004-07-28,Viet Nam,"12,018",News,Heavy rain,36,0,1.0,5.1
2527,,2004-07-17,2004-07-30,China,"86,024",News,Heavy rain,2,"135,000",2.0,6.4
2525,,2004-07-16,2004-07-30,China,"52,797",News,Heavy rain,0,"150,000",1.0,5.9
2526,,2004-07-16,2004-07-19,Afghanistan,"78,939",News,Monsoonal rain,16,300,1.0,5.5
2523,,2004-07-15,2004-07-17,Canada,509,News,Torrential rain,0,250,2.0,3.5
2524,,2004-07-15,2004-07-25,Republic of Korea • Democratic People's Republic of Korea,"102,889",News,Monsoonal rain,34,"160,000",1.0,6.1
2529,,2004-07-15,2004-07-20,Georgia,"2,164",News,Heavy rain,1,0,1.0,4.1
2522,,2004-07-14,2004-07-27,China,"156,996",News,Heavy rain,24,"82,000",1.0,6.3
2521,,2004-07-13,2004-07-18,Japan,"25,358",News,Heavy rain,18,"5,800",1.0,5.2
2520,,2004-07-12,2004-07-15,United States of America,"2,442",News,Heavy rain,0,500,2.0,4.3
2533,,2004-07-12,2004-07-30,China,"106,553",News,Heavy rain,11,0,1.0,6.3
2519,,2004-07-05,2004-08-11,Nepal • Bhutan,"65,222",News,Monsoonal rain,185,"100,000",1.0,6.4
2518,,2004-07-04,2004-07-23,China,"44,797",News,Heavy rain,35,"26,000",1.0,6.0
2517,,2004-06-30,2004-07-01,Chile,"4,607",News,Heavy rain,3,"9,000",1.0,4.0
2516,,2004-06-29,2004-07-13,Philippines • Taiwan (Province of China),"84,822",News,Tropical cyclone,54,"385,000",2.0,6.4
2514,,2004-06-28,2004-06-30,Philippines,"2,080",News,Heavy rain,5,"1,200",1.0,3.8
2515,,2004-06-28,2004-06-30,China,"14,994",News,Heavy rain,15,0,1.0,4.7
2513,,2004-06-27,2004-06-28,Guam,647,News,Tropical cyclone,4,500,1.0,3.1
2512,,2004-06-26,2004-07-01,Russian Federation,"18,008",News,Heavy rain,0,500,1.0,5.0
2510,,2004-06-24,2004-07-20,Nicaragua,"26,962",News,Heavy rain,25,"18,000",1.0,5.9
2511,,2004-06-23,2004-07-21,Russian Federation,"157,042",News,Heavy rain,0,700,1.0,6.7
2509,,2004-06-22,2004-06-25,Nigeria,"8,716",News,Heavy rain,0,300,1.0,4.5
2507,,2004-06-20,2004-10-07,India • Bangladesh,"1,162,598",News,Monsoonal rain,"3,000","40,000,000",2.0,8.4
2508,,2004-06-20,2004-06-25,China,"92,248",News,Heavy rain,27,"168,000",1.0,5.7
2506,,2004-06-19,2004-06-20,Slovakia,750,News,Heavy rain,0,0,2.0,3.5
2503,,2004-06-17,2004-06-18,Nigeria,337,News,Heavy rain,0,0,1.0,2.8
2504,,2004-06-17,2004-06-18,Brazil,153,News,Dam/Levy break or release,7,"3,000",1.0,2.5
2502,,2004-06-14,2004-06-16,China,"47,478",News,Heavy rain,2,0,1.0,5.2
2501,,2004-06-13,2004-06-15,Romania,"26,645",News,Heavy rain,1,0,1.0,4.9
2499,,2004-06-12,2004-06-15,Mexico,420,News,Heavy rain,1,350,1.0,3.2
2500,,2004-06-12,2004-06-23,Russian Federation,"136,392",News,Rain and snowmelt,0,500,1.0,6.2
2498,,2004-06-10,2004-06-21,United States of America,"28,979",News,Heavy rain,0,500,2.0,5.8
2496,,2004-06-09,2004-06-11,India,"8,999",News,Monsoonal rain,45,"1,000",1.0,4.4
2497,,2004-06-09,2004-06-12,Georgia,"45,910",News,Heavy rain,0,0,2.0,5.6
2495,,2004-06-08,2004-10-01,Venezuela (Bolivarian Republic of),"90,256",News,Heavy rain,0,"2,500",1.0,7.0
2493,,2004-06-05,2004-06-06,China,"9,845",News,Torrential rain,3,0,1.0,4.3
2494,,2004-06-05,2004-06-10,United States of America,"114,505",News,Heavy rain,0,200,1.0,5.8
2492,,2004-06-04,2004-06-07,North Macedonia,"14,374",News,Heavy rain,0,"2,400",1.0,4.8
2505,,2004-06-04,2004-06-21,Thailand,"62,814",News,Monsoonal rain,1,"4,000",1.0,6.1
2491,,2004-06-03,2004-10-11,United States of America,608,News,Dam/Levy break or release,0,300,1.0,4.9
2490,,2004-06-01,2004-06-02,Brazil,150,News,Heavy rain,22,"2,250",1.0,2.5
2489,,2004-05-31,2004-06-01,China,"2,442",News,Torrential rain,4,0,1.0,3.7
2487,,2004-05-27,2004-05-28,China,114,News,Dam/Levy break or release,18,0,1.0,2.4
2488,,2004-05-27,2004-06-01,United States of America,"59,888",News,Heavy rain,3,0,1.0,5.6
2486,,2004-05-23,2004-06-01,Dominican Republic • Haiti,"8,905",News,Heavy rain,"3,300","13,000",1.0,4.9
2485,,2004-05-22,2004-05-26,United States of America,"117,313",News,Heavy rain,1,150,1.0,5.8
2484,,2004-05-20,2004-05-23,Thailand,531,News,Torrential rain,8,0,1.0,3.3
2482,,2004-05-13,2004-05-15,United States of America,"7,787",News,Heavy rain,0,250,1.0,4.4
2483,,2004-05-13,2004-05-17,China,"10,940",News,Heavy rain,7,0,1.0,4.7
2481,,2004-05-10,2004-05-11,Costa Rica,"7,986",News,Heavy rain,1,"1,800",1.0,4.2
2480,,2004-05-07,2004-05-11,Indonesia,"14,229",News,Heavy rain,0,"10,000",1.0,4.9
2479,,2004-05-01,2004-05-01,Iran (Islamic Republic of),"1,123",News,Torrential rain,8,0,1.0,3.1
2478,,2004-04-30,2004-05-01,United States of America,"18,401",News,Torrential rain,6,0,1.0,4.6
2477,,2004-04-25,2004-04-25,Ethiopia,"4,313",News,Torrential rain,7,0,1.0,3.6
2476,,2004-04-24,2004-05-02,United States of America,"177,019",News,Heavy rain,4,0,1.0,6.2
2475,,2004-04-18,2004-04-19,United Republic of Tanzania,"1,527",News,Heavy rain,0,"2,600",1.0,3.5
2474,,2004-04-16,2004-04-17,Viet Nam,"3,305",News,Heavy rain,9,0,1.0,3.8
2471,,2004-04-14,2004-05-16,Russian Federation,"264,456",News,Rain and snowmelt,18,"4,800",1.0,6.9
2472,,2004-04-14,2004-04-16,Saudi Arabia,"2,676",News,Heavy rain,5,400,1.0,3.9
2473,,2004-04-14,2004-05-03,Bangladesh • India,"29,066",News,Heavy rain,12,"50,000",1.0,5.8
2469,,2004-04-12,2004-05-02,Bosnia and Herzegovina • Croatia,"104,997",News,Heavy rain,0,"1,200",1.0,6.3
2470,,2004-04-12,2004-04-16,Djibouti,375,News,Heavy rain,53,"2,000",1.0,3.3
2468,,2004-04-10,2004-04-11,Peru,272,News,Heavy rain,1,50,1.0,2.7
2467,,2004-04-09,2004-05-11,Kenya,"268,299",News,Heavy rain,50,"15,000",1.0,6.9
2465,,2004-04-08,2004-04-18,Fiji,"9,448",News,Tropical cyclone,10,"2,760",1.0,5.0
2466,,2004-04-08,2004-04-09,Yemen,"9,904",News,Heavy rain,4,0,1.0,4.3
2464,,2004-04-04,2004-04-06,Mexico,"18,402",News,Heavy rain,37,"3,500",1.0,4.7
2463,,2004-03-30,2004-05-05,Russian Federation • Belarus • Latvia • Ukraine,"839,987",News,Rain and snowmelt,0,"1,220",1.0,7.5
2462,,2004-03-28,2004-04-11,United States of America • Canada,"30,762",News,Rain and snowmelt,0,"1,000",2.0,6.0
2461,,2004-03-27,2004-04-03,Australia,"53,346",News,Tropical cyclone,0,250,1.0,5.6
2460,,2004-03-23,2004-04-03,Bosnia and Herzegovina • Croatia,"47,165",News,Heavy rain,0,0,1.0,5.8
2459,,2004-03-20,2004-03-31,Papua New Guinea,"3,315",News,Heavy rain,2,"4,000",1.0,4.6
2458,,2004-03-19,2004-03-27,Australia,"120,148",News,Tropical cyclone,0,0,1.0,6.0
2457,,2004-03-16,2004-03-17,Indonesia,"1,436",News,Heavy rain,1,"8,000",1.0,3.5
2454,,2004-03-08,2004-03-13,Malaysia,"14,015",News,Monsoonal rain,0,"12,400",1.0,4.9
2456,,2004-03-07,2004-03-19,Madagascar,"44,233",News,Tropical cyclone,198,"216,000",1.0,5.8
2451,,2004-03-06,2004-03-08,Brazil,"2,879",News,Heavy rain,4,"60,000",1.0,3.9
2452,,2004-03-06,2004-03-08,Canada,87,News,Ice jam/break-up,0,38,2.0,2.7
2453,,2004-03-06,2004-03-11,Russian Federation,"10,517",News,Snowmelt,0,"1,000",1.0,4.8
2446,,2004-03-05,2004-03-07,United States of America,"70,497",News,Heavy rain,3,0,1.0,5.3
2447,,2004-03-05,2004-03-06,Australia,"20,579",News,Heavy rain,2,0,1.0,4.6
2448,,2004-03-05,2004-03-19,Mozambique,"3,374",News,Heavy rain,0,100,1.0,4.7
2449,,2004-03-05,2004-03-09,Papua New Guinea,"2,011",News,Heavy rain,0,"10,000",1.0,4.0
2450,,2004-03-05,2004-03-09,Türkiye • Armenia,"353,751",News,Rain and snowmelt,8,"3,000",1.0,6.2
2455,,2004-03-04,2004-03-08,United States of America,"108,614",News,Heavy rain,0,30,1.0,5.7
2445,,2004-03-02,2004-03-05,Russian Federation,"1,402",News,Snowmelt,0,0,1.0,3.7
2444,,2004-03-01,2004-03-09,Australia,"111,021",News,Tropical cyclone,0,0,2.0,6.3
2443,,2004-02-23,2004-04-01,Bolivia (Plurinational State of) • Brazil,"209,387",News,Heavy rain,0,0,1.0,6.9
2439,,2004-02-22,2004-02-25,Indonesia,"1,084",News,Heavy rain,1,"3,000",1.0,3.6
2442,,2004-02-20,2004-03-07,Australia,"42,115",News,Heavy rain,0,0,1.0,5.9
2438,,2004-02-18,2004-02-23,Indonesia,285,News,Heavy rain,5,"13,000",1.0,3.2
2441,,2004-02-18,2004-03-10,Australia,"338,694",News,Heavy rain,0,0,1.0,6.9
2437,,2004-02-17,2004-02-25,Indonesia,"3,686",News,Heavy rain,0,"4,000",1.0,4.5
2435,,2004-02-13,2004-02-25,New Zealand,"14,842",News,Heavy rain,2,"2,500",2.0,5.6
2436,,2004-02-13,2004-02-17,Australia,"32,951",News,Heavy rain,0,0,1.0,5.2
2434,,2004-02-11,2004-02-25,Philippines,"20,373",News,Heavy rain,7,"20,000",1.0,5.5
2440,,2004-02-11,2004-05-05,Brazil,"139,113",News,Heavy rain,0,0,1.0,7.1
2428,,2004-02-03,2004-02-07,United Kingdom of Great Britain and Northern Ireland,386,News,Rain and snowmelt,0,0,1.0,3.3
2429,,2004-02-03,2004-02-05,Indonesia,"26,683",News,Heavy rain,4,"2,400",1.0,4.9
2427,,2004-02-02,2004-02-04,United Republic of Tanzania,535,News,Heavy rain,4,0,1.0,3.2
2430,,2004-02-01,2004-06-02,Namibia • Zambia,"615,606",News,Heavy rain,10,"40,000",2.0,8.2
2426,,2004-01-30,2004-03-02,Kazakhstan,"64,572",News,Dam/Levy break or release,0,"2,000",1.0,6.3
2424,,2004-01-29,2004-02-05,Australia,"17,758",News,Heavy rain,0,0,2.0,5.5
2425,,2004-01-27,2004-03-01,Angola • Namibia,"75,083",News,Heavy rain,0,0,1.0,6.4
2423,,2004-01-25,2004-02-06,Mozambique,"1,309",News,Heavy rain,2,0,1.0,4.2
2422,,2004-01-24,2004-02-03,Malaysia,"32,623",News,Heavy rain,3,"6,900",1.0,5.6
2433,,2004-01-24,2004-02-14,Türkiye,"23,470",News,Heavy rain,0,0,1.0,5.7
2432,,2004-01-16,2004-02-25,Iraq,"150,237",News,Heavy rain,0,0,1.0,6.8
2419,,2004-01-15,2004-01-17,Afghanistan,"1,927",News,Heavy rain,0,"4,000",1.0,3.8
2417,,2004-01-14,2004-02-25,Australia,"1,231,896",News,Monsoonal rain,0,"3,400",2.0,8.0
2421,,2004-01-14,2004-01-17,Namibia,540,News,Torrential rain,1,0,2.0,3.6
2420,,2004-01-12,2004-01-21,Yemen,"10,631",News,Heavy rain,5,0,1.0,5.0
2415,,2004-01-10,2004-01-19,Iran (Islamic Republic of),"87,836",News,Heavy rain,6,"8,000",1.0,5.9
2416,,2004-01-10,2004-01-11,Bolivia (Plurinational State of),"3,573",News,Heavy rain,0,"40,000",1.0,3.9
2418,,2004-01-10,2004-03-08,Brazil,"2,018,522",News,Heavy rain,161,"230,000",1.0,8.1
2414,,2004-01-08,2004-01-10,Peru,"73,132",News,Heavy rain,0,"11,000",1.0,5.3
2431,,2004-01-08,2004-02-20,Madagascar,"176,541",News,Heavy rain,6,"18,000",1.0,6.9
2413,,2004-01-05,2004-01-07,Guyana,"16,828",News,Heavy rain,0,0,1.0,4.7
2412,,2004-01-04,2004-01-16,United States of America,"167,998",News,Heavy rain,2,60,1.0,6.3
2411,,2003-12-25,2003-12-26,United States of America,257,News,Heavy rain,15,0,1.0,2.7
2410,,2003-12-24,2003-12-26,Türkiye,"1,306",News,Heavy rain,6,0,1.0,3.6
2409,,2003-12-22,2003-12-26,Bolivia (Plurinational State of),"8,232",News,Heavy rain,35,0,1.0,4.6
2408,,2003-12-20,2003-12-21,United Republic of Tanzania,238,News,Heavy rain,0,"2,000",1.0,2.7
2407,,2003-12-19,2004-01-07,Philippines,"12,917",News,Heavy rain,200,"97,500",1.0,5.4
2406,,2003-12-17,2004-01-10,Malaysia,"21,651",News,Heavy rain,0,"2,000",1.0,5.7
2404,,2003-12-12,2003-12-13,Tunisia,"9,919",News,Heavy rain,7,0,1.0,4.3
2405,,2003-12-12,2003-12-14,Costa Rica,767,News,Heavy rain,1,"2,500",1.0,3.4
2402,,2003-12-10,2003-12-15,Thailand,"27,234",News,Heavy rain,6,0,1.0,5.2
2403,,2003-12-10,2004-01-23,Indonesia,"82,420",News,Heavy rain,148,"350,000",2.0,6.9
2400,,2003-12-06,2003-12-08,Dominican Republic,"7,224",News,Tropical cyclone,8,"1,000",1.0,4.3
2399,,2003-12-05,2003-12-10,Indonesia,540,News,Heavy rain,0,"1,000",1.0,3.5
2396,,2003-12-02,2003-12-03,Australia,107,News,Torrential rain,0,50,1.0,2.3
2398,,2003-12-02,2003-12-06,Venezuela (Bolivarian Republic of),"11,856",News,Heavy rain,0,"6,000",1.0,4.8
2395,,2003-12-01,2003-12-10,France,"86,272",News,Heavy rain,9,"27,000",2.0,6.2
2397,,2003-11-30,2003-12-06,Indonesia,"3,602",News,Heavy rain,0,"4,000",1.0,4.4
2401,,2003-11-30,2003-12-18,Malaysia,"22,660",News,Heavy rain,5,"3,000",1.0,5.6
2393,,2003-11-29,2003-11-30,Brazil,"3,338",News,Heavy rain,7,"2,000",1.0,3.8
2394,,2003-11-29,2003-12-01,Colombia,"5,584",News,Heavy rain,4,0,1.0,4.2
2392,,2003-11-28,2003-12-24,Honduras,"5,308",News,Heavy rain,7,"3,000",1.0,5.2
2390,,2003-11-24,2003-11-26,Viet Nam,"3,794",News,Heavy rain,3,0,1.0,4.1
2391,,2003-11-24,2003-12-02,Canada,"1,045",News,Heavy rain,0,15,1.0,4.0
2389,,2003-11-22,2003-11-24,Indonesia,703,News,Heavy rain,3,"12,000",1.0,3.3
2388,,2003-11-19,2003-11-22,United States of America,"213,998",News,Heavy rain,9,250,2.0,6.2
2387,,2003-11-17,2003-11-21,Morocco,"21,201",News,Torrential rain,13,0,1.0,5.0
2384,,2003-11-13,2003-11-13,South Africa,458,News,Torrential rain,4,0,1.0,2.7
2382,,2003-11-12,2003-11-13,United States of America,255,News,Torrential rain,18,0,1.0,2.7
2383,,2003-11-12,2003-11-17,Viet Nam,"38,305",News,Heavy rain,61,0,1.0,5.4
2381,,2003-11-11,2003-11-13,Argentina,"297,683",News,Heavy rain,12,900,1.0,6.0
2385,,2003-11-11,2003-11-13,Sierra Leone,"8,243",News,Heavy rain,0,200,1.0,4.4
2379,,2003-11-10,2003-11-11,Saudi Arabia,507,News,Torrential rain,12,0,1.0,3.0
2380,,2003-11-10,2003-11-26,Haiti,"21,413",News,Heavy rain,12,"48,000",1.0,5.6
2378,,2003-11-06,2003-11-10,Papua New Guinea,952,News,Heavy rain,2,"5,000",1.0,3.7
2376,,2003-11-02,2003-11-03,Taiwan (Province of China) • Philippines,"17,157",News,Heavy rain,2,0,1.0,4.5
2377,,2003-11-02,2003-11-03,Indonesia,595,News,Heavy rain,165,"1,600",1.0,3.1
2375,,2003-11-01,2003-11-02,Hungary,95,News,Dam/Levy break or release,0,150,1.0,2.3
2386,,2003-11-01,2004-01-18,Spain,"13,377",News,Heavy rain,3,0,1.0,6.0
2374,,2003-10-30,2003-10-31,Rwanda,"3,858",News,Heavy rain,0,"7,000",1.0,3.9
2373,,2003-10-29,2003-11-04,Colombia,"171,071",News,Heavy rain,16,0,1.0,6.1
2372,,2003-10-27,2003-10-31,Brazil,"73,221",News,Heavy rain,0,0,1.0,5.6
2371,,2003-10-25,2003-10-27,Russian Federation • Georgia,"51,607",News,Heavy rain,0,600,2.0,5.5
2369,,2003-10-17,2003-10-26,Canada • United States of America,"70,921",News,Heavy rain,4,"4,000",2.0,6.2
2370,,2003-10-17,2003-11-04,Thailand,"11,463",News,Monsoonal rain,3,"3,000",2.0,5.6
2367,,2003-10-15,2003-10-18,Algeria,"51,770",News,Heavy rain,13,0,1.0,5.3
2368,,2003-10-15,2003-10-22,Viet Nam,"10,632",News,Heavy rain,52,"40,000",1.0,4.9
2366,,2003-10-12,2003-10-24,United States of America • Mexico,"62,961",News,Heavy rain,0,50,2.0,6.2
2365,,2003-10-05,2003-10-12,Mexico,"14,779",News,Tropical cyclone,0,"1,500",1.0,5.1
2363,,2003-10-03,2003-10-04,New Zealand,923,News,Heavy rain,2,0,1.0,3.3
2364,,2003-10-03,2003-10-25,Malaysia,"21,798",News,Heavy rain,3,"39,000",2.0,6.0
2362,,2003-10-01,2003-10-02,Sri Lanka,"5,590",News,Heavy rain,8,"10,000",1.0,4.0
2360,,2003-09-23,2003-09-24,Italy,"1,854",News,Torrential rain,1,30,1.0,3.6
2356,,2003-09-22,2003-10-01,Mexico,"113,991",News,Tropical cyclone,2,"6,000",1.0,6.1
2358,,2003-09-22,2003-09-24,Indonesia,643,News,Heavy rain,0,"5,000",1.0,3.3
2359,,2003-09-22,2003-09-23,France,731,News,Torrential rain,1,30,1.0,3.2
2361,,2003-09-22,2003-10-10,Nigeria,"137,750",News,Heavy rain,28,"1,000",1.0,6.4
2355,,2003-09-21,2003-09-22,Philippines,117,News,Torrential rain,9,0,1.0,2.4
2353,,2003-09-20,2003-09-22,China,"2,293",News,Heavy rain,13,"8,000",1.0,3.8
2354,,2003-09-20,2003-09-23,Nepal,"48,760",News,Heavy rain,18,0,2.0,5.6
2357,,2003-09-19,2003-09-22,Afghanistan,"1,785",News,Heavy rain,3,0,1.0,3.9
2351,,2003-09-18,2003-09-18,Türkiye,"6,689",News,Torrential rain,6,0,1.0,3.8
2352,,2003-09-18,2003-09-24,United States of America,"171,199",News,Tropical cyclone,7,"2,500",1.0,6.1
2350,,2003-09-16,2003-09-18,Tunisia,376,News,Heavy rain,4,0,1.0,3.1
2349,,2003-09-15,2003-09-16,United States of America,"2,826",News,Heavy rain,0,200,1.0,3.8
2347,,2003-09-12,2003-10-12,Thailand,"314,896",News,Monsoonal rain,7,"10,000",1.0,7.0
2348,,2003-09-12,2003-09-15,Republic of Korea,"21,408",News,Tropical cyclone,127,"9,000",1.0,4.9
2346,,2003-09-10,2003-09-14,Viet Nam,"31,351",News,Monsoonal rain,15,0,1.0,5.2
2343,,2003-09-05,2003-09-06,Pakistan,"3,519",News,Torrential rain,30,0,1.0,3.8
2344,,2003-09-05,2003-09-05,Ethiopia,"10,530",News,Torrential rain,7,0,1.0,4.0
2345,,2003-09-05,2003-10-28,Nigeria,"134,916",News,Heavy rain,16,"210,000",1.0,6.9
2342,,2003-09-01,2003-09-09,United States of America,"32,128",News,Heavy rain,1,500,2.0,5.8
2341,,2003-08-30,2003-08-31,United States of America,"1,169",News,Torrential rain,6,0,2.0,3.7
2339,,2003-08-29,2003-08-30,Haiti,160,News,Heavy rain,24,"12,000",1.0,2.5
2340,,2003-08-29,2003-08-30,Italy,"1,115",News,Heavy rain,2,300,1.0,3.3
2335,,2003-08-27,2003-08-27,Romania,368,News,Torrential rain,2,0,1.0,2.6
2336,,2003-08-27,2003-08-29,Russian Federation,"11,776",News,Torrential rain,0,200,1.0,4.5
2338,,2003-08-27,2003-10-20,India,"117,884",News,Monsoonal rain,67,"3,000,000",1.0,6.8
2333,,2003-08-26,2003-08-26,United States of America,"5,003",News,Torrential rain,3,30,1.0,3.7
2334,,2003-08-26,2003-09-12,Kenya,"2,471",News,Heavy rain,1,"2,100",1.0,4.6
2337,,2003-08-26,2003-08-30,China,"6,155",News,Heavy rain,17,0,1.0,4.5
2328,,2003-08-25,2003-08-26,China • Viet Nam,"27,219",News,Tropical cyclone,3,0,1.0,4.7
2327,,2003-08-24,2003-08-27,Mexico,"5,833",News,Tropical cyclone,2,"3,000",1.0,4.4
2329,,2003-08-24,2003-08-25,Australia,85,News,Heavy rain,0,0,1.0,2.2
2330,,2003-08-24,2003-08-27,Australia,"3,539",News,Heavy rain,0,0,2.0,4.5
2331,,2003-08-24,2003-08-24,Kenya,"2,923",News,Torrential rain,0,400,1.0,3.5
2332,,2003-08-24,2003-11-12,China,"471,061",News,Heavy rain,123,"670,000",2.0,7.9
2325,,2003-08-22,2003-08-22,United States of America,"10,537",News,Torrential rain,2,0,1.0,4.0
2326,,2003-08-21,2003-08-25,Republic of Korea,"7,789",News,Heavy rain,1,0,1.0,4.6
2324,,2003-08-19,2003-08-21,United States of America,"34,209",News,Torrential rain,0,0,1.0,5.0
3310,,2003-08-19,2003-09-09,Ethiopia,"63,924",News,Heavy rain,0,"7,000",1.0,6.1
2317,,2003-08-18,2003-08-21,South Africa,318,News,Heavy rain,0,600,1.0,3.1
2322,,2003-08-18,2003-08-20,Somalia,"5,504",News,Heavy rain,1,0,1.0,4.2
2319,,2003-08-14,2003-08-18,Russian Federation,"65,748",News,Heavy rain,1,200,1.0,5.5
2318,,2003-08-11,2003-08-18,Philippines,"7,446",News,Heavy rain,0,"145,000",1.0,4.8
2320,,2003-08-10,2003-10-19,Mali,"1,028,149",News,Heavy rain,31,"10,000",1.0,7.9
2315,,2003-08-09,2003-08-11,Algeria,"78,728",News,Torrential rain,13,"5,300",1.0,5.4
2316,,2003-08-09,2003-11-05,Senegal • Mauritania,"586,303",News,Heavy rain,10,"5,300",1.0,7.7
2313,,2003-08-08,2003-08-11,Japan • Russian Federation,"14,326",News,Tropical cyclone,11,"1,600",1.0,4.8
2310,,2003-08-06,2003-08-08,Republic of Korea,"15,059",News,Heavy rain,0,"6,000",1.0,4.7
2305,,2003-08-05,2003-08-07,Thailand,"6,499",News,Heavy rain,2,0,1.0,4.3
2309,,2003-08-05,2003-08-06,Estonia,"3,163",News,Heavy rain,0,0,1.0,3.8
2311,,2003-08-05,2003-10-12,Nigeria,"138,853",News,Heavy rain,7,"10,000",1.0,7.0
2314,,2003-08-05,2003-10-12,Nigeria,"19,629",News,Heavy rain,7,"10,000",1.0,6.1
2306,,2003-08-04,2003-08-05,Canada,"1,992",News,Torrential rain,0,400,1.0,3.6
2308,,2003-08-04,2003-08-08,Viet Nam,"14,423",News,Heavy rain,0,0,1.0,4.9
2303,,2003-08-03,2003-11-02,Chad,"486,565",News,Heavy rain,0,0,1.0,7.7
2307,,2003-08-03,2003-08-25,Sudan,"118,350",News,Heavy rain,9,"13,000",1.0,6.4
2304,,2003-08-02,2003-08-05,Viet Nam,"3,901",News,Torrential rain,12,0,1.0,4.2
2321,,2003-08-01,2003-08-25,China,"323,815",News,Heavy rain,1,600,1.0,6.9
2301,,2003-07-30,2003-08-01,China,"9,891",News,Heavy rain,2,0,1.0,4.5
2299,,2003-07-29,2003-08-02,India,"12,777",News,Monsoonal rain,2,"14,000",1.0,4.8
2300,,2003-07-29,2003-07-30,Afghanistan,"2,577",News,Heavy rain,30,0,2.0,4.0
2302,,2003-07-29,2003-07-31,Russian Federation,"8,222",News,Heavy rain,0,600,1.0,4.4
2312,,2003-07-29,2003-08-03,India,"21,088",News,Monsoonal Rain and Dam Break,2,"14,000",1.5,5.3
2298,,2003-07-28,2003-08-21,Sudan • Eritrea,"95,753",News,Heavy rain,20,"325,000",2.0,6.7
2294,,2003-07-27,2003-07-27,Nigeria,"2,627",News,Heavy rain,2,"3,000",1.0,3.4
2295,,2003-07-27,2003-07-31,United States of America,"13,112",News,Heavy rain,0,20,1.0,4.8
2296,,2003-07-27,2003-10-10,China,"215,591",News,Heavy rain,0,"1,000",1.0,7.2
2297,,2003-07-25,2003-08-01,Viet Nam,"12,068",News,Heavy rain,5,0,1.0,5.0
2290,,2003-07-23,2003-07-25,Nigeria,"8,172",News,Heavy rain,5,0,1.0,4.4
2291,,2003-07-23,2003-07-25,China,"50,628",News,Tropical cyclone,14,"30,000",1.0,5.2
2293,,2003-07-22,2003-07-24,Nigeria,"1,524",News,Heavy rain,0,160,1.0,3.7
2286,,2003-07-21,2003-07-28,United States of America,"12,173",News,Heavy rain,3,"1,000",1.0,5.0
2287,,2003-07-21,2003-08-10,Mongolia,"281,931",News,Heavy rain,20,400,1.0,6.8
2288,,2003-07-21,2003-07-25,Kyrgyzstan • Kazakhstan,"131,879",News,Heavy rain,1,0,1.0,5.8
2289,,2003-07-21,2003-07-25,Venezuela (Bolivarian Republic of),"9,369",News,Heavy rain,0,860,1.0,4.7
2283,,2003-07-19,2003-07-21,Japan,"8,078",News,Heavy rain,19,800,1.0,4.4
2284,,2003-07-19,2003-07-23,Philippines,"70,175",News,Tropical cyclone,22,"20,000",1.0,5.5
2285,,2003-07-19,2003-08-01,Ethiopia,"53,538",News,Heavy rain,2,"7,000",1.0,5.9
2282,,2003-07-18,2003-07-19,Venezuela (Bolivarian Republic of),696,News,Heavy rain,1,0,1.0,3.1
2281,,2003-07-17,2003-07-18,Mexico,"1,219",News,Heavy rain,10,200,1.0,3.4
2279,,2003-07-15,2003-09-01,Pakistan • India,"868,201",News,Monsoonal rain,285,"900,000",1.0,7.6
2280,,2003-07-15,2003-07-18,Afghanistan,"33,248",News,Heavy rain,9,0,1.0,5.1
2278,,2003-07-12,2003-07-15,China,"103,778",News,Heavy rain,1,0,1.0,5.6
2292,,2003-07-12,2003-07-13,Panama,547,News,Heavy rain,0,"4,000",2.0,3.3
2277,,2003-07-09,2003-07-11,Afghanistan,"1,444",News,Torrential rain,9,0,1.0,3.6
2272,,2003-07-05,2003-07-06,Afghanistan,"1,496",News,Torrential rain,2,280,1.0,3.5
2273,,2003-07-05,2003-07-21,United States of America,"150,550",News,Heavy rain,3,"1,200",2.0,6.7
2274,,2003-07-03,2003-07-04,Mexico,"1,021",News,Heavy rain,0,0,1.0,3.3
2275,,2003-07-03,2003-08-20,Nepal,"137,087",News,Monsoonal rain,217,"4,000",1.0,6.8
2271,,2003-07-02,2003-07-05,Afghanistan,"4,100",News,Heavy rain,0,0,1.0,4.2
2276,,2003-07-02,2003-09-01,Myanmar,"235,096",News,Monsoonal rain,0,0,1.0,7.2
2269,,2003-07-01,2003-08-07,China,"126,534",News,Heavy rain,18,"1,600,000",2.0,7.0
2270,,2003-07-01,2003-07-03,Uganda,963,News,Heavy rain,20,700,1.0,3.5
2267,,2003-06-28,2003-06-30,New Zealand,"1,766",News,Heavy rain,0,0,1.0,3.7
2268,,2003-06-28,2003-07-02,Uruguay,"6,903",News,Heavy rain,1,300,1.0,4.5
2266,,2003-06-26,2003-06-26,Iran (Islamic Republic of),"1,089",News,Torrential rain,0,0,1.0,3.0
2263,,2003-06-25,2003-06-30,Guatemala,152,News,Heavy rain,3,40,1.0,3.0
2264,,2003-06-25,2003-06-26,Philippines,"1,183",News,Heavy rain,2,"10,000",1.0,3.4
2265,,2003-06-25,2003-06-26,Afghanistan,"2,785",News,Heavy rain,0,0,1.0,3.7
2261,,2003-06-23,2003-07-28,China,"1,540,349",News,Heavy rain,430,"1,500,000",1.0,7.7
2262,,2003-06-23,2003-06-26,United States of America,"41,057",News,Heavy rain,1,0,1.0,5.2
2259,,2003-06-22,2003-06-28,United States of America,"18,774",News,Heavy rain,0,250,1.0,5.1
2258,,2003-06-21,2003-06-24,India,767,News,Monsoonal rain,4,0,1.0,3.5
2260,,2003-06-20,2003-06-26,India,"37,685",News,Monsoonal rain,4,0,1.0,5.4
2257,,2003-06-19,2003-07-03,Bangladesh,"4,231",News,Monsoonal rain,55,"20,000",1.0,4.8
2255,,2003-06-16,2003-06-20,Timor-Leste,"12,935",News,Monsoonal rain,2,600,1.0,4.8
2256,,2003-06-16,2003-06-21,Afghanistan,"2,648",News,Heavy rain,13,100,1.0,4.2
2254,,2003-06-15,2003-06-18,Philippines,"22,835",News,Tropical cyclone,11,"70,000",1.0,5.0
2251,,2003-06-14,2003-06-16,Colombia,"3,351",News,Heavy rain,3,"4,000",1.0,4.0
2252,,2003-06-14,2003-06-16,Colombia,"1,701",News,Heavy rain,2,0,1.0,3.7
2253,,2003-06-13,2003-06-19,United States of America,"60,615",News,Heavy rain,7,"1,500",1.0,5.6
2249,,2003-06-12,2003-06-15,Mexico,68,News,Torrential rain,0,800,1.0,2.4
2248,,2003-06-11,2003-10-10,Bangladesh • India,"702,362",News,Monsoonal rain,600,"9,500,000",2.0,8.2
2247,,2003-06-07,2003-06-08,Nigeria,"5,710",News,Heavy rain,0,"2,000",1.0,4.1
2246,,2003-06-06,2003-06-10,Tajikistan,"1,701",News,Heavy rain,3,"2,500",1.0,3.9
2242,,2003-06-05,2003-06-07,China,"44,617",News,Heavy rain,28,0,1.0,5.1
2243,,2003-06-05,2003-06-06,Mexico,"1,203",News,Heavy rain,4,"3,000",1.0,3.4
2244,,2003-06-05,2003-06-14,Azerbaijan,"2,428",News,Heavy rain,1,0,1.0,4.4
2240,,2003-06-01,2003-06-03,Venezuela (Bolivarian Republic of),"6,239",News,Heavy rain,1,450,1.0,4.3
2241,,2003-06-01,2003-06-04,Russian Federation,"5,085",News,Heavy rain,0,0,1.0,4.3
2245,,2003-06-01,2003-06-14,China,"9,132",News,Dam/Levy break or release,0,0,1.0,5.1
2239,,2003-05-29,2003-05-31,Republic of Moldova,"3,901",News,Heavy rain,3,0,1.0,4.1
2250,,2003-05-28,2003-05-29,Nigeria,785,News,Torrential rain,1,800,1.0,3.2
2238,,2003-05-27,2003-06-20,Russian Federation,"62,480",News,Snowmelt,0,400,1.0,6.2
2235,,2003-05-26,2003-05-30,Philippines,"17,427",News,Heavy rain,41,"8,357",2.0,5.2
2236,,2003-05-26,2003-06-06,Afghanistan,"10,285",News,Heavy rain,0,400,1.0,5.1
2237,,2003-05-25,2003-05-30,United States of America,"17,832",News,Heavy rain,1,0,1.0,5.0
2234,,2003-05-22,2003-05-23,Iran (Islamic Republic of),"2,075",News,Torrential rain,2,0,1.0,3.6
2233,,2003-05-18,2003-05-19,American Samoa,174,News,Heavy rain,4,0,1.0,2.5
2232,,2003-05-17,2003-05-26,Sri Lanka,"13,488",News,Heavy rain,266,"300,000",2.0,5.4
2231,,2003-05-15,2003-05-21,China,"317,906",News,Heavy rain,83,"18,000",1.0,6.3
2229,,2003-05-14,2003-05-17,United States of America,857,News,Dam/Levy break or release,0,"1,752",1.0,3.5
2228,,2003-05-13,2003-05-18,Australia,"5,265",News,Torrential rain,0,300,1.0,4.5
2227,,2003-05-09,2003-05-10,Iran (Islamic Republic of),360,News,Torrential rain,0,0,1.0,2.9
2230,,2003-05-08,2003-05-12,Madagascar,"6,124",News,Heavy rain,68,"47,000",1.0,4.5
2225,,2003-05-06,2003-05-14,United States of America,"313,673",News,Heavy rain,3,"2,000",2.0,6.8
2226,,2003-05-06,2003-05-08,Somalia,"33,795",News,Heavy rain,0,0,1.0,5.0
2223,,2003-05-05,2003-05-06,United States of America,"4,845",News,Heavy rain,0,200,1.0,4.0
2224,,2003-05-04,2003-05-20,Ethiopia • Somalia,"52,987",News,Heavy rain,106,"111,000",1.0,6.0
2222,,2003-05-03,2003-05-06,Indonesia,"13,875",News,Heavy rain,0,"2,000",1.0,4.7
2221,,2003-05-01,2003-05-16,Russian Federation,"345,304",News,Snowmelt,0,"1,600",1.0,6.7
2219,,2003-04-29,2003-05-04,United States of America,"6,719",News,,0,0,1.0,4.6
2216,,2003-04-28,2003-05-10,Argentina,"280,040",News,Heavy rain,24,"161,500",2.0,6.9
2218,,2003-04-25,2003-04-27,Comoros,210,News,Heavy rain,0,300,1.0,2.8
2214,,2003-04-23,2003-05-13,Russian Federation,"876,375",News,Snowmelt,0,500,1.0,7.3
2215,,2003-04-23,2003-04-24,Afghanistan,"1,449",News,Heavy rain,0,"2,000",1.0,3.5
2212,,2003-04-21,2003-04-22,Afghanistan,"1,501",News,Heavy rain,0,0,1.0,3.5
2213,,2003-04-21,2003-06-04,Kenya • Uganda,"466,915",News,Heavy rain,77,"1,000,000",1.0,7.3
2210,,2003-04-18,2003-04-21,Afghanistan,"14,988",News,Heavy rain,5,0,2.0,5.1
2211,,2003-04-18,2003-04-20,Afghanistan,"1,769",News,Heavy rain,2,800,1.0,3.7
2206,,2003-04-16,2003-06-04,Azerbaijan,"30,866",News,Heavy rain,0,0,1.0,6.2
2207,,2003-04-16,2003-04-22,Haiti,"1,139",News,Heavy rain,4,300,1.0,3.9
2208,,2003-04-16,2003-05-28,Russian Federation,"315,231",News,Snowmelt,0,0,1.0,7.1
2209,,2003-04-15,2003-05-18,Russian Federation • Belarus • Ukraine,"393,162",News,Snowmelt,0,600,1.0,7.1
2205,,2003-04-14,2003-04-19,Oman,"23,062",News,Torrential rain,30,0,1.0,5.1
2220,,2003-04-14,2003-05-04,Papua New Guinea,"24,063",News,Heavy rain,0,0,1.0,5.7
2204,,2003-04-13,2003-04-25,Tajikistan,"5,015",News,Heavy rain,1,"6,000",1.0,4.8
2217,,2003-04-12,2003-04-16,Australia,"8,766",News,Heavy rain,0,0,1.0,4.6
2200,,2003-04-07,2003-04-17,Georgia,"241,749",News,Heavy rain,2,"20,000",2.0,6.7
2201,,2003-04-07,2003-04-08,Afghanistan,"2,791",News,Heavy rain,4,400,1.0,3.7
2203,,2003-04-07,2003-04-10,United States of America,"83,503",News,Heavy rain,0,100,2.0,5.8
2202,,2003-04-05,2003-04-08,Malawi,"2,426",News,Heavy rain,4,0,1.0,4.0
2199,,2003-04-01,2003-05-14,Russian Federation • Kazakhstan,"1,434,589",News,Snowmelt,1,"8,000",2.0,8.1
2197,,2003-03-31,2003-04-01,Indonesia,344,News,Heavy rain,39,0,1.0,2.8
2198,,2003-03-31,2003-04-03,Canada,"13,530",News,Rain and Snow Melt,2,170,1.0,4.7
2192,,2003-03-27,2003-03-29,New Zealand,"1,368",News,Heavy rain,1,50,1.0,3.6
2196,,2003-03-27,2003-03-27,Iran (Islamic Republic of),914,News,Heavy rain,0,800,1.0,3.0
2194,,2003-03-26,2003-03-28,Mozambique,702,News,Heavy rain,2,"15,000",1.0,3.3
2195,,2003-03-26,2003-03-27,Iran (Islamic Republic of),"3,090",News,Heavy rain,0,0,1.0,3.8
2191,,2003-03-25,2003-04-11,Russian Federation • China,"30,394",News,Snowmelt,0,0,1.0,5.7
2188,,2003-03-23,2003-03-26,South Africa,656,News,Heavy rain,1,500,1.0,3.4
2187,,2003-03-22,2003-04-04,Ukraine,"220,029",News,Snow Melt,0,130,1.0,6.5
2193,,2003-03-22,2003-05-05,Belarus • Ukraine,"285,012",News,Snow Melt,0,0,1.0,7.1
2189,,2003-03-20,2003-03-21,Philippines,371,News,Heavy rain,8,0,1.0,2.9
2190,,2003-03-20,2003-03-25,Indonesia,"1,097",News,Heavy rain,12,0,1.0,3.8
2183,,2003-03-19,2003-03-31,United States of America,"269,997",News,Heavy rain,0,0,1.0,6.5
2185,,2003-03-18,2003-03-19,Colombia,966,News,Heavy rain,6,0,1.0,3.3
2186,,2003-03-18,2003-03-22,Colombia,"3,279",News,Heavy rain,24,0,1.0,4.2
2182,,2003-03-17,2003-03-21,United States of America,"30,707",News,,0,0,1.0,5.2
2184,,2003-03-17,2003-03-28,Afghanistan,"12,950",News,Heavy rain,14,"2,000",1.0,5.2
2181,,2003-03-11,2003-03-15,Zambia,"22,883",News,Heavy rain,0,"6,400",2.0,5.4
2180,,2003-03-07,2003-03-17,Australia,"338,862",News,Heavy rain,0,0,1.0,6.6
2178,,2003-03-05,2003-03-16,Mozambique • Zimbabwe,"137,206",News,Heavy rain,8,"8,300",1.0,6.2
2176,,2003-03-02,2003-03-11,Australia,"68,628",News,Heavy rain,0,0,1.0,5.8
2179,,2003-02-27,2003-03-10,Spain,"19,396",News,Heavy rain,0,0,1.0,5.4
2177,,2003-02-26,2003-03-07,United States of America,"32,682",News,Heavy rain,0,0,1.0,5.5
2171,,2003-02-25,2003-02-28,Zimbabwe,"13,942",News,Heavy rain,2,"18,000",1.0,4.7
2167,,2003-02-22,2003-03-17,United States of America,"785,575",News,Heavy rain,1,0,1.0,7.3
2168,,2003-02-22,2003-02-23,United States of America,"82,478",News,Heavy rain,2,0,1.0,5.2
2170,,2003-02-22,2003-03-24,Australia,"1,260,590",News,Heavy rain,0,0,1.0,7.6
2164,,2003-02-21,2003-02-24,Lebanon • Israel,"6,338",News,Heavy rain,0,0,1.0,4.4
2165,,2003-02-21,2003-02-24,Australia,"9,031",News,Heavy rain,0,0,1.0,4.6
2166,,2003-02-21,2003-02-24,Australia,"57,424",News,Heavy rain,0,100,1.0,5.4
2158,,2003-02-16,2003-02-17,Indonesia,401,News,Heavy rain,0,"4,300",1.0,2.9
2160,,2003-02-16,2003-02-22,Pakistan • Afghanistan,"433,470",News,Heavy rain,20,"3,000",1.0,6.5
2157,,2003-02-15,2003-02-21,Canada,"1,015",News,Ice Jams,0,"1,100",1.0,3.9
2159,,2003-02-15,2003-02-18,United States of America,"42,500",News,,2,100,1.0,5.2
2163,,2003-02-15,2003-02-24,Pakistan,"26,797",News,Heavy rain,27,0,1.0,5.4
2156,,2003-02-13,2003-02-14,Indonesia,545,News,Heavy rain,3,"33,000",1.0,3.0
2155,,2003-02-12,2003-02-13,United States of America,"29,456",News,Heavy rain,0,0,1.0,4.8
2154,,2003-02-11,2003-02-14,Australia,"40,587",News,Heavy rain,0,0,1.0,5.2
2162,,2003-02-06,2003-02-20,Angola,"115,312",News,Heavy rain,0,0,1.0,6.2
2152,,2003-02-05,2003-02-12,Australia,"46,117",News,Heavy rain,1,20,1.0,5.6
2153,,2003-02-05,2003-02-07,Zambia,"2,674",News,Heavy rain,0,400,1.0,3.9
2169,,2003-02-05,2003-02-13,Spain • France,"106,248",News,Heavy rain,1,0,1.0,6.0
2149,,2003-02-04,2003-02-06,Indonesia,"1,559",News,Torrential rain,7,280,1.0,3.7
2150,,2003-02-04,2003-02-17,Mozambique,"88,564",News,Heavy rain,32,"400,000",1.0,6.1
2151,,2003-02-04,2003-02-07,Malaysia,"6,109",News,Heavy rain,0,"11,000",1.0,4.4
2175,,2003-02-04,2003-03-12,Türkiye,"37,809",News,Heavy rain,0,0,1.0,6.1
2147,,2003-02-01,2003-02-03,Russian Federation,"18,391",News,Heavy rain,0,200,1.0,4.7
2148,,2003-01-30,2003-02-09,Indonesia,"4,155",News,Heavy rain,0,0,1.0,4.7
2146,,2003-01-29,2003-01-30,Israel,276,News,Heavy rain,0,150,1.0,2.7
2144,,2003-01-28,2003-02-10,Peru,"36,369",News,Heavy rain,12,0,1.0,5.7
2145,,2003-01-28,2003-02-10,Peru,"65,371",News,Heavy rain,6,"34,000",1.0,6.0
2172,,2003-01-27,2003-02-07,Greece,"35,398",News,Heavy rain,0,0,1.0,5.6
2143,,2003-01-26,2003-02-04,Australia,"294,622",News,Heavy rain,0,0,1.0,6.5
2139,,2003-01-25,2003-01-26,Tunisia,"3,622",News,Heavy rain,2,0,1.0,3.9
2140,,2003-01-25,2003-01-27,Italy,"28,756",News,Heavy rain,1,"1,000",1.0,4.9
2141,,2003-01-25,2003-02-04,Australia,"1,862",News,Heavy rain,0,0,1.0,4.3
2142,,2003-01-25,2003-02-06,Indonesia,"27,341",News,Heavy rain,3,"20,000",1.0,5.6
2138,,2003-01-23,2003-02-10,Peru,"78,942",News,Heavy rain,7,"12,000",1.0,6.2
2136,,2003-01-22,2003-01-23,United Kingdom of Great Britain and Northern Ireland,292,News,Heavy rain,0,0,1.0,2.8
2137,,2003-01-22,2003-03-06,Australia,"166,299",News,Heavy rain,0,0,1.0,6.9
2132,,2003-01-21,2003-01-22,Bolivia (Plurinational State of),213,News,Torrential rain,4,300,1.0,2.6
2135,,2003-01-21,2003-01-22,Israel,334,News,Torrential rain,0,0,1.0,2.8
2134,,2003-01-20,2003-02-10,Malaysia,"2,994",News,Heavy rain,1,"1,500",1.0,4.8
2133,,2003-01-18,2003-01-31,Madagascar,"189,697",News,Heavy rain,16,"25,000",1.0,6.4
2174,,2003-01-17,2003-03-03,Türkiye • Greece,"26,937",News,Heavy rain,0,0,1.0,6.1
2161,,2003-01-15,2003-07-01,Zambia • Angola,"607,286",News,Heavy rain,7,"20,000",2.0,8.3
2126,,2003-01-14,2003-01-16,Fiji,"1,873",News,Heavy rain,15,0,1.0,3.7
2127,,2003-01-14,2003-02-06,Indonesia,"9,363",News,Heavy rain,0,"30,000",2.0,5.7
2128,,2003-01-14,2003-01-20,Afghanistan,"1,673",News,Heavy rain,0,300,1.0,4.1
2129,,2003-01-14,2003-01-16,Tunisia,"27,682",News,Heavy rain,8,"27,000",1.0,4.9
2131,,2003-01-14,2003-01-24,Brazil,"6,742",News,Heavy rain,44,"10,000",1.0,4.9
2130,,2003-01-13,2003-01-31,Argentina,"60,476",News,Heavy rain,0,0,1.0,6.1
2125,,2003-01-12,2003-01-15,Malaysia,"14,318",News,Heavy rain,0,500,1.0,4.8
2124,,2003-01-11,2003-02-04,Brazil,"115,920",News,Heavy rain,29,"16,000",1.0,6.5
2173,,2003-01-11,2003-04-22,Brazil,"139,113",News,Rainy Season,0,0,1.0,7.2
2122,,2003-01-08,2003-01-10,North Macedonia,879,News,Heavy rain,0,0,1.0,3.4
2123,,2003-01-08,2003-01-11,New Zealand,"4,202",News,Heavy rain,0,0,1.0,4.2
2118,,2003-01-04,2003-01-06,Kenya,396,News,Heavy rain,0,300,1.0,3.1
2121,,2003-01-04,2003-01-08,United States of America,"1,682",News,,0,0,1.0,3.9
2120,,2003-01-03,2003-01-08,Bolivia (Plurinational State of),"19,475",News,Heavy rain,1,"6,000",1.0,5.1
2115,,2003-01-01,2003-01-06,United States of America,"457,678",News,Heavy rain,0,0,1.0,6.4
2116,,2003-01-01,2003-01-06,United Kingdom of Great Britain and Northern Ireland,"48,600",News,Heavy rain,0,0,1.0,5.5
2117,,2003-01-01,2003-01-08,Germany • Portugal,"259,753",News,Heavy rain,7,"1,500",1.0,6.3
2119,,2003-01-01,2003-02-17,Malawi • Mozambique,"410,709",News,Heavy rain,23,"400,000",1.0,7.3
2113,,2002-12-28,2002-12-31,United States of America,"20,635",News,Heavy rain,0,0,1.0,4.9
2112,,2002-12-27,2002-12-29,Malaysia,899,News,Heavy rain,0,0,1.0,3.4
2111,,2002-12-26,2002-12-31,Indonesia,"14,761",News,Heavy rain,24,"10,000",1.0,4.9
2110,,2002-12-23,2002-12-25,Angola,"2,796",News,Heavy rain,4,40,1.0,3.9
2108,,2002-12-21,2002-12-23,Kenya,751,News,Heavy rain,6,"3,000",1.0,3.4
2109,,2002-12-21,2002-12-24,South Africa,788,News,Heavy rain,0,50,1.0,3.5
2114,,2002-12-21,2002-12-25,Vanuatu,146,News,Heavy rain,0,0,1.0,2.9
2107,,2002-12-20,2002-12-22,Lebanon,"4,109",News,Heavy rain,0,300,1.0,4.1
2105,,2002-12-16,2002-12-20,Sri Lanka,"14,148",News,Heavy rain,2,"500,000",1.0,4.8
2106,,2002-12-15,2002-12-20,Indonesia,"21,909",News,Heavy rain,0,"60,000",1.0,5.1
2104,,2002-12-14,2002-12-24,United States of America,"44,627",News,Heavy rain,6,0,1.0,5.7
2103,,2002-12-13,2002-12-14,France,"1,293",News,Heavy rain,2,0,1.0,3.4
2102,,2002-12-11,2002-12-15,Indonesia,648,News,Heavy rain,28,0,1.0,3.5
2101,,2002-12-09,2002-12-11,Brazil,82,News,Heavy rain,39,"2,000",2.0,2.7
2100,,2002-12-06,2002-12-10,Greece,"1,030",News,Heavy rain,0,0,1.0,3.7
2097,,2002-11-24,2002-11-29,Morocco,"40,846",News,Heavy rain,63,0,2.0,5.7
2094,,2002-11-23,2002-12-13,Costa Rica • Panama,"2,203",News,Heavy rain,8,"7,000",2.0,5.0
2096,,2002-11-23,2002-11-25,United States of America,"1,722",News,Heavy rain,0,0,1.0,3.7
2099,,2002-11-22,2002-12-03,Italy,"29,902",News,Heavy rain,0,"10,000",1.0,5.6
2090,,2002-11-19,2002-11-21,New Zealand,601,News,Heavy rain,0,0,1.0,3.3
2091,,2002-11-19,2002-11-21,United States of America,590,News,Ice jam/break-up,0,0,1.0,3.2
2095,,2002-11-19,2002-12-03,Indonesia,"17,007",News,Heavy rain,12,"117,000",2.0,5.7
2098,,2002-11-19,2002-11-26,Malaysia,"1,236",News,Heavy rain,0,400,1.0,4.0
2088,,2002-11-17,2002-11-20,Kenya,925,News,Dam/Levy break or release,12,"2,000",1.0,3.6
2087,,2002-11-16,2002-11-20,France,"4,835",News,Heavy rain,1,"2,500",1.0,4.4
2092,,2002-11-16,2002-11-25,Uganda • Kenya,"15,003",News,Heavy rain,2,"2,300",1.0,5.2
2085,,2002-11-14,2002-11-25,United Kingdom of Great Britain and Northern Ireland,"11,753",News,Heavy rain,1,400,2.0,5.5
2086,,2002-11-14,2002-11-17,Canada,"4,327",News,Heavy rain,0,0,1.0,4.2
2089,,2002-11-10,2002-11-10,Congo • Democratic Republic of the Congo,"145,254",News,Heavy rain,0,"3,000",1.0,5.2
2084,,2002-11-09,2002-11-12,Peru,"6,120",News,Heavy rain,4,100,1.0,4.4
2093,,2002-11-08,2002-11-21,Somalia,"65,263",News,Heavy rain,0,0,1.0,6.0
2083,,2002-11-05,2002-11-20,Trinidad and Tobago,885,News,Tropical cyclone,3,300,1.0,4.2
2082,,2002-11-03,2002-11-07,Viet Nam,"8,719",News,Heavy rain,2,0,1.0,4.6
2081,,2002-10-31,2002-11-04,India,"22,713",News,Heavy rain,20,300,1.0,5.1
2078,,2002-10-29,2002-11-04,Kenya,"77,910",News,Heavy rain,14,"20,000",1.0,5.7
2080,,2002-10-29,2002-10-31,Colombia,"6,903",News,Heavy rain,60,"2,000",1.0,4.3
2079,,2002-10-28,2002-11-02,China,"7,741",News,Heavy rain,0,"50,000",1.0,4.7
2077,,2002-10-26,2002-10-29,Viet Nam,"7,902",News,Heavy rain,2,0,1.0,4.5
2075,,2002-10-24,2002-10-28,United States of America,"13,913",News,Heavy rain,0,0,2.0,5.1
2076,,2002-10-23,2002-11-13,United States of America,"106,239",News,Heavy rain,1,75,1.0,6.4
2074,,2002-10-22,2002-10-25,United Kingdom of Great Britain and Northern Ireland,"7,597",News,Heavy rain,0,100,2.0,4.8
2072,,2002-10-18,2002-10-20,Indonesia,135,News,Heavy rain,0,"3,000",1.0,2.6
2071,,2002-10-13,2002-10-16,Romania,"5,421",News,Heavy rain,0,0,2.0,4.6
2070,,2002-10-12,2002-11-02,Argentina • Chile,"283,688",News,Heavy rain,7,"6,000",1.0,6.8
2073,,2002-10-12,2002-11-11,Uruguay,"187,543",News,Heavy rain,0,"2,000",1.0,6.8
2066,,2002-10-10,2002-10-12,United States of America,"11,708",News,Heavy rain,3,0,1.0,4.5
2067,,2002-10-10,2002-10-15,United States of America • Mexico,"16,618",News,Heavy rain,1,800,1.0,5.0
2068,,2002-10-10,2002-10-16,North Macedonia,"8,021",News,Heavy rain,0,0,1.0,4.7
2069,,2002-10-10,2002-10-16,India,"9,745",News,Monsoonal rain,11,0,1.0,4.8
2065,,2002-10-09,2002-10-12,Algeria,"23,942",News,Heavy rain,13,0,1.0,5.0
2064,,2002-09-29,2002-10-07,Cuba,"20,039",News,Heavy rain,8,"317,000",1.0,5.3
2063,,2002-09-26,2002-09-29,United States of America,"31,074",News,Tropical cyclone,1,"2,500",1.0,5.1
2062,,2002-09-25,2002-09-28,Bulgaria,"4,486",News,Heavy rain,0,0,1.0,4.3
2057,,2002-09-21,2002-09-24,United States of America,"5,644",News,Heavy rain,0,0,1.0,4.4
2060,,2002-09-21,2002-10-08,Albania,"11,922",News,Heavy rain,1,"9,700",1.0,5.3
2059,,2002-09-20,2002-09-30,Viet Nam,"19,985",News,Heavy rain,76,"200,000",2.0,5.6
2053,,2002-09-19,2002-09-21,New Zealand,"5,097",News,Heavy rain,0,0,1.0,4.2
2058,,2002-09-18,2002-09-26,Nicaragua,"48,802",News,Tropical cyclone,6,"300,000",1.0,5.6
2054,,2002-09-17,2002-09-21,Mexico,"35,143",News,Heavy rain,10,0,1.0,5.2
2061,,2002-09-17,2002-12-02,Thailand,"139,684",News,Monsoonal rain,1,"3,000",1.0,7.0
2055,,2002-09-16,2002-09-19,Kenya,"63,446",News,Heavy rain,0,0,1.0,5.4
2052,,2002-09-08,2002-09-12,France,"10,479",News,Heavy rain,23,"2,500",1.0,4.7
2056,,2002-09-06,2002-09-19,United States of America,"97,965",News,Heavy rain,0,0,1.0,6.1
2050,,2002-09-04,2002-09-06,Italy,90,News,Heavy rain,0,"1,200",1.0,2.4
2048,,2002-09-03,2002-09-05,Greece,288,News,Heavy rain,0,0,1.0,2.9
2049,,2002-09-03,2002-09-06,India,"78,979",News,Monsoonal rain,22,"5,000",1.0,5.5
2045,,2002-08-31,2002-09-03,Republic of Korea • Democratic People's Republic of Korea,"12,000",News,Heavy rain,138,"70,000",1.0,4.7
2044,,2002-08-29,2002-09-01,Sierra Leone,"9,153",News,Heavy rain,0,500,1.0,4.6
2047,,2002-08-29,2002-09-05,Guatemala,"11,482",News,Heavy rain,3,0,1.0,5.0
2046,,2002-08-28,2002-09-06,Russian Federation,"1,349",News,Heavy rain,0,0,1.0,4.1
2042,,2002-08-24,2002-08-29,Chile,"62,183",News,Heavy rain,2,"8,000",1.0,5.6
2040,,2002-08-22,2002-08-28,Pakistan,"4,903",News,Heavy rain,22,"3,000",1.0,4.5
2051,,2002-08-22,2002-09-06,Yemen,"19,471",News,Heavy rain,28,0,1.0,5.5
2043,,2002-08-19,2002-08-24,Viet Nam,"12,948",News,Monsoonal rain,4,"6,000",1.0,4.9
2039,,2002-08-18,2002-11-26,Thailand • Cambodia,"371,596",News,Monsoonal rain,65,"400,000",2.0,7.9
2037,,2002-08-17,2002-09-20,Thailand • Myanmar,"51,699",News,Heavy rain,2,"150,000",1.0,6.3
2038,,2002-08-17,2002-08-28,Algeria,"25,336",News,Heavy rain,28,500,1.0,5.5
2041,,2002-08-17,2002-09-04,Myanmar,"125,461",News,Monsoonal rain,0,"5,000",2.0,6.7
2033,,2002-08-16,2002-08-18,South Africa,"3,000",News,Heavy rain,16,"2,500",1.0,4.0
2032,,2002-08-15,2002-08-17,Mexico,"1,009",News,Dam/Levy break or release,21,"5,000",1.0,3.5
2036,,2002-08-15,2002-08-19,China,"17,448",News,Heavy rain,0,0,2.0,5.2
2034,,2002-08-14,2002-08-20,China,"17,267",News,Heavy rain,106,"13,000",1.0,5.1
2035,,2002-08-14,2002-08-22,Viet Nam,"50,977",News,Heavy rain,29,"80,000",2.0,6.0
2030,,2002-08-13,2002-08-17,Philippines,"11,679",News,Tropical cyclone,29,"3,000",1.0,4.8
2031,,2002-08-13,2002-08-17,China,"28,019",News,Heavy rain,21,0,1.0,5.1
2027,,2002-08-11,2002-08-13,India,"6,762",News,Heavy rain,33,0,1.0,4.3
2026,,2002-08-10,2002-08-12,United Kingdom of Great Britain and Northern Ireland,61,News,Heavy rain,0,250,1.0,2.3
2029,,2002-08-10,2002-08-14,Iran (Islamic Republic of),"9,715",News,Heavy rain,35,0,1.0,4.7
2025,,2002-08-08,2002-08-12,Russian Federation,"10,858",News,Heavy rain,59,"48,000",2.0,5.0
2028,,2002-08-08,2002-08-13,China,523,News,Heavy rain,5,0,1.0,3.5
2022,,2002-08-07,2002-08-08,Tajikistan,410,News,Dam/Levy break or release,24,500,1.0,2.9
2024,,2002-08-07,2002-08-28,Germany,"252,251",News,Heavy rain,55,"250,000",2.0,7.0
2021,,2002-08-06,2002-08-07,Romania,"16,409",News,Heavy rain,1,0,1.0,4.5
2023,,2002-08-06,2002-08-28,China,"94,511",News,Heavy rain,124,"270,000",1.0,6.3
2019,,2002-08-05,2002-08-12,China,"2,120",News,Heavy rain,10,"1,500",1.0,4.2
2020,,2002-08-05,2002-08-11,Republic of Korea • Democratic People's Republic of Korea,"29,669",News,Heavy rain,21,"26,000",1.0,5.3
2018,,2002-08-04,2002-08-05,China,"5,175",News,Heavy rain,28,0,1.0,4.0
2016,,2002-08-03,2002-08-06,China,"6,075",News,Heavy rain,2,0,1.0,4.4
2017,,2002-08-03,2002-08-07,Pakistan,"1,352",News,Heavy rain,3,800,1.0,3.8
2015,,2002-08-01,2002-08-06,Russian Federation,"1,349",News,Heavy rain,0,80,1.0,3.9
2013,,2002-07-31,2002-08-08,Germany,"22,267",News,Torrential rain,0,0,1.0,5.3
2014,,2002-07-31,2002-08-06,Viet Nam,"27,819",News,Heavy rain,10,"2,000",1.0,5.3
2011,,2002-07-30,2002-08-01,United Kingdom of Great Britain and Northern Ireland,"1,326",News,Heavy rain,0,300,1.0,3.6
2012,,2002-07-30,2002-08-03,Romania,"3,418",News,Heavy rain,2,"4,000",1.0,4.2
2008,,2002-07-28,2002-07-30,Afghanistan,"3,345",News,Heavy rain,0,0,2.0,4.3
2009,,2002-07-28,2002-08-03,South Africa,275,News,Heavy rain,0,"2,300",1.0,3.3
2010,,2002-07-28,2002-07-31,Bulgaria,"8,401",News,Heavy rain,0,0,1.0,4.5
2006,,2002-07-25,2002-07-27,United States of America,"2,047",News,Heavy rain,0,100,1.0,3.8
2003,,2002-07-24,2002-07-26,Nigeria,"1,657",News,Heavy rain,2,0,1.0,3.7
2004,,2002-07-24,2002-07-26,Yemen,"5,161",News,Heavy rain,13,0,1.0,4.2
2000,,2002-07-23,2002-07-27,Türkiye,"15,134",News,Monsoonal rain,34,"3,000",1.0,4.9
2001,,2002-07-23,2002-07-24,United States of America,"1,149",News,Heavy rain,25,21,1.0,3.4
2002,,2002-07-23,2002-07-26,Iran (Islamic Republic of),994,News,Heavy rain,6,0,1.0,3.6
1999,,2002-07-21,2002-08-15,Nepal,"15,066",News,Monsoonal rain,380,"250,000",1.0,5.6
2005,,2002-07-21,2002-07-29,China,"127,556",News,Heavy rain,15,"10,000",2.0,6.4
1993,,2002-07-20,2002-07-21,Iran (Islamic Republic of),"1,664",News,Heavy rain,3,0,1.0,3.5
1996,,2002-07-20,2002-07-31,Venezuela (Bolivarian Republic of),"224,944",News,Heavy rain,5,"50,000",1.0,6.4
1997,,2002-07-20,2002-07-26,Russian Federation,"23,877",News,Heavy rain,0,"1,500",1.0,5.2
1998,,2002-07-20,2002-07-28,Philippines,"12,841",News,Tropical cyclone,18,"7,000",1.0,5.1
1992,,2002-07-19,2002-07-21,South Africa,"5,573",News,Heavy rain,8,0,1.0,4.2
1994,,2002-07-19,2002-07-23,Slovakia,"2,189",News,Heavy rain,0,0,1.0,4.0
1995,,2002-07-19,2002-07-23,Romania,"5,421",News,Heavy rain,5,0,1.0,4.4
1991,,2002-07-15,2002-12-02,Viet Nam,"46,641",News,Monsoonal rain,155,"200,000",1.0,6.8
1988,,2002-07-14,2002-07-17,Czechia,"1,326",News,Heavy rain,3,0,1.0,3.7
1989,,2002-07-14,2002-07-16,Mongolia,"32,885",News,Heavy rain,7,0,1.0,5.0
1990,,2002-07-14,2002-07-16,Nepal,"1,053",News,Monsoonal rain,46,0,1.0,3.5
1986,,2002-07-13,2002-07-15,Spain,354,News,Heavy rain,0,0,1.0,3.0
1987,,2002-07-13,2002-07-15,Guatemala,"3,708",News,Heavy rain,2,0,1.0,4.0
1984,,2002-07-12,2002-07-16,Russian Federation,"49,723",News,Heavy rain,0,"2,000",1.0,5.4
1985,,2002-07-12,2002-07-15,New Zealand,"6,949",News,Heavy rain,0,0,1.0,4.4
1983,,2002-07-09,2002-07-11,Japan,"1,418",News,Heavy rain,1,"10,000",1.0,3.6
1982,,2002-07-08,2002-07-09,Greece,288,News,Heavy rain,1,0,1.0,2.8
1980,,2002-07-07,2002-07-09,Nepal,"1,921",News,Heavy rain,0,0,1.0,3.8
1978,,2002-07-06,2002-07-08,Yemen,"3,902",News,Heavy rain,10,0,1.0,4.1
1979,,2002-07-06,2002-07-08,United States of America,713,News,Heavy rain,1,0,1.0,3.3
1981,,2002-07-06,2002-07-19,Philippines,"20,604",News,Monsoonal rain,61,"25,000",1.0,5.5
1976,,2002-07-05,2002-07-07,Republic of Korea,"9,635",News,Heavy rain,4,0,1.0,4.5
1977,,2002-07-05,2002-07-08,Colombia,"1,419",News,Heavy rain,0,"18,000",1.0,3.8
1975,,2002-07-04,2002-07-07,China,"4,729",News,Heavy rain,5,0,1.0,4.3
1971,,2002-06-30,2002-07-13,China,"598,179",News,Heavy rain,0,0,1.0,6.9
1972,,2002-06-30,2002-07-23,United States of America,"134,175",News,Heavy rain,9,"4,000",2.0,6.8
1970,,2002-06-29,2002-07-02,Georgia,"13,581",News,Heavy rain,0,0,2.0,5.0
1973,,2002-06-29,2002-07-06,China,"179,045",News,Heavy rain,11,"80,000",1.0,6.2
1968,,2002-06-26,2002-06-27,Philippines,"2,408",News,Heavy rain,6,0,1.0,3.7
1969,,2002-06-26,2002-07-03,India,"170,588",News,Monsoonal rain,169,"28,000",1.0,6.1
1967,,2002-06-25,2002-06-26,India,42,News,Dam/Levy break or release,4,"11,000",1.0,1.9
1965,,2002-06-22,2002-06-24,Ireland,"2,754",News,Heavy rain,0,0,1.0,3.9
1961,,2002-06-21,2002-06-23,New Zealand,"6,481",News,Heavy rain,1,0,2.0,4.6
1964,,2002-06-21,2002-06-25,China,"22,455",News,Heavy rain,0,0,1.0,5.1
1974,,2002-06-21,2002-08-28,India • Bangladesh,"276,609",News,Monsoonal rain,503,"15,000,000",1.0,7.3
1966,,2002-06-20,2002-06-23,Viet Nam,"2,182",News,Heavy rain,4,0,1.0,3.9
1962,,2002-06-19,2002-07-01,Russian Federation,"224,555",News,Heavy rain,117,"200,000",2.0,6.8
1960,,2002-06-18,2002-06-24,Bangladesh,"18,369",News,Monsoonal rain,4,"20,000",1.0,5.1
1952,,2002-06-16,2002-06-22,India,"3,790",News,Monsoonal rain,0,"25,000",1.0,4.4
1953,,2002-06-16,2002-06-18,Tajikistan,"1,160",News,Heavy rain,4,0,1.0,3.5
1957,,2002-06-16,2002-06-18,Romania,765,News,Heavy rain,0,0,1.0,3.4
1955,,2002-06-15,2002-06-24,China,"130,291",News,Heavy rain,53,"32,000",1.0,6.1
1959,,2002-06-14,2002-06-22,China,"20,154",News,Heavy rain,0,"8,000",2.0,5.6
1958,,2002-06-13,2002-06-24,China,"13,635",News,Heavy rain,24,"150,000",1.0,5.2
1948,,2002-06-12,2002-06-16,Jamaica,"3,012",News,Heavy rain,7,400,1.0,4.2
1949,,2002-06-12,2002-06-14,Russian Federation,"10,643",News,Heavy rain,0,0,1.0,4.5
1950,,2002-06-12,2002-06-14,United States of America,"11,377",News,Heavy rain,0,0,1.0,4.5
1951,,2002-06-12,2002-06-16,Cuba,"15,669",News,Heavy rain,0,"30,000",1.0,4.9
1954,,2002-06-12,2002-06-19,China,"50,532",News,Heavy rain,11,0,2.0,5.9
1956,,2002-06-12,2002-06-19,Brazil,"18,940",News,Heavy rain,0,"2,000",1.0,5.2
1947,,2002-06-10,2002-06-12,Ghana,867,News,Heavy rain,0,0,1.0,3.4
1945,,2002-06-09,2002-06-11,Viet Nam,"1,323",News,Heavy rain,3,0,1.0,3.6
1946,,2002-06-09,2002-06-15,Russian Federation,"66,440",News,Heavy rain,0,0,1.0,5.7
1963,,2002-06-09,2002-06-12,Canada,"5,527",News,Heavy rain,0,0,1.0,4.3
1943,,2002-06-08,2002-06-29,United States of America,"47,498",News,Heavy rain,0,0,2.0,6.3
1944,,2002-06-08,2002-06-18,China,"252,148",News,Heavy rain,326,"300,000",2.0,6.7
1941,,2002-06-06,2002-06-13,Honduras,"2,917",News,Heavy rain,10,"4,000",1.0,4.4
1942,,2002-06-06,2002-06-09,Austria • Switzerland • Italy • Germany,"103,705",News,Torrential rain,8,100,1.0,5.6
1936,,2002-06-04,2002-06-13,Colombia,"369,953",News,Heavy rain,17,"84,000",1.0,6.6
1937,,2002-06-04,2002-06-06,United States of America,"43,981",News,Heavy rain,0,500,1.0,5.1
1938,,2002-06-04,2002-06-06,Syrian Arab Republic,181,News,Dam/Levy break or release,22,"8,000",1.0,2.7
1934,,2002-05-30,2002-06-01,Bulgaria,71,News,Heavy rain,0,20,2.0,2.6
1935,,2002-05-30,2002-06-01,United States of America,"5,261",News,Heavy rain,0,0,2.0,4.5
1927,,2002-05-28,2002-05-30,United States of America,655,News,Heavy rain,0,0,1.0,3.3
1933,,2002-05-27,2002-06-01,Russian Federation,"358,954",News,Snowmelt,0,0,1.0,6.3
1931,,2002-05-24,2002-06-01,Russian Federation,"85,631",News,Snowmelt,0,"1,500",1.0,5.9
1932,,2002-05-24,2002-06-05,Chile,"166,884",News,Heavy rain,9,"50,000",2.0,6.6
1928,,2002-05-23,2002-06-05,Nicaragua,"79,027",News,Heavy rain,30,"9,000",1.0,6.0
1930,,2002-05-23,2002-05-31,Bangladesh,"4,349",News,Heavy rain,0,0,1.0,4.6
1940,,2002-05-23,2002-06-22,China,"124,885",News,Heavy rain,22,0,2.0,6.9
1929,,2002-05-22,2002-05-29,China,"156,149",News,Heavy rain,0,0,1.0,6.1
1926,,2002-05-16,2002-05-20,Afghanistan,"5,754",News,Heavy rain,1,0,1.0,4.5
1924,,2002-05-12,2002-05-15,Viet Nam,"90,660",News,Heavy rain,6,0,1.0,5.6
1922,,2002-05-10,2002-05-18,Madagascar,"3,853",News,Tropical cyclone,33,"5,000",2.0,4.8
1923,,2002-05-10,2002-05-12,Oman,"9,462",News,Tropical cyclone,9,100,2.0,4.8
1919,,2002-05-07,2002-06-08,United States of America,"257,338",News,Heavy rain,9,100,1.0,6.9
1920,,2002-05-07,2002-05-09,United States of America,685,News,Ice jam/break-up,0,24,1.0,3.3
1921,,2002-05-07,2002-06-06,Russian Federation,"61,802",News,Heavy rain,0,"1,000",1.0,6.3
1918,,2002-05-06,2002-05-11,Costa Rica • Panama,"18,668",News,Heavy rain,0,"5,600",2.0,5.4
1925,,2002-05-06,2002-05-28,Paraguay,"52,918",News,Heavy rain,0,"1,000",1.0,6.1
1916,,2002-05-02,2002-05-08,United States of America,"19,788",News,Heavy rain,9,"1,000",1.0,5.1
1915,,2002-04-29,2002-05-02,Kenya,"3,838",News,Heavy rain,2,0,1.0,4.2
2007,,2002-04-27,2002-05-31,United States of America,"17,605",News,Snowmelt,0,0,1.0,5.8
1913,,2002-04-26,2002-04-29,Russian Federation,"23,146",News,Heavy rain,0,0,1.0,5.0
1914,,2002-04-26,2002-04-28,Iran (Islamic Republic of),284,News,Heavy rain,2,0,1.0,2.9
1917,,2002-04-26,2002-05-28,Uganda • Kenya • Rwanda • United Republic of Tanzania,"1,111,283",News,Heavy rain,160,"168,000",2.0,7.9
1911,,2002-04-25,2002-04-27,United States of America,313,News,Heavy rain,1,32,2.0,3.3
1912,,2002-04-24,2002-04-29,Colombia,"483,096",News,Heavy rain,14,0,1.0,6.5
1909,,2002-04-23,2002-04-26,Afghanistan,"3,656",News,Heavy rain,2,"2,000",1.0,4.2
1939,,2002-04-23,2002-05-09,Uruguay,"205,292",News,Heavy rain,0,"3,600",1.0,6.5
1910,,2002-04-22,2002-05-07,Russian Federation,"191,208",News,Snowmelt,0,"6,000",1.0,6.5
1908,,2002-04-18,2002-04-29,Bangladesh,"4,848",News,Dam/Levy break or release,0,0,1.0,4.8
1904,,2002-04-17,2002-04-22,United States of America,"22,335",News,Heavy rain,0,300,2.0,5.4
1905,,2002-04-17,2002-04-19,Indonesia,919,News,Heavy rain,4,0,1.0,3.4
1906,,2002-04-17,2002-04-20,Indonesia,"4,900",News,Heavy rain,19,0,1.0,4.3
1907,,2002-04-16,2002-04-21,Ethiopia,"282,525",News,Heavy rain,0,"4,000",1.0,6.2
1903,,2002-04-14,2002-04-16,Iran (Islamic Republic of),"44,883",News,Heavy rain,11,0,1.0,5.1
1902,,2002-04-08,2002-04-13,Saudi Arabia,"22,811",News,Heavy rain,19,0,1.0,5.1
1901,,2002-04-04,2002-04-07,Afghanistan,"1,171",News,Heavy rain,39,"2,500",1.0,3.7
1900,,2002-03-31,2002-04-02,Canary Islands,117,News,Heavy rain,8,400,1.0,2.5
1897,,2002-03-27,2002-03-30,Indonesia,942,News,Heavy rain,11,500,1.0,3.6
1899,,2002-03-25,2002-04-02,Tajikistan,"5,025",News,Heavy rain,0,280,1.0,4.7
1895,,2002-03-21,2002-04-05,Austria • Hungary,"2,640",News,Heavy rain,1,10,1.0,4.6
1896,,2002-03-21,2002-03-26,Philippines,"5,284",News,Heavy rain,35,"50,000",1.0,4.5
1894,,2002-03-18,2002-03-22,Mozambique,"1,176",News,Heavy rain,0,500,1.0,3.8
1893,,2002-03-17,2002-03-24,United States of America,"40,931",News,Heavy rain,7,"2,000",2.0,5.8
1898,,2002-03-17,2002-03-31,Peru,"13,767",News,Heavy rain,13,500,1.0,5.3
1892,,2002-03-10,2002-03-12,China,"1,017",News,Dam/Levy break or release,0,0,1.0,3.5
1891,,2002-03-09,2002-03-11,Egypt,564,News,Heavy rain,4,800,1.0,3.2
1890,,2002-03-06,2002-04-29,Ecuador,"71,519",News,Heavy rain,28,"6,000",1.0,6.6
1889,,2002-03-04,2002-03-08,Afghanistan,"1,027",News,Dam/Levy break or release,0,0,1.0,3.7
1888,,2002-02-24,2002-02-27,Russian Federation,"4,120",News,Snowmelt,0,0,1.0,4.2
1886,,2002-02-23,2002-03-01,Australia,"57,868",News,Heavy rain,0,32,2.0,5.9
1887,,2002-02-23,2002-02-25,Fiji,"1,084",News,Heavy rain,1,0,1.0,3.5
1884,,2002-02-19,2002-02-21,Bolivia (Plurinational State of),699,News,Heavy rain,69,850,1.0,3.3
1883,,2002-02-18,2002-02-21,Uzbekistan,"6,837",News,Dam/Levy break or release,0,0,1.0,4.4
1882,,2002-02-17,2002-02-25,Indonesia,"1,343",News,Heavy rain,4,"30,000",1.0,4.1
1880,,2002-02-15,2002-02-17,Georgia,516,News,Heavy rain,0,"1,200",1.0,3.2
1881,,2002-02-15,2002-02-18,Australia,"47,744",News,Heavy rain,0,14,1.0,5.3
1879,,2002-02-13,2002-02-23,Indonesia,810,News,Heavy rain,0,"15,000",1.0,3.9
1876,,2002-02-12,2002-02-16,United Kingdom of Great Britain and Northern Ireland,"2,097",News,Heavy rain,0,0,1.0,4.0
1877,,2002-02-12,2002-02-23,Australia,"10,361",News,Heavy rain,0,0,1.0,5.1
1875,,2002-02-06,2002-02-08,Democratic Republic of the Congo,203,News,Heavy rain,40,"2,500",1.0,2.8
1874,,2002-02-05,2002-02-09,Australia,"1,984",News,Heavy rain,0,0,1.0,4.0
1873,,2002-02-04,2002-02-15,Peru,"333,296",News,Heavy rain,6,"20,000",1.0,6.6
1872,,2002-02-03,2002-02-05,Brazil,"2,255",News,Heavy rain,10,"2,000",1.0,3.8
1871,,2002-02-02,2002-02-05,India,"35,587",News,Heavy rain,11,0,1.0,5.2
1869,,2002-01-27,2002-02-02,Lithuania,"2,866",News,Snowmelt,0,0,1.0,4.3
1870,,2002-01-27,2002-02-12,Indonesia,"41,006",News,Heavy rain,147,"380,000",2.0,6.1
1868,,2002-01-26,2002-01-28,United States of America,656,News,Heavy rain,3,0,1.0,3.3
1867,,2002-01-23,2002-01-29,United States of America,"87,112",News,Heavy rain,6,0,1.0,5.8
1865,,2002-01-15,2002-01-26,Indonesia,810,News,Dam/Levy break or release,0,"3,000",1.0,4.0
1885,,2002-01-15,2002-04-02,Brazil,"139,113",News,Heavy rain,0,0,1.0,7.0
1864,,2002-01-13,2002-01-18,Indonesia,"4,171",News,Heavy rain,13,0,1.0,4.4
1878,,2002-01-12,2002-01-15,New Zealand,"8,029",News,Heavy rain,0,0,2.0,4.8
1863,,2002-01-11,2002-01-13,Iran (Islamic Republic of),"59,657",News,Heavy rain,11,0,1.0,5.3
1866,,2002-01-09,2002-01-12,Senegal,"62,706",News,Heavy rain,28,"80,000",1.0,5.4
1860,,2002-01-08,2002-01-12,Indonesia,"1,489",News,Heavy rain,22,0,1.0,3.9
1861,,2002-01-06,2002-01-08,Ghana,867,News,Heavy rain,0,0,1.0,3.4
1862,,2002-01-06,2002-01-23,Russian Federation,"9,584",News,Snowmelt,1,"3,000",2.0,5.5
1859,,2002-01-05,2002-01-07,Indonesia,220,News,Heavy rain,4,240,1.0,2.8
1858,,2002-01-04,2002-01-07,Philippines,"13,422",News,Heavy rain,9,"95,000",1.0,4.7
1855,,2002-01-02,2002-01-04,Romania,"4,523",News,Snowmelt,0,120,1.0,4.1
1857,,2002-01-02,2002-01-04,Brazil,776,News,Heavy rain,0,0,2.0,3.7
1856,,2002-01-01,2002-01-04,Indonesia,"4,559",News,Heavy rain,5,300,1.0,4.3
1852,,2001-12-29,2001-12-30,France,"9,379",News,Torrential rain,0,240,1.0,4.3
1854,,2001-12-29,2002-03-05,Malawi,"3,859",News,Heavy rain,1,"20,000",1.0,5.4
1851,,2001-12-28,2002-01-01,Indonesia,"9,125",News,Heavy rain,9,"3,000",1.0,4.7
1850,,2001-12-27,2001-12-28,Syrian Arab Republic,289,News,Heavy rain,3,0,2.0,3.1
1848,,2001-12-26,2001-12-29,Peru,"272,805",News,Heavy rain,6,"20,000",1.0,6.0
1849,,2001-12-25,2001-12-26,Türkiye,"6,714",News,Heavy rain,1,0,1.0,4.1
1846,,2001-12-24,2001-12-25,Brazil,"9,990",News,Torrential rain,60,"2,000",2.0,4.6
1847,,2001-12-24,2001-12-24,Thailand,"8,522",News,Heavy rain,0,"25,000",1.0,3.9
1845,,2001-12-23,2001-12-26,Morocco,"6,406",News,Heavy rain,15,300,1.0,4.4
1844,,2001-12-22,2002-01-03,Malaysia,"22,936",News,Heavy rain,11,"18,000",1.0,5.5
1843,,2001-12-19,2001-12-22,South Africa,752,News,Torrential rain,3,300,1.0,3.5
1840,,2001-12-17,2001-12-25,United States of America,"45,273",News,Heavy rain,3,100,1.0,5.6
1841,,2001-12-17,2001-12-20,Democratic Republic of the Congo,"3,270",News,Heavy rain,0,"13,000",1.0,4.1
1853,,2001-12-17,2001-12-18,China,"17,367",News,Ice jam/break-up,0,"4,000",1.0,4.5
1838,,2001-12-16,2001-12-18,Türkiye,306,News,Torrential rain,9,600,1.0,3.0
1839,,2001-12-16,2001-12-18,Zimbabwe,"35,653",News,Heavy rain,0,0,1.0,5.0
1842,,2001-12-16,2001-12-19,Malaysia,"17,459",News,Heavy rain,0,"1,000",1.0,4.8
1837,,2001-12-15,2001-12-16,Mozambique,211,News,Heavy rain,0,0,1.0,2.6
1836,,2001-12-13,2001-12-14,Colombia • Ecuador,"5,307",News,Heavy rain,8,0,1.0,4.0
1835,,2001-12-11,2001-12-12,South Africa,"1,935",News,Heavy rain,5,100,1.0,3.6
1833,,2001-12-05,2001-12-05,Iran (Islamic Republic of),497,News,Torrential rain,6,0,1.0,2.7
1834,,2001-12-05,2001-12-07,Philippines,"2,807",News,Heavy rain,2,"10,000",1.0,3.9
1832,,2001-12-04,2001-12-07,Malaysia,746,News,Heavy rain,0,"6,000",1.0,3.5
1831,,2001-12-02,2001-12-09,Türkiye,"14,875",News,Heavy rain,5,570,1.0,5.1
1830,,2001-11-29,2001-11-29,Greece,486,News,Heavy rain,0,0,1.0,2.7
1829,,2001-11-28,2001-12-07,United States of America,"132,283",News,Heavy rain,1,400,1.0,6.1
1827,,2001-11-19,2001-11-21,Philippines,"6,244",News,Heavy rain,0,"29,000",1.0,4.3
1828,,2001-11-19,2001-11-23,Brazil,"45,214",News,Heavy rain,12,"5,000",1.0,5.4
1825,,2001-11-15,2001-11-19,United States of America,"7,734",News,Heavy rain,10,0,1.0,4.6
1826,,2001-11-15,2001-11-16,Uganda,"1,219",News,Heavy rain,0,"1,200",1.0,3.4
1824,,2001-11-10,2001-11-14,Algeria,977,News,Heavy rain,711,"24,000",2.0,4.0
1823,,2001-11-07,2001-11-15,Puerto Rico,"8,802",News,Heavy rain,0,250,1.0,4.9
1822,,2001-11-06,2001-11-09,Philippines,612,News,Tropical cyclone,320,"223,000",1.0,3.4
1821,,2001-11-05,2001-11-12,Malaysia,"7,155",News,Heavy rain,1,0,1.0,4.8
1820,,2001-11-01,2001-11-14,Somalia,"3,907",News,Heavy rain,0,"6,000",1.0,4.7
1819,,2001-10-30,2001-11-02,Rwanda,"1,197",News,Heavy rain,2,"3,000",1.0,3.7
1818,,2001-10-26,2001-11-15,Nicaragua,"69,951",News,Tropical cyclone,19,"27,118,340",1.0,6.2
1816,,2001-10-21,2001-10-23,United Kingdom of Great Britain and Northern Ireland,"5,679",News,Torrential rain,0,0,2.0,4.5
1814,,2001-10-20,2001-10-21,France,"3,857",News,Heavy rain,2,300,1.0,3.9
1815,,2001-10-20,2001-10-24,Viet Nam,"72,024",News,Torrential rain,39,0,1.0,5.6
1813,,2001-10-17,2001-10-19,Bangladesh,900,News,Dam/Levy break or release,0,"1,200",1.0,3.4
1817,,2001-10-17,2001-10-27,Indonesia,"2,095",News,Heavy rain,20,"18,000",1.0,4.4
1811,,2001-10-16,2001-10-21,India,"87,384",News,Heavy rain,143,"50,000",1.0,5.7
1812,,2001-10-15,2001-10-19,United States of America,"17,274",News,Heavy rain,0,0,1.0,4.9
1808,,2001-10-10,2001-10-10,Philippines,188,News,Torrential rain,4,300,1.0,2.3
1809,,2001-10-09,2001-10-11,Democratic People's Republic of Korea,"13,149",News,Torrential rain,81,"60,000",1.0,4.6
1807,,2001-10-08,2001-10-09,Indonesia,"2,257",News,Heavy rain,0,"4,000",1.0,3.7
1806,,2001-10-07,2001-10-07,France,"4,136",News,Torrential rain,2,0,1.0,3.6
1805,,2001-10-05,2001-10-07,Nepal,"8,297",News,Tropical cyclone,2,800,1.0,4.4
1804,,2001-10-01,2001-10-02,Iran (Islamic Republic of),"27,363",News,Torrential rain,0,"3,000",1.0,4.7
1810,,2001-10-01,2001-12-01,Argentina,"627,891",News,Heavy rain,2,"14,500",2.0,7.9
1803,,2001-09-30,2001-10-02,India,"44,527",News,Torrential rain,12,"9,000",1.0,5.1
1802,,2001-09-29,2001-10-04,Brazil,"619,668",News,Torrential rain,13,"12,000",1.0,6.6
1799,,2001-09-24,2001-10-02,Mexico,"35,717",News,Tropical cyclone,3,"38,000",1.0,5.5
1800,,2001-09-24,2001-09-25,Philippines,"6,001",News,Heavy rain,1,0,1.0,4.1
1801,,2001-09-22,2001-09-22,Rwanda,"1,769",News,Torrential rain,10,0,1.0,3.2
1797,,2001-09-19,2001-09-22,China,"14,700",News,Torrential rain,25,"100,000",1.0,4.8
1798,,2001-09-19,2001-09-20,Iran (Islamic Republic of),"10,285",News,Torrential rain,1,800,1.0,4.3
1796,,2001-09-18,2001-09-21,Nicaragua,"7,806",News,Torrential rain,4,800,1.0,4.5
1795,,2001-09-16,2001-09-20,Taiwan (Province of China),"2,803",News,Tropical cyclone,90,"10,000",2.0,4.4
1794,,2001-09-14,2001-09-15,Italy,69,News,Torrential rain,2,0,1.0,2.1
1792,,2001-09-10,2001-09-12,Thailand,"14,946",News,Heavy rain,0,0,1.0,4.7
1791,,2001-09-07,2001-09-24,India,"30,124",News,Heavy rain,146,"30,000",1.0,5.7
1790,,2001-09-03,2001-09-04,Brazil,"13,040",News,Torrential rain,3,"2,400",1.0,4.4
1788,,2001-08-29,2001-09-03,Nepal,563,News,Torrential rain,17,0,1.0,3.5
1787,,2001-08-28,2001-09-09,China,"14,471",News,Tropical cyclone,4,"50,000",1.0,5.3
1786,,2001-08-27,2001-09-04,Nigeria,"14,288",News,Dam/Levy break or release,200,"80,000",2.0,5.4
1784,,2001-08-25,2001-08-25,China,"5,570",News,Heavy rain,15,"2,000",1.0,3.7
1783,,2001-08-20,2001-08-22,Viet Nam,"23,438",News,Heavy rain,11,640,1.0,4.8
1785,,2001-08-20,2001-08-29,Uganda,"15,804",News,Heavy rain,0,"4,000",1.0,5.2
1789,,2001-08-20,2001-09-11,India,"35,442",News,Heavy rain,65,"300,000",1.0,5.9
1778,,2001-08-19,2001-10-11,Chad,"104,252",News,Torrential rain,100,"40,000",1.0,6.8
1793,,2001-08-18,2001-10-09,Guinea • Mali,"264,055",News,Heavy rain,11,"43,500",2.0,7.4
1782,,2001-08-17,2001-09-03,South Africa,"1,280",News,Heavy rain,0,"15,000",2.0,4.7
1780,,2001-08-16,2001-08-16,Pakistan,"3,032",News,Torrential rain,6,0,1.0,3.5
1781,,2001-08-15,2001-11-19,Cambodia • Viet Nam,"74,458",News,Monsoonal rain,416,"1,060,000",2.0,7.2
1779,,2001-08-14,2001-08-15,India,"3,009",News,Heavy rain,16,0,1.0,3.8
1777,,2001-08-12,2001-08-14,Philippines,"31,876",News,Torrential rain,34,"79,000",1.0,5.0
1775,,2001-08-10,2001-08-12,Iran (Islamic Republic of),"77,941",News,Torrential rain,600,"15,000",2.0,5.7
1776,,2001-08-10,2001-08-25,Thailand • Viet Nam,"4,163",News,Torrential rain,173,"10,000",1.0,4.8
1774,,2001-08-08,2001-08-08,Afghanistan,"1,282",News,Torrential rain,2,0,1.0,3.1
1772,,2001-08-06,2001-09-13,Sudan • Ethiopia,"557,928",News,Heavy rain,5,"45,000",1.0,7.3
1773,,2001-08-06,2001-08-12,Russian Federation,"36,650",News,Heavy rain,11,"30,000",1.0,5.4
1771,,2001-08-05,2001-08-05,Yemen,"4,207",News,Heavy rain,11,0,1.0,3.6
1769,,2001-08-03,2001-08-04,United States of America,"19,308",News,Heavy rain,2,100,1.0,4.6
1770,,2001-08-01,2001-08-04,Democratic People's Republic of Korea,"5,048",News,Heavy rain,0,"10,000",1.0,4.3
1765,,2001-07-31,2001-08-01,Indonesia,"1,267",News,Heavy rain,108,"1,500",2.0,3.7
1766,,2001-07-31,2001-09-01,Bangladesh • India,"190,727",News,Monsoonal rain,36,"2,750,000",1.0,6.8
1767,,2001-07-31,2001-08-01,Indonesia,"2,399",News,Heavy rain,1,"3,000",1.0,3.7
1761,,2001-07-29,2001-07-29,United States of America,"14,007",News,Heavy rain,2,300,1.0,4.1
1762,,2001-07-29,2001-07-30,Taiwan (Province of China),"3,947",News,Tropical cyclone,78,0,2.0,4.2
1763,,2001-07-29,2001-07-30,Republic of Korea,"2,231",News,Torrential rain,3,"12,000",1.0,3.6
1764,,2001-07-29,2001-08-01,Nepal,"1,304",News,Monsoonal rain,20,100,1.0,3.7
1760,,2001-07-26,2001-07-29,Yemen,"10,853",News,Torrential rain,20,0,1.0,4.6
1759,,2001-07-25,2001-07-26,China,"6,806",News,Heavy rain,30,0,2.0,4.4
1757,,2001-07-22,2001-07-25,Pakistan,"111,091",News,Torrential rain,230,"40,000",1.0,5.6
1768,,2001-07-22,2001-07-22,Nigeria,"1,065",News,Heavy rain,0,"3,802",1.0,3.0
1756,,2001-07-21,2001-07-22,Nicaragua,"2,586",News,Heavy rain,2,"10,000",1.0,3.7
1755,,2001-07-20,2001-07-21,Iran (Islamic Republic of),"7,447",News,Heavy rain,34,0,1.0,4.2
1758,,2001-07-20,2001-08-03,Poland,"47,893",News,Torrential rain,30,"16,000",1.0,5.9
1754,,2001-07-17,2001-07-18,United States of America,"1,714",News,Torrential rain,3,0,2.0,3.8
1753,,2001-07-16,2001-07-16,India,"2,458",News,Torrential rain,26,0,1.0,3.4
1752,,2001-07-14,2001-07-15,Republic of Korea,"2,231",News,Torrential rain,52,572,1.0,3.6
1749,,2001-07-11,2001-07-12,China,"18,013",News,Heavy rain,29,0,1.0,4.6
1750,,2001-07-11,2001-07-11,Côte d’Ivoire,"1,828",News,Heavy rain,2,0,1.0,3.3
1751,,2001-07-11,2001-07-13,Taiwan (Province of China),"1,313",News,Tropical cyclone,5,0,2.0,3.9
1748,,2001-07-10,2001-07-10,Poland,"1,363",News,Torrential rain,4,650,1.0,3.1
1746,,2001-07-08,2001-07-09,United States of America,"8,534",News,Heavy rain,2,"6,000",2.0,4.5
1747,,2001-07-08,2001-08-10,India,"105,057",News,Monsoonal rain,100,"2,000,000",2.0,6.9
1745,,2001-07-07,2001-07-13,Russian Federation,"231,499",News,Extra-tropical cyclone,11,"20,000",2.0,6.5
1744,,2001-07-04,2001-07-16,India,"4,468",News,Monsoonal rain,86,"40,000",1.0,4.8
1742,,2001-07-03,2001-07-06,Viet Nam,"12,942",News,Torrential rain,32,"13,000",2.0,5.0
1743,,2001-07-01,2001-07-19,Philippines • China,"205,221",News,Heavy rain,178,"800,000",2.0,6.9
1741,,2001-06-28,2001-06-29,Cameroon,"1,087",News,Torrential rain,22,"1,000",1.0,3.3
1740,,2001-06-27,2001-06-30,Ghana,417,News,Monsoonal rain,12,"80,000",1.0,3.2
1739,,2001-06-26,2001-06-26,Nepal,469,News,Heavy rain,35,0,1.0,2.7
1737,,2001-06-20,2001-06-21,India,"38,728",News,Monsoonal rain,29,0,1.0,4.9
1738,,2001-06-20,2001-06-23,Timor-Leste,374,News,Heavy rain,1,400,1.0,3.2
1735,,2001-06-19,2001-06-22,Poland,"14,265",News,Heavy rain,9,"6,000",1.0,4.8
1736,,2001-06-19,2001-06-23,China,"3,605",News,Heavy rain,66,"10,000",1.0,4.3
1734,,2001-06-11,2001-06-20,Ecuador,"3,657",News,Heavy rain,41,"8,000",1.0,4.6
1732,,2001-06-06,2001-06-17,China,"18,916",News,Heavy rain,100,"237,000",1.0,5.4
1733,,2001-06-06,2001-06-13,United States of America,"32,061",News,Tropical cyclone,47,"30,000",1.0,5.4
1731,,2001-06-05,2001-06-22,India • Bangladesh,"17,562",News,Monsoonal rain,15,"800,000",1.0,5.5
1730,,2001-05-25,2001-05-30,El Salvador,159,News,Heavy rain,2,0,1.0,3.0
1729,,2001-05-24,2001-05-30,United States of America,"4,096",News,Ice jam/break-up,0,32,1.0,4.5
1728,,2001-05-18,2001-05-18,Democratic Republic of the Congo,"2,392",News,Heavy rain,30,0,1.0,3.4
1727,,2001-05-16,2001-05-18,Haiti,"7,779",News,Heavy rain,15,0,1.0,4.4
1726,,2001-05-15,2001-05-17,Viet Nam,"5,615",News,Heavy rain,2,0,1.0,4.2
1725,,2001-05-12,2001-06-08,Russian Federation,"2,856,610",News,Snowmelt,7,"70,000",2.0,8.2
1724,,2001-05-08,2001-05-10,Colombia,"15,608",News,Heavy rain,0,"5,000",1.0,4.7
1722,,2001-05-07,2001-05-08,Türkiye,"1,612",News,Heavy rain,4,0,1.0,3.5
1721,,2001-05-06,2001-05-06,Iran (Islamic Republic of),"2,135",News,Torrential rain,32,800,1.0,3.3
1723,,2001-05-06,2001-05-07,Puerto Rico,246,News,Heavy rain,2,0,1.0,2.7
1720,,2001-05-04,2001-05-05,Thailand,"19,752",News,Torrential rain,30,"4,000",1.0,4.6
1719,,2001-05-01,2001-05-17,Russian Federation,"16,164",News,Snowmelt,0,"15,000",1.0,5.4
1718,,2001-04-30,2001-06-02,Uruguay,"6,893",News,Heavy rain,0,"5,000",1.0,5.4
1717,,2001-04-29,2001-05-01,Belarus,"17,381",News,Snowmelt,0,0,1.0,4.7
1716,,2001-04-26,2001-04-26,Malaysia,856,News,Torrential rain,2,0,1.0,2.9
1713,,2001-04-25,2001-04-26,Peru,"14,812",News,Torrential rain,9,300,1.0,4.5
1714,,2001-04-25,2001-04-26,Brazil,"5,188",News,Heavy rain,15,"4,500",1.0,4.0
1715,,2001-04-22,2001-04-26,Poland,"3,118",News,Heavy rain,0,0,1.0,4.2
1712,,2001-04-15,2001-05-15,United States of America,"63,377",News,Snowmelt,1,"4,400",2.0,6.6
1711,,2001-04-14,2001-04-15,Angola,"7,433",News,Heavy rain,18,300,1.0,4.2
1710,,2001-04-07,2001-05-02,France,"9,210",News,Heavy rain,0,"1,029",2.0,5.7
1709,,2001-04-02,2001-04-09,Angola,"24,780",News,Heavy rain,20,"15,800",1.0,5.3
1706,,2001-03-21,2001-03-28,France,"78,097",News,Heavy rain,0,"1,400",1.0,5.8
1707,,2001-03-21,2001-03-22,Portugal,818,News,Heavy rain,3,200,1.0,3.2
1705,,2001-03-17,2001-03-19,Saudi Arabia,"3,070",News,Heavy rain,6,0,1.0,4.0
1701,,2001-03-08,2001-03-08,Malaysia,373,News,Heavy rain,0,"12,000",2.0,2.9
1702,,2001-03-08,2001-03-08,Türkiye,"4,917",News,Heavy rain,4,600,1.0,3.7
1703,,2001-03-08,2001-03-15,Australia,"30,878",News,Heavy rain,3,"3,000",2.0,5.7
1704,,2001-03-08,2001-03-10,Ecuador,"2,306",News,Torrential rain,11,"1,200",1.0,3.8
1700,,2001-03-06,2001-03-07,Spain,"23,424",News,Heavy rain,1,0,2.0,5.0
1699,,2001-03-04,2001-03-17,Germany,"30,198",News,Heavy rain,8,"91,000",2.0,5.9
1708,,2001-03-01,2001-03-21,Peru,"17,427",News,Heavy rain,0,"10,800",1.0,5.6
1697,,2001-02-27,2001-03-01,United States of America,24,News,Ice jam/break-up,0,200,2.0,2.2
1698,,2001-02-27,2001-02-27,United Republic of Tanzania,109,News,Torrential rain,7,0,1.0,2.0
1696,,2001-02-18,2001-02-23,Australia,"32,096",News,Tropical cyclone,0,670,1.0,5.3
1694,,2001-02-16,2001-02-19,Philippines,"5,961",News,Tropical cyclone,17,"98,360",1.0,4.4
1695,,2001-02-16,2001-02-22,Bolivia (Plurinational State of),652,News,Heavy rain,19,"200,000",1.0,3.7
1693,,2001-02-04,2001-02-18,Indonesia • Malaysia,"22,467",News,Torrential rain,131,"81,600",2.0,5.8
1692,,2001-02-01,2001-02-06,Australia,"110,606",News,Heavy rain,1,300,1.0,5.8
1691,,2001-01-26,2001-01-29,Portugal,"10,062",News,Heavy rain,6,300,2.0,4.9
1690,,2001-01-20,2001-01-20,United Republic of Tanzania,"25,185",News,Heavy rain,13,120,1.0,4.4
1688,,2001-01-16,2001-01-21,Malaysia,"17,459",News,Monsoonal rain,2,"5,000",1.0,5.0
1687,,2001-01-15,2001-01-15,Philippines,846,News,Heavy rain,2,"12,000",1.0,2.9
1686,,2001-01-13,2001-01-14,Kenya,"4,356",News,Heavy rain,4,0,1.0,3.9
1685,,2001-01-05,2001-01-07,France • Belgium,"3,926",News,Torrential rain,0,80,1.0,4.1
1684,,2001-01-04,2001-01-04,Malawi,"10,395",News,Heavy rain,5,14,1.0,4.0
1683,,2001-01-01,2001-04-27,Mozambique • Somalia,"202,266",News,Tropical cyclone,146,"485,000",1.0,7.4
1689,,2001-01-01,2001-03-22,Bolivia (Plurinational State of),"107,079",News,Heavy rain,18,"300,000",1.0,6.9
1682,,2000-12-28,2000-12-30,Croatia,"1,048",News,Heavy rain,0,"2,000",1.0,3.5
1681,,2000-12-24,2000-12-28,Sri Lanka,"13,726",News,Monsoonal rain,5,"300,000",1.0,4.8
1679,,2000-12-17,2000-12-26,Brazil,"578,256",News,Heavy rain,13,"2,000",1.0,6.8
1680,,2000-12-15,2001-01-09,Australia,"225,489",News,Heavy rain,0,300,1.0,6.8
1678,,2000-12-08,2000-12-11,Philippines,"2,198",News,Tropical cyclone,11,"55,000",1.0,3.9
1677,,2000-12-03,2000-12-06,Indonesia,590,News,Torrential rain,9,"3,000",2.0,3.7
1675,,2000-12-01,2000-12-31,United Republic of Tanzania,"18,959",News,Heavy rain,"3,600",0,1.0,5.8
1673,,2000-11-30,2000-12-03,Philippines,"14,311",News,Heavy rain,12,"70,000",1.0,4.8
1674,,2000-11-30,2000-12-02,Iran (Islamic Republic of),"83,734",News,Torrential rain,0,0,1.0,5.4
1676,,2000-11-30,2000-12-03,Indonesia,"6,250",News,Heavy rain,14,"30,000",1.0,4.4
1671,,2000-11-21,2000-12-01,Indonesia • Malaysia,"344,411",News,Torrential rain,243,"68,682",1.0,6.6
1672,,2000-11-20,2000-11-30,Somalia,"51,403",News,Heavy rain,0,"150,000",1.0,5.8
1670,,2000-11-19,2000-11-23,South Africa,"25,654",News,Torrential rain,3,"3,000",1.0,5.1
1668,,2000-11-18,2000-11-26,Viet Nam,"49,136",News,0,36,"25,000",1.0,5.6
1669,,2000-11-18,2000-11-22,Sri Lanka,"7,612",News,Monsoonal rain,3,"300,000",1.0,4.6
1667,,2000-11-17,2000-12-02,Australia,"111,978",News,0,0,600,2.0,6.6
1666,,2000-11-15,2000-11-18,Saudi Arabia,"10,794",News,Heavy rain,7,300,1.0,4.6
1665,,2000-11-12,2000-11-17,Venezuela (Bolivarian Republic of),"77,733",News,Heavy rain,3,"6,000",1.0,5.7
1664,,2000-11-08,2000-11-10,Canada,"7,561",News,Heavy rain,0,0,1.0,4.4
1662,,2000-11-05,2000-11-07,Italy,"23,851",News,Heavy rain,3,30,1.0,4.9
1663,,2000-11-05,2000-11-07,Indonesia,"7,588",News,Torrential rain,21,0,1.0,4.4
1660,,2000-11-03,2000-11-05,Philippines,"5,875",News,Tropical cyclone,43,"668,000",1.0,4.2
1659,,2000-11-02,2000-11-03,United States of America,87,News,Heavy rain,0,100,1.0,2.2
1661,,2000-11-02,2000-11-07,United States of America,"9,655",News,,6,0,1.0,4.8
1658,,2000-11-01,2000-11-04,Taiwan (Province of China),"4,477",News,Tropical cyclone,58,0,1.0,4.3
1656,,2000-10-29,2000-10-31,Indonesia,"13,697",News,Heavy rain,40,"10,000",1.0,4.6
1657,,2000-10-29,2000-10-30,United Kingdom of Great Britain and Northern Ireland • Ireland,"96,950",News,Heavy rain,13,"6,000",2.0,5.6
1655,,2000-10-28,2000-10-31,Philippines,"7,060",News,Torrential rain,41,"100,000",1.0,4.5
1654,,2000-10-24,2000-10-26,Israel,"3,172",News,Heavy rain,1,600,1.0,4.0
1652,,2000-10-22,2000-10-23,United States of America,314,News,Torrential rain,1,500,1.0,2.8
1653,,2000-10-22,2000-10-25,Algeria • Morocco,"101,502",News,Torrential rain,28,400,1.0,5.6
1651,,2000-10-20,2000-10-26,Spain,"26,693",News,Torrential rain,8,500,1.0,5.3
1650,,2000-10-14,2000-10-22,Italy,"44,553",News,Torrential rain,37,"43,000",2.0,5.9
1648,,2000-10-12,2000-10-15,Brazil,"10,255",News,Heavy rain,6,"5,000",1.0,4.6
1649,,2000-10-12,2000-10-18,China,"11,166",News,Tropical cyclone,10,"200,000",2.0,5.2
1646,,2000-10-11,2000-10-14,United Kingdom of Great Britain and Northern Ireland,"5,378",News,Heavy rain,0,"1,000",1.0,4.3
1645,,2000-10-10,2000-10-19,Viet Nam,"71,923",News,Monsoonal rain,23,"200,000",1.0,5.9
1647,,2000-10-10,2000-10-17,Mexico,"3,037",News,0,0,"1,500",1.0,4.4
1643,,2000-10-01,2000-10-05,Belize • Mexico,"3,926",News,Torrential rain,14,"10,621",1.0,4.3
1642,,2000-09-20,2000-09-21,Nigeria • Bangladesh,"7,725",News,Torrential rain,0,0,1.0,4.2
1644,,2000-09-20,2000-09-30,Colombia,"208,183",News,Heavy rain,9,"28,000",1.0,6.4
1639,,2000-09-19,2000-09-20,France,"18,173",News,Heavy rain,6,0,1.0,4.6
1640,,2000-09-19,2000-09-22,Mexico,"12,756",News,Heavy rain,9,0,1.0,4.7
1638,,2000-09-18,2000-09-22,Sri Lanka,"8,043",News,Heavy rain,2,"100,000",1.0,4.6
1641,,2000-09-18,2000-10-21,India,"155,001",News,Monsoonal rain,"1,468","24,000,000",2.0,7.0
1637,,2000-09-16,2000-09-18,Brazil,"3,054",News,Heavy rain,3,"10,000",1.0,4.0
1636,,2000-09-15,2000-09-17,Guatemala,"13,967",News,Heavy rain,20,"1,000",1.0,4.6
1635,,2000-09-11,2000-09-17,Japan • Republic of Korea,"42,969",News,Tropical cyclone,13,"100,000",1.0,5.5
1633,,2000-09-05,2000-09-08,El Salvador,"8,638",News,Heavy rain,2,400,1.0,4.5
1632,,2000-09-04,2000-09-05,Philippines,"1,634",News,Heavy rain,3,"5,000",1.0,3.5
1631,,2000-09-01,2000-09-06,China,"25,900",News,Heavy rain,47,"46,000",1.0,5.2
1634,,2000-08-31,2000-09-04,Democratic People's Republic of Korea,"16,447",News,Tropical cyclone,42,0,1.0,4.9
1627,,2000-08-30,2000-09-10,China • Russian Federation,"81,864",News,Tropical cyclone,31,"14,140",1.0,6.0
1628,,2000-08-30,2000-09-01,India,"36,854",News,Heavy rain,40,"5,000",1.0,5.0
1626,,2000-08-29,2000-09-14,India,"223,178",News,Monsoonal rain,578,0,1.0,6.6
1629,,2000-08-28,2000-09-01,Cambodia • Viet Nam,"208,158",News,Monsoonal rain,"1,139","6,574,000",2.0,6.3
1630,,2000-08-28,2000-09-05,China,"9,211",News,Heavy rain,0,"1,300",1.0,4.9
1625,,2000-08-26,2000-08-29,Republic of Korea,"27,589",News,Torrential rain,7,500,1.0,5.0
1623,,2000-08-23,2000-08-31,India,"129,460",News,Torrential rain,162,"3,000,000",2.0,6.4
1622,,2000-08-21,2000-08-28,Viet Nam • Thailand,"78,306",News,Tropical cyclone,14,"400,500",1.0,5.8
1624,,2000-08-10,2000-08-21,Ethiopia,"57,518",News,Heavy rain,9,"30,000",1.0,5.8
1621,,2000-08-07,2000-08-09,Iran (Islamic Republic of),"16,276",News,Torrential rain,8,400,1.0,4.7
1620,,2000-08-03,2000-08-05,Cameroon,"3,782",News,Heavy rain,3,500,2.0,4.4
1617,,2000-08-02,2000-08-30,India • Bangladesh,"326,458",News,Monsoonal rain,637,"10,504,000",1.0,7.0
1616,,2000-07-31,2000-08-04,India,"12,416",News,Torrential rain,140,"4,000",1.0,4.8
1618,,2000-07-30,2000-08-17,Brazil,"47,599",News,Torrential rain,70,"120,000",1.0,6.0
1619,,2000-07-30,2000-08-06,Russian Federation,"192,116",News,Heavy rain,0,"24,000",1.0,6.2
1615,,2000-07-17,2000-07-30,India,"107,053",News,Monsoonal rain,140,0,1.0,6.2
1614,,2000-07-11,2000-08-10,Thailand • Viet Nam,"119,920",News,Monsoonal rain,33,"25,000",1.0,6.6
1612,,2000-07-04,2000-07-10,Philippines • Japan,"11,595",News,Torrential rain,45,"800,000",1.0,4.9
1613,,2000-06-30,2000-07-10,China,"107,668",News,Torrential rain,65,"88,000",1.0,6.1
1611,,2000-06-19,2000-06-26,Bangladesh,"33,982",News,Monsoonal rain,14,"20,000",1.0,5.4
1610,,2000-06-17,2000-06-30,China,"75,853",News,Monsoonal rain,18,"31,000",1.0,6.0
1606,,2000-06-10,2000-06-16,India,"55,287",News,Dam/Levy break or release,30,"50,000",2.0,5.9
1609,,2000-06-06,2000-06-21,Guatemala,"11,568",News,Heavy rain,16,"2,600",1.0,5.3
1607,,2000-06-05,2000-06-16,Chile,"84,226",News,Heavy rain,0,"41,000",2.0,6.3
1608,,2000-06-05,2000-06-07,Colombia,"25,754",News,Heavy rain,0,0,1.0,4.9
1604,,2000-05-31,2000-06-02,Viet Nam,"3,866",News,Torrential rain,0,0,1.0,4.1
1605,,2000-05-31,2000-06-19,China,"114,036",News,Monsoonal rain,94,"8,725",2.0,6.7
1603,,2000-05-27,2000-06-19,Bangladesh,"40,363",News,Monsoonal rain,36,"10,000",1.0,6.0
1599,,2000-05-18,2000-05-30,Philippines,"11,736",News,Tropical cyclone,6,"112,000",1.0,5.2
1601,,2000-05-18,2000-05-24,Colombia,"200,560",News,Heavy rain,9,"67,500",1.0,6.1
1602,,2000-05-18,2000-05-24,Türkiye,"17,086",News,Heavy rain,2,0,1.0,5.1
1600,,2000-05-16,2000-05-24,Timor-Leste • Indonesia,"11,422",News,Heavy rain,126,"15,000",2.0,5.3
1597,,2000-05-06,2000-05-09,United States of America,"75,334",News,Torrential rain,3,"1,200",2.0,5.8
1598,,2000-05-01,2000-05-30,Somalia,"46,259",News,Heavy rain,0,"3,500",1.0,6.1
1596,,2000-04-13,2000-04-17,China,"21,168",News,Heavy rain,15,0,1.0,5.0
1595,,2000-04-05,2000-04-25,Romania • Hungary,"116,230",News,Snowmelt,10,623,2.0,6.7
1594,,2000-03-29,2000-03-31,United States of America,"24,097",News,Torrential rain,3,0,1.0,4.9
1591,,2000-03-09,2000-03-17,Argentina,"782,983",News,Heavy rain,7,"15,000",1.0,6.8
1592,,2000-03-09,2000-03-11,Czechia • Romania,"16,470",News,Snowmelt,2,0,1.0,4.7
1593,,2000-03-09,2000-03-15,South Africa,"49,106",News,Heavy rain,14,0,1.0,5.5
1590,,2000-03-06,2000-03-11,Australia,"536,203",News,Extra-tropical cyclone,1,0,1.0,6.5
1588,,2000-03-03,2000-03-04,Cambodia,"12,178",News,Dam/Levy break or release,3,0,1.0,4.4
1589,,2000-03-03,2000-03-04,Zambia,"8,584",News,Dam/Levy break or release,0,"12,000",2.0,4.5
1585,,2000-02-18,2000-02-22,United States of America,"55,643",News,Heavy rain,8,40,1.0,5.4
1586,,2000-02-18,2000-03-01,Australia,"468,963",News,Monsoonal rain,1,200,2.0,7.1
1587,,2000-02-17,2000-03-11,Madagascar,"255,303",News,Tropical cyclone,200,"800,000",1.0,6.8
1584,,2000-01-28,2000-02-01,Philippines,"16,784",News,Torrential rain,23,"20,000",1.0,4.9
1583,,2000-01-26,2000-03-27,Mozambique,"439,043",News,Heavy rain,929,"733,000",2.0,7.7
1582,,2000-01-08,2000-01-15,Angola,"47,260",News,Heavy rain,31,"70,000",1.0,5.6
1581,,2000-01-01,2000-01-10,Brazil,"351,935",News,Heavy rain,40,"100,000",1.0,6.5
1579,,1999-12-25,1999-12-27,United Kingdom of Great Britain and Northern Ireland,"23,629",News,Heavy rain,2,200,1.0,4.9
1580,,1999-12-25,1999-12-28,Philippines,"32,003",News,Heavy rain,8,"2,000",1.0,5.1
1578,,1999-12-21,1999-12-23,South Africa,"182,953",News,Heavy rain,23,"2,000",1.0,5.7
1576,,1999-12-15,1999-12-20,Venezuela (Bolivarian Republic of) • Colombia,"328,213",News,Torrential rain,"20,006","400,000",2.0,6.6
1577,,1999-12-15,1999-12-16,Italy,"30,829",News,Heavy rain,5,300,1.0,4.8
1574,,1999-12-04,1999-12-07,Thailand,"157,177",News,Monsoonal rain,0,0,1.0,5.8
1572,,1999-12-02,1999-12-10,Viet Nam,"74,777",News,Heavy rain,120,"1,000,000",2.0,6.1
1573,,1999-12-01,1999-12-06,Somalia,"422,130",News,Heavy rain,0,0,1.0,6.4
1569,,1999-11-29,1999-12-31,Democratic Republic of the Congo • Congo,"738,831",News,Torrential rain,2,"75,000",2.0,7.7
1571,,1999-11-29,1999-12-02,Russian Federation,"27,471",News,Heavy rain,2,0,1.0,5.0
1570,,1999-11-26,1999-11-28,United States of America,"18,279",News,Heavy rain,0,100,2.0,5.0
1568,,1999-11-12,1999-11-15,France,"91,886",News,Torrential rain,27,"3,000",2.0,5.9
1566,,1999-10-30,1999-11-02,Ethiopia,"197,602",News,Torrential rain,34,"79,000",1.0,5.9
1567,,1999-10-29,1999-11-12,India,"191,940",News,Tropical cyclone,"9,803","10,000,000",2.0,6.8
1563,,1999-10-26,1999-11-08,Nigeria,"251,263",News,Heavy rain,50,0,2.0,6.8
1564,,1999-10-26,1999-10-28,South Africa,"93,380",News,Torrential rain,4,300,1.0,5.4
1565,,1999-10-25,1999-11-09,Viet Nam • Thailand,"232,556",News,Tropical cyclone,632,"1,114,000",2.0,6.9
1562,,1999-10-22,1999-10-26,Dominican Republic,"55,653",News,Tropical cyclone,4,0,1.0,5.4
1561,,1999-10-12,1999-10-29,Mexico,"60,540",News,Torrential rain,425,"300,000",2.0,6.3
1559,,1999-09-24,1999-09-29,India • Bangladesh,"168,966",News,Torrential rain,45,0,1.0,6.0
1556,,1999-09-15,1999-09-16,Japan,"2,622",News,Heavy rain,4,"14,521",1.0,3.7
1557,,1999-09-15,1999-09-18,China,"177,651",News,Tropical cyclone,8,"10,000",1.0,5.9
1560,,1999-09-15,1999-10-11,Nigeria • Ghana,"861,989",News,Heavy rain,85,"396,748",2.0,7.7
1575,,1999-09-15,1999-12-15,Colombia,"199,850",News,Heavy rain,0,"771,000",1.0,7.3
1555,,1999-09-14,1999-10-10,United States of America,"175,233",News,Tropical cyclone,68,"35,000",2.0,7.0
1558,,1999-09-12,1999-10-12,Mexico • El Salvador,"1,159,286",News,Tropical cyclone,160,"268,200",2.0,7.9
1552,,1999-09-10,1999-09-13,El Salvador,"19,146",News,Heavy rain,4,"5,000",1.0,4.9
1553,,1999-09-10,1999-09-14,Philippines,"22,629",News,Torrential rain,1,"4,500",1.0,5.1
1546,,1999-09-07,1999-09-08,Mexico,"126,002",News,Tropical cyclone,10,"1,400",1.0,5.4
1554,,1999-09-07,1999-09-14,Niger,"212,067",News,Torrential rain,7,"22,000",1.0,6.2
1548,,1999-09-06,1999-09-07,China,"112,209",News,Torrential rain,153,"720,000",1.0,5.4
1547,,1999-09-04,1999-09-08,Romania • Bulgaria,"123,875",News,Torrential rain,2,80,1.0,5.8
1549,,1999-09-03,1999-09-07,Malaysia,"29,033",News,Heavy rain,0,"2,000",1.0,5.2
1551,,1999-09-03,1999-09-13,Ghana,"126,691",News,Heavy rain,1,"9,000",1.0,6.1
1545,,1999-08-30,1999-09-02,Russian Federation,"97,272",News,Extra-tropical cyclone,2,0,1.0,5.6
1550,,1999-08-23,1999-09-07,Ethiopia,"216,424",News,Heavy rain,0,"6,755",1.0,6.5
1543,,1999-08-21,1999-08-25,China,"111,159",News,Torrential rain,1,352,1.0,5.7
1542,,1999-08-17,1999-08-21,Venezuela (Bolivarian Republic of),"67,744",News,Tropical cyclone,0,"8,000",1.0,5.5
1539,,1999-08-12,1999-08-16,China,"104,528",News,Torrential rain,77,"120,000",1.0,5.7
1540,,1999-08-11,1999-08-15,Bangladesh • India,"66,372",News,Heavy rain,18,"50,000",1.0,5.5
1537,,1999-08-08,1999-08-09,Iran (Islamic Republic of),"63,177",News,Heavy rain,6,0,1.0,5.1
1538,,1999-08-06,1999-08-08,United States of America,"73,291",News,Heavy rain,1,0,1.0,5.3
1536,,1999-08-04,1999-08-07,China,"147,170",News,Torrential rain,8,"24,000",1.0,5.8
1535,,1999-08-02,1999-08-08,Cambodia,"92,452",News,Torrential rain,9,"8,000",2.0,6.1
1534,,1999-08-01,1999-09-10,Sudan,"167,132",News,Heavy rain,40,"80,000",1.0,6.8
1541,,1999-08-01,1999-08-23,Chad,"278,827",News,Torrential rain,0,"130,000",1.0,6.8
1533,,1999-07-30,1999-08-08,Democratic People's Republic of Korea • Republic of Korea,"45,339",News,Tropical cyclone,152,"144,000",2.0,6.0
1532,,1999-07-24,1999-08-05,Viet Nam • Thailand,"142,576",News,Torrential rain,46,"52,000",2.0,6.6
1530,,1999-07-15,1999-07-27,Iran (Islamic Republic of),"31,880",News,Torrential rain,37,"8,000",2.0,5.9
1528,,1999-07-14,1999-07-16,Australia,"67,712",News,Heavy rain,3,20,1.0,5.3
1529,,1999-07-13,1999-07-15,China,"35,711",News,Heavy rain,2,0,1.0,5.0
1527,,1999-07-11,1999-08-03,Bangladesh • India,"132,358",News,Monsoonal rain,356,"33,100,003",1.0,6.5
1525,,1999-07-09,1999-07-16,Romania • Hungary,"100,811",News,Heavy rain,16,"3,225",1.0,5.9
1526,,1999-07-09,1999-07-12,Yugoslavia,"31,126",News,Torrential rain,7,"5,000",1.0,5.1
1524,,1999-07-08,1999-07-09,United States of America,"4,317",News,Torrential rain,2,0,1.0,3.9
1523,,1999-07-07,1999-07-12,Tajikistan,"87,355",News,Torrential rain,25,"3,003",1.0,5.7
1544,,1999-07-04,1999-07-05,Canada,"29,344",News,Heavy rain,0,0,1.0,4.8
1531,,1999-07-02,1999-07-24,United States of America,"56,673",News,Torrential rain,1,"1,500",2.0,6.4
1519,,1999-06-28,1999-06-30,Japan,"50,659",News,Heavy rain,29,"14,000",1.0,5.2
1520,,1999-06-28,1999-07-05,United States of America,"263,027",News,Torrential rain,4,50,1.0,6.3
1518,,1999-06-24,1999-06-28,Mexico,"53,033",News,Tropical cyclone,4,"15,000",1.0,5.4
1522,,1999-06-23,1999-08-03,China,"362,134",News,Heavy rain,725,"5,530,000",1.0,7.2
1516,,1999-06-22,1999-07-01,Romania • Slovakia,"121,165",News,Heavy rain,19,914,2.0,6.4
1517,,1999-06-21,1999-07-06,Bangladesh,"71,740",News,Torrential rain,19,"100,000",1.0,6.1
1514,,1999-06-14,1999-06-16,Mexico,"162,985",News,Heavy rain,12,0,1.0,5.7
1515,,1999-06-12,1999-06-19,China,"97,849",News,Heavy rain,27,"100,000",1.0,5.9
1512,,1999-05-26,1999-06-23,China,"73,327",News,Heavy rain,11,0,1.0,6.3
1511,,1999-05-22,1999-05-29,Germany • Austria,"54,320",News,Heavy rain,6,"2,000",2.0,5.9
1510,,1999-05-21,1999-05-24,Russian Federation,"76,625",News,Snowmelt,0,"4,000",2.0,5.8
1513,,1999-05-20,1999-05-22,Pakistan,"59,618",News,Tropical cyclone,168,"200,000",1.0,5.3
1508,,1999-05-18,1999-05-21,China,"100,713",News,Heavy rain,3,"69,200",1.0,5.6
1509,,1999-05-13,1999-05-24,Peru,"184,578",News,Torrential rain,4,"250,000",1.0,6.3
1507,,1999-05-12,1999-05-17,Switzerland • Germany,"79,469",News,Heavy rain,2,0,2.0,6.0
1506,,1999-04-29,1999-05-06,United States of America,"58,491",News,Heavy rain,0,450,2.0,6.0
1521,,1999-04-25,1999-06-29,China,"123,894",News,Heavy rain,49,"830,000",1.0,6.9
1505,,1999-04-17,1999-04-22,Sri Lanka,"19,024",News,Heavy rain,6,"200,000",1.0,5.1
1504,,1999-04-15,1999-04-21,Philippines,"27,207",News,Heavy rain,11,200,1.0,5.3
1502,,1999-04-09,1999-04-15,Colombia,"360,328",News,Heavy rain,26,300,1.0,6.4
1501,,1999-04-01,1999-04-14,United States of America,"9,611",News,Snowmelt,0,0,1.0,5.1
1499,,1999-03-15,1999-03-21,Australia,"57,804",News,Extra-tropical cyclone,0,"1,000",1.0,5.6
1500,,1999-03-15,1999-03-18,Bolivia (Plurinational State of),"285,349",News,Heavy rain,0,"1,000",1.0,6.1
1498,,1999-03-07,1999-03-13,United Kingdom of Great Britain and Northern Ireland,"8,304",News,Heavy rain,0,800,2.0,5.1
1503,,1999-03-07,1999-04-10,Belarus,"130,388",News,Snowmelt,0,"2,000",1.0,6.7
1496,,1999-02-21,1999-03-18,Romania • Hungary,"115,184",News,Heavy rain,2,"8,000",2.0,6.8
1493,,1999-02-20,1999-02-22,Philippines,"27,978",News,Torrential rain,39,"2,700",2.0,5.2
1494,,1999-02-20,1999-02-24,Peru,"107,432",News,Heavy rain,36,"40,000",1.0,5.7
1495,,1999-02-18,1999-02-27,Colombia,"72,042",News,Heavy rain,16,"20,000",1.0,5.9
1491,,1999-02-09,1999-02-14,Indonesia,"136,488",News,Monsoonal rain,2,"2,000",1.0,5.9
1492,,1999-02-09,1999-02-13,Thailand,"117,753",News,Heavy rain,3,"20,000",1.0,5.8
1490,,1999-02-06,1999-02-12,Australia,"322,869",News,Monsoonal rain,7,"1,400",2.0,6.7
1488,,1999-02-04,1999-02-07,South Africa,"75,254",News,Heavy rain,7,"5,000",1.0,5.5
1489,,1999-02-04,1999-02-08,Philippines,"42,062",News,Torrential rain,24,"500,000",1.0,5.3
1487,,1999-02-01,1999-02-05,United States of America,"56,744",News,Heavy rain,0,0,1.0,5.5
1497,,1999-01-15,1999-03-15,Mozambique,"127,726",News,Heavy rain,15,"200,000",2.0,7.2
1484,,1999-01-07,1999-01-10,Fiji,"6,286",News,0,0,0,1.0,4.4
1485,,1999-01-04,1999-01-10,United States of America,"18,265",News,,0,0,1.0,5.1
1486,,1999-01-04,1999-01-10,United States of America,"21,898",News,,0,0,1.0,5.2
1478,,1998-12-27,1998-12-31,Indonesia,"46,298",News,Torrential rain,0,"9,600",1.0,5.4
1479,,1998-12-27,1998-12-30,United States of America,"105,292",News,Heavy rain,0,70,1.0,5.6
1480,,1998-12-20,1998-12-20,Sri Lanka,"21,112",News,0,0,0,1.0,4.3
1481,,1998-12-20,1998-12-21,Malaysia,"72,080",News,0,0,0,1.0,5.2
1482,,1998-12-20,1998-12-21,Honduras,"16,547",News,0,0,0,1.0,4.5
1483,,1998-12-20,1998-12-21,United Kingdom of Great Britain and Northern Ireland,"8,195",News,0,0,0,1.0,4.2
1476,,1998-11-27,1998-11-30,Honduras,"18,006",News,Heavy rain,0,"20,000",1.0,4.9
1475,,1998-11-25,1998-11-25,Viet Nam,"9,573",News,Tropical cyclone,49,0,1.0,4.0
1477,,1998-11-24,1998-11-30,Congo,"59,067",News,Heavy rain,0,"20,000",1.0,5.6
1474,,1998-11-19,1998-11-24,Viet Nam,"10,723",News,Tropical cyclone,90,"2,000,000",1.0,4.8
1472,,1998-11-18,1998-11-30,Somalia,"8,693",News,Heavy rain,0,300,1.0,5.1
1473,,1998-11-17,1998-11-22,Indonesia,"56,182",News,Tropical cyclone,15,"12,000",1.0,5.5
1470,,1998-11-13,1998-11-15,United States of America,"15,178",News,Heavy rain,0,100,1.0,4.7
1471,,1998-11-13,1998-11-16,Viet Nam,"25,145",News,Heavy rain,17,0,1.0,5.0
1468,,1998-11-10,1998-11-12,Dominican Republic,"32,651",News,Heavy rain,2,200,1.0,5.0
1467,,1998-11-05,1998-11-23,Ukraine • Slovakia,"91,277",News,Heavy rain,16,"25,000",2.0,6.5
1469,,1998-11-01,1998-11-10,Mozambique,"78,988",News,Heavy rain,2,0,1.0,5.9
1466,,1998-10-31,1998-11-17,Germany,"79,672",News,Heavy rain,3,0,1.0,6.2
1465,,1998-10-30,1998-10-31,United States of America,"50,303",News,Heavy rain,1,"2,000",1.0,5.0
1464,,1998-10-24,1998-11-05,Honduras • Panama,"241,306",News,Torrential rain,"11,000","2,000,000",2.0,6.8
1463,,1998-10-23,1998-10-24,Taiwan (Province of China),"24,808",News,Heavy rain,156,"400,000",1.0,4.7
1461,,1998-10-22,1998-10-24,United Kingdom of Great Britain and Northern Ireland,"52,224",News,Heavy rain,11,400,1.0,5.2
1460,,1998-10-19,1998-10-24,Ghana,"25,282",News,Heavy rain,3,0,1.0,5.2
1459,,1998-10-17,1998-10-23,United States of America,"20,713",News,Heavy rain,29,"5,300",2.0,5.5
1462,,1998-10-16,1998-10-23,Viet Nam,"24,646",News,Heavy rain,42,0,1.0,5.3
1456,,1998-10-13,1998-10-17,Philippines • Taiwan (Province of China),"70,498",News,Tropical cyclone,48,"30,000",1.0,5.5
1454,,1998-10-12,1998-10-18,Nigeria,"29,087",News,Heavy rain,0,"110,000",1.0,5.3
1448,,1998-10-06,1998-10-07,United States of America,"6,064",News,Heavy rain,11,0,1.0,4.1
1455,,1998-10-03,1998-10-09,Iran (Islamic Republic of),"37,475",News,Heavy rain,8,0,1.0,5.4
1458,,1998-10-03,1998-10-14,Brazil,"119,112",News,Heavy rain,0,"8,500",1.0,6.2
1457,,1998-10-01,1998-10-20,India,"194,230",News,Heavy rain,230,"80,000",1.0,6.6
1451,,1998-09-30,1998-10-02,Japan,"9,471",News,Torrential rain,6,"2,200",2.0,4.8
1450,,1998-09-27,1998-10-01,Republic of Korea,"39,190",News,Tropical cyclone,19,"2,376",1.0,5.3
1453,,1998-09-23,1998-09-24,Algeria,"15,757",News,Torrential rain,1,700,1.0,4.5
1446,,1998-09-21,1998-09-22,Dominican Republic • Haiti,"67,469",News,Tropical cyclone,353,"11,140",1.0,5.1
1445,,1998-09-17,1998-09-19,Philippines,"3,669",News,Heavy rain,27,"70,512",1.0,4.0
1449,,1998-09-17,1998-10-02,Liberia,"5,936",News,Heavy rain,8,"5,000",1.0,5.0
1444,,1998-09-16,1998-09-18,India,"214,517",News,Dam/Levy break or release,12,"50,000",1.0,5.8
1443,,1998-09-15,1998-09-16,Croatia,"20,621",News,Heavy rain,0,0,1.0,4.6
1447,,1998-09-15,1998-09-16,United States of America,"214,764",News,Tropical cyclone,4,0,1.0,5.6
1442,,1998-09-14,1998-09-16,Belgium • Netherlands (Kingdom of the),"26,854",News,Heavy rain,1,400,2.0,5.2
1441,,1998-09-11,1998-09-14,United States of America,"60,557",News,Tropical cyclone,1,17,1.0,5.4
1440,,1998-09-07,1998-09-07,Russian Federation,"36,019",News,Heavy rain,0,0,1.0,4.6
1439,,1998-09-05,1998-09-09,Niger,"111,379",News,Heavy rain,0,"20,000",1.0,5.7
1437,,1998-09-03,1998-09-03,United States of America,"29,739",News,Torrential rain,3,65,1.0,4.5
1438,,1998-09-03,1998-09-12,Mexico • Guatemala,"447,483",News,Tropical cyclone,407,"400,000",2.0,7.0
1452,,1998-09-01,1998-09-24,Benin,"63,076",News,Heavy rain,5,"5,500",1.0,6.2
1434,,1998-08-28,1998-09-02,Japan,"73,841",News,Torrential rain,21,"2,000",1.0,5.6
1435,,1998-08-28,1998-09-10,Sudan,"326,113",News,Heavy rain,25,"816,000",2.0,7.0
1436,,1998-08-28,1998-08-31,China • Nepal,"215,635",News,Heavy rain,156,"8,000",1.0,5.9
1433,,1998-08-27,1998-08-29,United States of America,"42,373",News,Tropical cyclone,2,"17,000",1.0,5.1
1432,,1998-08-22,1998-08-27,United States of America • Mexico,"90,195",News,Tropical cyclone,17,"1,750",2.0,6.0
1388,,1998-08-19,1998-08-29,China,"35,148",News,Heavy rain,19,0,1.0,5.6
1431,,1998-08-15,1998-08-16,Nigeria,"39,718",News,Heavy rain,15,"5,000",1.0,4.9
1429,,1998-08-14,1998-08-30,Yemen,"128,411",News,Torrential rain,70,240,1.0,6.3
1427,,1998-08-12,1998-08-13,Russian Federation,"168,600",News,Heavy rain,0,"16,000",1.0,5.5
1426,,1998-08-10,1998-08-11,Türkiye,"8,224",News,Torrential rain,50,0,1.0,4.2
1430,,1998-08-10,1998-08-17,Ethiopia,"28,907",News,Torrential rain,3,"66,000",1.0,5.4
1428,,1998-08-08,1998-09-14,China,"620,830",News,Heavy rain,89,"2,160,000",2.0,7.7
1390,,1998-08-05,1998-09-07,China,"292,973",News,Heavy rain,575,"1,115,000",2.0,7.3
1425,,1998-08-04,1998-08-06,United States of America,"54,156",News,Torrential rain,2,600,2.0,5.5
1389,,1998-08-03,1998-08-07,China,"133,217",News,Heavy rain,90,0,1.0,5.8
1424,,1998-07-31,1998-08-01,Democratic People's Republic of Korea • Republic of Korea,"75,174",News,Torrential rain,273,"209,000",2.0,5.5
1421,,1998-07-23,1998-07-24,Czechia,12,News,Heavy rain,6,0,1.0,1.4
1422,,1998-07-23,1998-07-26,Indonesia,"32,183",News,Torrential rain,26,0,1.0,5.1
1423,,1998-07-23,1998-07-27,Poland,"13,180",News,Heavy rain,9,"1,200",1.0,4.8
1418,,1998-07-20,1998-07-24,Uganda,"3,408",News,Heavy rain,0,"20,000",1.0,4.2
1420,,1998-07-20,1998-07-24,Slovakia,"4,901",News,Torrential rain,47,"3,618",1.0,4.4
1416,,1998-07-19,1998-07-20,Russian Federation,"102,657",News,Heavy rain,0,56,1.0,5.3
1419,,1998-07-19,1998-09-10,Australia,"146,391",News,Torrential rain,1,"6,300",2.0,7.2
1391,,1998-07-17,1998-08-05,China,"367,328",News,Heavy rain,345,"3,120,000",2.0,7.2
1417,,1998-07-17,1998-07-20,Sri Lanka,"5,703",News,Torrential rain,1,"12,500",1.0,4.4
1415,,1998-07-13,1998-07-17,Somalia,"65,727",News,Heavy rain,0,500,1.0,5.5
1414,,1998-07-08,1998-07-08,Kyrgyzstan • Uzbekistan,530,News,Dam/Levy break or release,93,"14,000",1.0,2.7
1413,,1998-07-05,1998-09-22,Bangladesh • India,"116,177",News,Monsoonal rain,"2,632","25,000,000",2.0,7.3
1392,,1998-07-04,1998-07-20,China,"72,124",News,Heavy rain,113,"90,000",1.0,6.1
1412,,1998-07-02,1998-07-03,Mexico,"78,600",News,Heavy rain,1,520,1.0,5.2
1404,,1998-07-01,1998-07-10,Romania,"83,833",News,Heavy rain,5,"50,000",1.0,5.9
1411,,1998-06-30,1998-07-20,New Zealand,"90,967",News,Heavy rain,0,40,2.0,6.6
1410,,1998-06-28,1998-07-11,Viet Nam,"28,276",News,Heavy rain,4,"12,000",1.0,5.6
1393,,1998-06-27,1998-07-13,China,"235,631",News,Heavy rain,170,"240,000",1.0,6.6
1395,,1998-06-25,1998-07-06,China,"41,224",News,Heavy rain,180,"150,000",2.0,6.0
1408,,1998-06-24,1998-06-25,Somalia,"29,466",News,Heavy rain,22,"2,000",1.0,4.8
1409,,1998-06-24,1998-07-01,United States of America,"18,117",News,Torrential rain,21,"11,000",2.0,5.5
1406,,1998-06-22,1998-06-24,Australia,"54,956",News,Torrential rain,1,300,2.0,5.5
1407,,1998-06-19,1998-06-23,Mexico,"58,058",News,Heavy rain,0,400,1.0,5.5
1394,,1998-06-18,1998-07-13,China,"305,480",News,Heavy rain,164,"370,000",1.0,6.9
1397,,1998-06-18,1998-06-19,China,"29,726",News,Heavy rain,27,0,1.0,4.8
1396,,1998-06-15,1998-06-28,China,"26,916",News,Heavy rain,66,"500,000",2.0,5.9
1402,,1998-06-14,1998-06-15,United States of America,"4,081",News,Snowmelt,0,0,1.0,3.9
1385,,1998-06-13,1998-06-19,United States of America,"19,951",News,Heavy rain,1,0,2.0,5.4
1401,,1998-06-13,1998-06-17,United States of America,"73,860",News,Heavy rain,0,"1,000",2.0,5.9
1403,,1998-06-13,1998-06-14,United Kingdom of Great Britain and Northern Ireland,"3,551",News,Torrential rain,0,120,1.0,3.9
1386,,1998-06-12,1998-06-15,Türkiye,"28,447",News,Torrential rain,9,0,1.0,5.1
1387,,1998-06-12,1998-06-15,Afghanistan,"11,604",News,Heavy rain,30,100,1.0,4.7
1398,,1998-06-12,1998-07-09,China,"36,417",News,Heavy rain,51,"434,500",2.0,6.3
1399,,1998-06-12,1998-06-25,China,"54,191",News,Heavy rain,126,"750,000",2.0,6.2
1400,,1998-06-12,1998-06-27,China,"170,586",News,Heavy rain,40,"400,000",2.0,6.7
1381,,1998-06-10,1998-06-11,Indonesia,"27,340",News,Heavy rain,0,180,1.0,4.7
1380,,1998-06-09,1998-06-12,China,"5,844",News,Heavy rain,1,24,1.0,4.4
1382,,1998-06-09,1998-06-10,Viet Nam,"3,247",News,Heavy rain,0,0,1.0,3.8
1383,,1998-06-09,1998-06-11,India,"4,932",News,Extra-tropical cyclone,"1,126","15,000",1.0,4.2
1384,,1998-06-09,1998-06-12,Bangladesh • India,"136,002",News,Monsoonal rain,77,"2,000",1.0,5.7
1405,,1998-06-08,1998-06-24,Romania,"79,160",News,Heavy rain,31,"5,952",2.0,6.4
1377,,1998-06-03,1998-06-07,Russian Federation,"56,635",News,Ice jam/break-up,0,49,1.0,5.5
1379,,1998-06-02,1998-06-05,Democratic People's Republic of Korea,"8,053",News,Tidal surge,0,0,1.0,4.5
1378,,1998-06-01,1998-06-08,Taiwan (Province of China),"7,743",News,Monsoonal rain,3,300,1.0,4.8
1375,,1998-05-31,1998-06-02,Tajikistan,"39,903",News,Heavy rain,0,"1,200",1.0,5.1
1376,,1998-05-29,1998-06-01,Afghanistan,"48,941",News,Heavy rain,30,100,1.0,5.3
1373,,1998-05-28,1998-06-03,United States of America,"26,249",News,Heavy rain,0,"1,600",1.0,5.3
1374,,1998-05-27,1998-05-31,Kenya,"106,207",News,Heavy rain,19,800,1.0,5.7
1371,,1998-05-24,1998-06-01,China,"164,944",News,Heavy rain,15,"1,300",1.0,6.2
1363,,1998-05-20,1998-05-30,Bangladesh,"34,066",News,Tropical cyclone,0,0,1.0,5.6
1364,,1998-05-20,1998-05-23,Türkiye,"142,697",News,Torrential rain,19,514,1.0,5.8
1367,,1998-05-20,1998-05-21,China,"51,482",News,Torrential rain,37,"3,600",1.0,5.0
1368,,1998-05-20,1998-05-25,China,"149,533",News,Torrential rain,8,"15,000",1.0,6.0
1369,,1998-05-20,1998-05-24,China,"216,145",News,Torrential rain,10,"20,000",1.0,6.0
1370,,1998-05-20,1998-05-25,China,"70,344",News,Heavy rain,58,"106,000",2.0,5.9
1365,,1998-05-19,1998-05-21,Somalia,"100,633",News,Heavy rain,0,0,1.0,5.5
1372,,1998-05-18,1998-05-22,Kyrgyzstan,"45,397",News,Torrential rain,1,"8,760",1.0,5.4
1362,,1998-05-16,1998-06-06,Russian Federation,"314,771",News,Ice jam/break-up,15,"51,000",2.0,7.1
1366,,1998-05-16,1998-05-20,China,"178,663",News,Torrential rain,11,508,1.0,6.0
1360,,1998-05-12,1998-05-16,Iran (Islamic Republic of),"125,229",News,Torrential rain,27,0,1.0,5.8
1361,,1998-05-12,1998-05-17,China,"60,529",News,Heavy rain,11,0,1.0,5.6
1356,,1998-05-11,1998-05-13,United States of America,"15,355",News,Heavy rain,0,124,1.0,4.7
1357,,1998-05-11,1998-05-13,Indonesia,"23,656",News,Heavy rain,0,0,1.0,4.9
1355,,1998-05-08,1998-05-10,United States of America,"1,697",News,Heavy rain,0,0,2.0,4.0
1358,,1998-05-07,1998-05-13,China,"79,574",News,Torrential rain,9,0,1.0,5.7
1354,,1998-05-06,1998-05-11,Australia,"209,226",News,Heavy rain,0,0,1.0,6.1
1353,,1998-05-04,1998-05-07,Russian Federation,"62,266",News,Snowmelt,0,0,2.0,5.7
1352,,1998-05-01,1998-05-07,Italy,"17,722",News,Heavy rain,148,"3,463",1.0,5.1
1359,,1998-05-01,1998-05-05,China,"96,993",News,Torrential rain,0,"2,000",1.0,5.7
1349,,1998-04-27,1998-05-01,Papua New Guinea,"53,963",News,Heavy rain,0,"30,000",1.0,5.4
1350,,1998-04-27,1998-05-04,United Republic of Tanzania,"169,776",News,Torrential rain,5,"4,600",1.0,6.1
1346,,1998-04-26,1998-04-27,China,"5,593",News,Torrential rain,0,0,1.0,4.0
1347,,1998-04-26,1998-04-28,Afghanistan,"106,288",News,Rain and snowmelt,35,0,1.0,5.5
1348,,1998-04-26,1998-04-28,United States of America,"287,302",News,Heavy rain,4,0,1.0,5.9
1344,,1998-04-24,1998-04-27,Tajikistan,"44,210",News,Rain and snowmelt,52,"1,000",2.0,5.5
1345,,1998-04-24,1998-05-07,Tajikistan,"59,531",News,Heavy rain,203,"20,000",1.0,5.9
1343,,1998-04-23,1998-04-24,South Africa,"73,478",News,Torrential rain,0,200,1.0,5.2
1341,,1998-04-20,1998-04-26,Poland,"50,162",News,Heavy rain,0,"1,500",1.0,5.5
1340,,1998-04-17,1998-04-21,United States of America,"79,603",News,Heavy rain,2,"1,200",1.0,5.6
1335,,1998-04-15,1998-04-17,United States of America,"70,592",News,Torrential rain,0,0,1.0,5.3
1342,,1998-04-15,1998-04-16,Indonesia,"114,756",News,Heavy rain,13,400,1.0,5.4
1334,,1998-04-14,1998-05-10,Argentina • Paraguay,"541,027",News,Heavy rain,68,"700,000",2.0,7.5
1338,,1998-04-11,1998-04-11,Afghanistan,"35,004",News,Dam/Levy break or release,0,0,1.0,4.5
1339,,1998-04-11,1998-04-11,Brazil,"209,609",News,Heavy rain,0,"11,200",1.0,5.3
1333,,1998-04-10,1998-04-13,United Kingdom of Great Britain and Northern Ireland,"16,143",News,Torrential rain,5,300,2.0,5.1
1336,,1998-04-10,1998-04-10,Australia,"130,852",News,Heavy rain,0,0,1.0,5.1
1332,,1998-04-06,1998-04-07,Central African Republic,"45,900",News,Torrential rain,6,200,1.0,5.0
1337,,1998-04-06,1998-04-10,Afghanistan,"117,673",News,Heavy rain,30,"5,000",1.0,5.8
1329,,1998-03-31,1998-04-07,United States of America,"46,557",News,Snowmelt,0,0,2.0,5.9
1331,,1998-03-31,1998-04-01,Vanuatu,"1,537",News,Tropical cyclone,0,800,1.0,3.5
1327,,1998-03-28,1998-04-05,Iran (Islamic Republic of),"203,422",News,Torrential rain,84,"10,000",1.0,6.3
1330,,1998-03-28,1998-04-06,Canada,"283,522",News,Snowmelt,2,"3,463",1.0,6.5
1328,,1998-03-26,1998-03-27,Democratic Republic of the Congo,"97,719",News,Torrential rain,8,0,1.0,5.3
1326,,1998-03-24,1998-03-25,Indonesia,"26,874",News,Heavy rain,0,400,1.0,4.7
1325,,1998-03-21,1998-03-23,United States of America,"39,687",News,Heavy rain,0,80,1.0,5.1
1323,,1998-03-20,1998-03-23,Vanuatu,997,News,Tropical cyclone,0,"1,000",1.0,3.6
1324,,1998-03-20,1998-03-24,United States of America,"19,146",News,Heavy rain,0,560,2.0,5.3
1322,,1998-03-17,1998-03-19,Zambia • Burundi,"158,187",News,Heavy rain,0,288,1.0,5.7
1321,,1998-03-14,1998-03-16,Yemen,"28,619",News,Heavy rain,0,"1,600",1.0,4.9
1311,,1998-03-07,1998-03-13,United States of America,"185,210",News,Heavy rain,11,"18,000",2.0,6.4
1312,,1998-03-07,1998-03-08,United Kingdom of Great Britain and Northern Ireland,"2,149",News,Heavy rain,0,2,1.0,3.6
1319,,1998-03-06,1998-03-13,China,"199,739",News,Heavy rain,2,"130,000",2.0,6.5
1308,,1998-03-02,1998-03-05,Pakistan • Iran (Islamic Republic of),"165,620",News,Heavy rain,300,"240,000",1.0,5.8
1309,,1998-03-01,1998-03-06,Australia,"128,474",News,Tropical cyclone,0,22,2.0,6.2
1310,,1998-03-01,1998-03-04,South Africa,"65,215",News,Heavy rain,7,200,1.0,5.4
1351,,1998-03-01,1998-05-07,Paraguay,"242,667",News,Heavy rain,55,"85,000",1.0,7.2
1320,,1998-02-25,1998-02-27,Indonesia,"44,401",News,Heavy rain,0,0,1.0,5.1
1317,,1998-02-23,1998-02-24,Mexico,"8,448",News,Heavy rain,4,800,1.0,4.2
1307,,1998-02-20,1998-02-27,Afghanistan,"75,880",News,Heavy rain,30,"3,000",1.0,5.8
1318,,1998-02-20,1998-02-21,Brazil,"54,370",News,Heavy rain,1,0,1.0,5.0
1316,,1998-02-18,1998-03-07,Russian Federation,"34,203",News,Snowmelt,1,"88,000",1.0,5.8
1306,,1998-02-11,1998-02-13,Bolivia (Plurinational State of),"376,694",News,Heavy rain,60,"1,500",1.0,6.1
1303,,1998-02-10,1998-03-15,Peru • Ecuador,"1,339,873",News,Tropical cyclone,364,0,1.0,7.7
1315,,1998-02-06,1998-02-07,Greece,"20,432",News,Heavy rain,1,0,1.0,4.6
1301,,1998-02-03,1998-02-24,United States of America,"265,450",News,Tropical cyclone,42,0,1.0,6.8
1302,,1998-02-03,1998-02-21,United States of America • Mexico,"63,271",News,Tropical cyclone,13,"3,500",2.0,6.4
1300,,1998-01-25,1998-01-28,Australia,"267,569",News,Tropical cyclone,2,24,2.0,6.3
1314,,1998-01-19,1998-02-04,Malawi,"48,379",News,Heavy rain,0,"10,000",1.0,5.9
1296,,1998-01-01,1998-02-01,Australia,"33,826",News,Tropical cyclone,1,64,1.0,6.0
1298,,1998-01-01,1998-01-20,Kenya • Somalia,"386,426",News,Tropical cyclone,86,"346,000",2.0,7.2
1290,,1997-12-24,1997-12-27,Indonesia,"6,231",News,Heavy rain,5,0,1.0,4.4
1200,,1997-12-20,1997-12-23,Albania,"1,641",News,Heavy rain,0,400,1.0,3.8
1201,,1997-12-20,1997-12-31,United Republic of Tanzania,"323,808",News,Heavy rain,38,"104,000",1.0,6.6
1297,,1997-12-20,1998-01-12,Congo,"958,684",News,Tropical cyclone,3,"20,000",2.0,7.7
1291,,1997-12-19,1997-12-24,Malawi,"59,475",News,Heavy rain,4,"1,500",1.0,5.6
1292,,1997-12-18,1997-12-22,United States of America,"54,842",News,Heavy rain,4,0,1.0,5.4
1304,,1997-12-15,1998-02-13,Paraguay,"317,648",News,Tropical cyclone,50,"100,000",1.0,7.3
1305,,1997-12-14,1998-02-16,Bulgaria • Türkiye,"62,743",News,Snowmelt,1,200,1.0,6.6
1294,,1997-12-10,1997-12-14,Egypt,"113,068",News,Heavy rain,4,0,1.0,5.8
1293,,1997-12-09,1997-12-14,Argentina,"325,475",News,Heavy rain,2,"1,000",1.0,6.3
1295,,1997-12-04,1997-12-09,India,"384,888",News,Monsoonal rain,6,0,1.0,6.4
1284,,1997-11-30,1997-12-03,Kenya,"8,840",News,Heavy rain,11,"10,000",1.0,4.5
1299,,1997-11-15,1998-02-12,Peru • Ecuador,"1,990,345",News,Tropical cyclone,200,"100,000",1.0,8.3
1285,,1997-11-14,1997-11-28,United Republic of Tanzania,"28,956",News,Heavy rain,0,400,1.0,5.6
1286,,1997-11-14,1997-11-28,Uganda,"20,738",News,Heavy rain,35,"20,000",1.0,5.5
1199,,1997-11-05,1997-11-12,Spain • Portugal,"71,614",News,Heavy rain,33,0,2.0,6.1
1198,,1997-11-02,1997-11-12,Viet Nam,"34,008",News,Tropical cyclone,594,"30,000",2.0,5.9
1287,,1997-11-01,1997-11-30,Ecuador,"119,920",News,Heavy rain,27,"10,000",1.0,6.6
1288,,1997-11-01,1997-11-08,Syrian Arab Republic,"138,440",News,Heavy rain,7,0,1.0,6.0
1289,,1997-11-01,1997-11-06,Indonesia,"49,813",News,Heavy rain,3,0,1.0,5.5
1197,,1997-10-29,1997-11-02,Portugal,"40,358",News,Heavy rain,29,50,1.0,5.3
1196,,1997-10-27,1997-10-31,Mexico,"72,854",News,Heavy rain,8,"1,200",1.0,5.6
1276,,1997-10-22,1997-10-26,Iran (Islamic Republic of),"30,771",News,Heavy rain,5,0,1.0,5.2
1195,,1997-10-19,1997-11-28,Somalia • Kenya,"713,805",News,Heavy rain,"2,000","230,000",2.0,7.8
1278,,1997-10-17,1997-10-23,Egypt,"307,644",News,Heavy rain,12,0,1.0,6.3
1279,,1997-10-17,1997-10-19,Israel,"23,914",News,Heavy rain,15,0,1.0,4.9
1280,,1997-10-17,1997-10-19,Jordan,"24,511",News,Heavy rain,2,0,1.0,4.9
1193,,1997-10-15,1997-10-22,Brazil,"465,787",News,Heavy rain,0,"21,000",1.0,6.6
1277,,1997-10-15,1997-10-23,Kenya,"34,475",News,Heavy rain,23,0,1.0,5.5
1313,,1997-10-15,1998-01-09,Somalia,"244,739",News,Heavy rain,"2,311","250,000",1.0,7.3
1192,,1997-10-14,1997-10-16,Colombia,"5,123",News,Heavy rain,2,"15,000",1.0,4.2
1194,,1997-10-12,1997-10-18,Greece • Türkiye,"116,574",News,Heavy rain,0,0,1.0,5.9
1282,,1997-10-07,1997-10-09,Sudan,"20,687",News,Heavy rain,1,300,1.0,4.8
1190,,1997-10-06,1997-10-12,Mexico,"73,534",News,Tropical cyclone,400,"3,000",1.0,5.7
1191,,1997-10-05,1997-10-15,Brazil • Argentina,"140,125",News,Heavy rain,0,"3,600",1.0,6.2
1281,,1997-10-05,1997-10-09,Iran (Islamic Republic of),"30,591",News,Heavy rain,3,0,1.0,5.2
1283,,1997-10-03,1997-10-05,Portugal,772,News,Heavy rain,2,0,1.0,3.4
1187,,1997-09-28,1997-09-29,Morocco,"83,476",News,Torrential rain,60,0,1.0,5.2
1189,,1997-09-28,1997-10-01,Spain,"22,494",News,Heavy rain,5,400,1.0,5.0
1185,,1997-09-25,1997-09-27,Mexico • United States of America,"71,561",News,Tropical cyclone,0,240,1.0,5.3
1186,,1997-09-25,1997-09-29,Mexico,"97,068",News,Tropical cyclone,12,0,1.0,5.7
1188,,1997-09-20,1997-09-29,Viet Nam,"15,921",News,Tropical cyclone,28,0,1.0,5.2
1275,,1997-09-19,1997-09-24,India,"80,645",News,Tropical cyclone,32,"20,000",1.0,5.7
1184,,1997-09-13,1997-09-17,Sri Lanka,"11,300",News,Heavy rain,10,"5,000",1.0,4.8
1274,,1997-09-09,1997-09-14,Japan,"15,278",News,Tropical cyclone,17,"30,000",1.0,5.0
1182,,1997-09-07,1997-09-08,Afghanistan,"6,428",News,Heavy rain,30,600,1.0,4.1
1273,,1997-09-01,1997-09-08,China,"124,671",News,Heavy rain,63,"92,000",1.0,6.0
1179,,1997-08-24,1997-08-26,Morocco,"65,147",News,Heavy rain,15,0,1.0,5.3
1266,,1997-08-23,1997-08-27,Malaysia,"11,247",News,Heavy rain,6,"2,115",1.0,4.7
1265,,1997-08-22,1997-08-26,India,"40,014",News,Monsoonal rain,26,0,1.0,5.3
1178,,1997-08-19,1997-09-01,Thailand,"31,969",News,Monsoonal rain,46,"200,000",1.0,5.7
1180,,1997-08-19,1997-08-25,China,"55,174",News,Tropical cyclone,345,"54,000",1.0,5.6
1183,,1997-08-19,1997-09-01,Thailand,"43,610",News,Monsoonal rain,46,"300,000",1.0,5.8
1267,,1997-08-19,1997-08-24,India,"228,335",News,Monsoonal rain,50,"10,000",1.0,6.1
1175,,1997-08-18,1997-08-20,Sudan,"659,807",News,Heavy rain,0,"5,200",1.0,6.3
1171,,1997-08-16,1997-08-22,Taiwan (Province of China),"6,415",News,Tropical cyclone,31,0,1.0,4.7
1173,,1997-08-15,1997-08-23,Philippines,"19,169",News,Tropical cyclone,21,"265,000",1.0,5.2
1174,,1997-08-15,1997-08-21,China,"67,370",News,Tropical cyclone,56,"790,000",1.0,5.7
1177,,1997-08-15,1997-08-19,Chile,"224,910",News,Heavy rain,10,0,1.0,6.1
1169,,1997-08-13,1997-08-15,China,"1,368",News,Monsoonal rain,0,"4,000",2.0,3.9
1181,,1997-08-12,1997-09-03,Pakistan,"276,909",News,Monsoonal rain,165,"836,300",2.0,7.1
1170,,1997-08-10,1997-08-12,United States of America,"7,779",News,Heavy rain,11,350,1.0,4.4
1176,,1997-08-10,1997-08-20,Myanmar,"70,640",News,Monsoonal rain,100,"3,000",1.0,5.9
1172,,1997-08-08,1997-08-14,India,"57,531",News,Monsoonal rain,200,0,1.0,5.6
1269,,1997-08-08,1997-08-12,Nepal,"25,206",News,Monsoonal rain,30,0,1.0,5.1
1268,,1997-08-07,1997-08-14,China,"25,075",News,Heavy rain,13,0,1.0,5.3
1270,,1997-08-07,1997-08-12,Türkiye,"17,023",News,Heavy rain,11,0,2.0,5.3
1167,,1997-08-02,1997-08-07,China,"34,586",News,Tropical cyclone,65,0,1.0,5.3
1168,,1997-08-01,1997-08-11,India,"201,819",News,Monsoonal rain,24,"100,000",1.0,6.3
1271,,1997-08-01,1997-08-07,Viet Nam,"29,186",News,Heavy rain,12,800,1.0,5.3
1165,,1997-07-29,1997-08-04,Bangladesh,"10,101",News,Heavy rain,15,"30,000",1.0,4.8
1272,,1997-07-29,1997-08-03,Republic of Korea,"47,681",News,Heavy rain,12,115,1.0,5.5
1159,,1997-07-27,1997-07-29,Sweden,"4,248",News,Heavy rain,0,20,1.0,4.1
1164,,1997-07-25,1997-08-05,Romania,"28,275",News,Heavy rain,6,"8,000",1.0,5.5
1166,,1997-07-25,1997-08-01,United States of America,"15,185",News,Heavy rain,5,400,1.0,5.1
1249,,1997-07-25,1997-07-30,Sudan,"199,030",News,Heavy rain,5,"3,000",1.0,6.1
1251,,1997-07-25,1997-07-29,Pakistan,"5,802",News,Monsoonal rain,16,0,1.0,4.5
1252,,1997-07-25,1997-07-28,Pakistan,"127,909",News,Monsoonal rain,31,0,1.0,5.7
1253,,1997-07-24,1997-07-27,Japan,"5,933",News,Tropical cyclone,5,"1,200",1.0,4.4
1255,,1997-07-17,1997-07-22,China,"124,211",News,Heavy rain,19,0,2.0,6.2
1257,,1997-07-15,1997-07-18,China,"20,185",News,Heavy rain,48,0,1.0,4.9
1254,,1997-07-10,1997-07-30,China,"27,345",News,Heavy rain,301,"300,000",1.0,5.8
1259,,1997-07-08,1997-07-13,Japan,"95,827",News,Heavy rain,26,200,1.0,5.8
1158,,1997-07-06,1997-08-01,China,"832,682",News,Monsoonal rain,287,"200,000",1.0,7.4
1250,,1997-07-06,1997-07-29,Republic of Moldova,"28,961",News,Heavy rain,9,"20,000",1.0,5.8
1256,,1997-07-05,1997-07-22,India,"233,024",News,Monsoonal rain,100,0,1.0,6.6
1258,,1997-07-05,1997-07-14,India,"70,603",News,Monsoonal rain,97,0,1.0,5.8
1163,,1997-07-04,1997-08-09,Germany,"8,359",News,Heavy rain,0,"5,200",2.0,5.8
1161,,1997-07-03,1997-08-09,Poland,"34,954",News,Heavy rain,54,"162,500",2.0,6.4
1162,,1997-07-03,1997-07-15,Bangladesh,"9,614",News,Heavy rain,100,"200,000",1.0,5.1
1160,,1997-07-02,1997-07-24,Czechia,"34,987",News,Heavy rain,48,"40,000",2.0,6.2
1260,,1997-07-02,1997-07-06,Iran (Islamic Republic of),"109,454",News,Heavy rain,11,"1,400",1.0,5.7
1261,,1997-07-02,1997-07-05,Taiwan (Province of China),"2,935",News,Heavy rain,8,0,1.0,4.1
1262,,1997-07-02,1997-07-04,Türkiye,"21,243",News,Torrential rain,4,0,1.0,4.8
1264,,1997-06-30,1997-07-03,United States of America,"16,279",News,Heavy rain,16,0,1.0,4.8
1263,,1997-06-28,1997-07-05,Republic of Korea,"11,247",News,Heavy rain,4,60,1.0,5.0
1230,,1997-06-26,1997-07-05,South Africa,"332,604",News,Heavy rain,9,0,1.0,6.5
1231,,1997-06-26,1997-06-29,Italy,"17,109",News,Heavy rain,2,700,1.0,4.8
1232,,1997-06-22,1997-08-26,India,"183,143",News,Monsoonal rain,273,"20,000",1.0,7.1
1234,,1997-06-22,1997-06-26,Republic of Korea,"58,701",News,Heavy rain,10,0,1.0,5.5
1238,,1997-06-21,1997-06-23,Oman,"21,975",News,Heavy rain,4,0,1.0,4.8
1237,,1997-06-19,1997-06-23,United States of America,"155,894",News,Heavy rain,3,350,1.0,5.9
1233,,1997-06-18,1997-06-28,Iran (Islamic Republic of),"25,838",News,Heavy rain,2,0,1.0,5.5
1239,,1997-06-18,1997-06-20,Japan,"18,485",News,Tropical cyclone,3,0,1.0,4.7
1235,,1997-06-17,1997-06-21,Iran (Islamic Republic of),"31,964",News,Heavy rain,13,0,1.0,5.2
1155,,1997-06-14,1997-06-20,Bangladesh,"10,108",News,Heavy rain,0,"4,000",1.0,4.8
1240,,1997-06-14,1997-06-17,France,"8,004",News,Torrential rain,4,0,1.0,4.5
1241,,1997-06-13,1997-06-16,Romania,"8,488",News,Heavy rain,12,400,2.0,4.8
1242,,1997-06-12,1997-06-15,Ghana,"4,330",News,Heavy rain,6,0,1.0,4.2
1157,,1997-06-10,1997-06-11,Nepal,"4,625",News,Monsoonal rain,20,0,1.0,4.0
1236,,1997-06-10,1997-06-24,Chile,"144,383",News,Heavy rain,20,"51,000",2.0,6.6
1243,,1997-06-08,1997-06-12,China,"25,292",News,Heavy rain,56,"383,000",1.0,5.1
1244,,1997-06-07,1997-06-11,Cuba,"73,127",News,Heavy rain,1,"8,300",1.0,5.6
1246,,1997-06-06,1997-06-10,China,"10,074",News,Heavy rain,150,0,1.0,4.7
1247,,1997-06-06,1997-06-09,El Salvador,"3,053",News,Tropical cyclone,4,0,1.0,4.1
1245,,1997-06-03,1997-06-10,China,"29,000",News,Heavy rain,40,0,1.0,5.4
1248,,1997-06-02,1997-06-04,China,"1,017",News,Torrential rain,1,0,1.0,3.5
1225,,1997-05-25,1997-05-27,Philippines,"10,763",News,Tropical cyclone,35,"210,000",1.0,4.5
1227,,1997-05-12,1997-05-15,Afghanistan,"121,879",News,Rain and snowmelt,40,0,1.0,5.7
1228,,1997-05-09,1997-05-13,China,"183,090",News,Heavy rain,111,0,1.0,6.0
1229,,1997-05-05,1997-05-11,China,"74,261",News,Heavy rain,19,0,1.0,5.7
1226,,1997-05-03,1997-05-16,China,"174,990",News,Heavy rain,135,"360,000",2.0,6.7
1156,,1997-05-02,1997-05-07,Somalia,"27,158",News,Heavy rain,0,"1,740",1.0,5.2
1219,,1997-04-30,1997-05-01,Nigeria,"17,287",News,Heavy rain,5,0,1.0,4.5
1220,,1997-04-26,1997-05-02,Georgia,"31,945",News,Heavy rain,4,300,1.0,5.3
1221,,1997-04-26,1997-05-05,Iran (Islamic Republic of),"17,009",News,Heavy rain,6,"1,500",1.0,5.2
1222,,1997-04-24,1997-04-30,Russian Federation,"26,137",News,Ice jam/break-up,3,"1,000",1.0,5.3
1223,,1997-04-19,1997-04-22,Ethiopia,"12,361",News,Heavy rain,29,0,1.0,4.7
1224,,1997-04-15,1997-04-17,Russian Federation,"12,913",News,Heavy rain,2,500,1.0,4.6
1212,,1997-03-25,1997-03-30,Iran (Islamic Republic of),"488,270",News,Heavy rain,2,0,1.0,6.5
1213,,1997-03-25,1997-03-28,Saudi Arabia,"98,254",News,Heavy rain,16,0,1.0,5.6
1152,,1997-03-22,1997-03-24,Australia,"108,575",News,Tropical cyclone,2,0,1.0,5.5
1153,,1997-03-22,1997-04-25,United States of America • Canada,"282,467",News,Heavy rain,0,"50,000",2.0,7.3
1154,,1997-03-20,1997-04-15,United Republic of Tanzania,"148,922",News,Heavy rain,61,"3,000",1.0,6.6
1142,,1997-03-19,1997-03-24,Bangladesh,"28,272",News,Heavy rain,25,"5,000",1.0,5.2
1151,,1997-03-15,1997-03-19,United States of America,"65,906",News,Heavy rain,4,600,1.0,5.5
1214,,1997-03-09,1997-03-24,Ecuador,"25,946",News,Heavy rain,12,"1,000",1.0,5.6
1215,,1997-03-09,1997-03-13,Philippines,"18,317",News,Heavy rain,18,"105,000",1.0,5.0
1216,,1997-03-06,1997-03-08,Fiji,"13,552",News,Tropical cyclone,17,"1,300",1.0,4.6
1217,,1997-03-02,1997-03-04,Egypt,"68,465",News,Heavy rain,4,0,1.0,5.3
1218,,1997-03-01,1997-03-04,Bolivia (Plurinational State of),"365,815",News,Heavy rain,16,0,2.0,6.5
1149,,1997-02-28,1997-03-15,United States of America,"179,911",News,Heavy rain,50,0,2.0,6.8
1147,,1997-02-22,1997-02-26,State of Palestine,"3,610",News,Heavy rain,16,0,1.0,4.3
1211,,1997-02-22,1997-02-26,Jordan,"1,209",News,Heavy rain,4,0,1.0,3.8
1146,,1997-02-21,1997-02-25,United States of America,"30,333",News,Rain and snowmelt,0,700,1.0,5.2
1145,,1997-02-17,1997-02-17,Peru,"7,522",News,Heavy rain,41,600,1.0,3.9
1144,,1997-02-01,1997-02-15,Bolivia (Plurinational State of),"689,140",News,Heavy rain,40,"30,000",2.0,7.3
1202,,1997-01-22,1997-01-27,Brazil,"97,027",News,Heavy rain,10,"11,000",1.0,5.8
1143,,1997-01-20,1997-01-26,Madagascar,"146,890",News,Tropical cyclone,140,"63,000",2.0,6.3
1148,,1997-01-15,1997-02-28,Malawi • Mozambique,"211,804",News,Heavy rain,78,"300,000",1.0,7.0
1150,,1997-01-15,1997-03-15,Brazil,"152,482",News,Heavy rain,9,"55,000",2.0,7.3
1204,,1997-01-14,1997-01-18,China,"62,966",News,Rain and snowmelt,21,"50,400",1.0,5.5
1205,,1997-01-12,1997-01-14,Greece,"34,742",News,Heavy rain,6,300,2.0,5.3
1206,,1997-01-08,1997-01-10,Türkiye,"73,849",News,Heavy rain,3,100,2.0,5.6
1203,,1997-01-07,1997-01-08,Saudi Arabia,"131,573",News,Heavy rain,10,0,1.0,5.4
1208,,1997-01-05,1997-01-07,Morocco,"9,159",News,Heavy rain,23,0,1.0,4.4
1141,,1997-01-01,1997-02-01,United States of America,"156,687",News,Heavy rain,20,"100,000",2.0,7.0
1207,,1997-01-01,1997-01-08,Brazil,"346,997",News,Heavy rain,81,"43,000",1.0,6.4
1209,,1997-01-01,1997-01-06,Georgia,"56,749",News,Rain and snowmelt,3,0,1.0,5.5
1139,,1996-12-26,1996-12-28,Malaysia,"73,244",News,Heavy rain,200,"7,000",1.0,5.3
1140,,1996-12-26,1997-01-03,United States of America,"272,685",News,Rain and snowmelt,10,50,1.0,6.4
1210,,1996-12-26,1997-01-03,United States of America,"717,982",News,Heavy rain,23,"110,000",1.0,6.8
1138,,1996-12-22,1996-12-26,Spain • Portugal,"36,921",News,Heavy rain,3,"1,800",1.0,5.3
1137,,1996-12-05,1996-12-10,France,"26,323",News,Heavy rain,0,50,1.0,5.2
1136,,1996-12-03,1996-12-05,Venezuela (Bolivarian Republic of),"181,898",News,Heavy rain,0,"10,000",1.0,5.7
1135,,1996-12-01,1996-12-04,Greece • Bulgaria,"23,590",News,Heavy rain,5,300,1.0,5.0
1134,,1996-11-19,1996-11-21,Albania,"1,123",News,Heavy rain,0,50,1.0,3.5
1133,,1996-11-17,1996-11-23,Dominican Republic,"6,751",News,Tropical cyclone,3,"3,000",1.0,4.7
1131,,1996-11-13,1996-11-25,Egypt,"37,943",News,Heavy rain,23,"1,050",1.0,5.7
1132,,1996-11-13,1996-11-17,Haiti,"1,038",News,Heavy rain,18,160,1.0,3.7
1130,,1996-11-09,1996-11-13,Iran (Islamic Republic of),"16,758",News,Heavy rain,5,"12,000",1.0,4.9
1127,,1996-11-06,1996-11-10,Somalia,"64,924",News,Heavy rain,0,"2,000",1.0,5.5
1128,,1996-11-06,1996-11-10,India,"21,445",News,Tropical cyclone,"2,500","140,000",2.0,5.3
1129,,1996-11-06,1996-11-07,Iceland,"5,679",News,Snowmelt,0,0,1.0,4.1
1126,,1996-10-22,1996-10-26,Sudan,"69,798",News,Heavy rain,102,"8,000",1.0,5.5
1125,,1996-10-21,1996-10-25,India,"177,527",News,Heavy rain,326,"100,000",1.0,5.9
1124,,1996-10-20,1996-10-22,Indonesia,"11,937",News,Heavy rain,13,"5,000",1.0,4.6
1123,,1996-10-19,1996-10-23,United States of America,"67,014",News,Heavy rain,5,700,2.0,5.8
1122,,1996-10-14,1996-10-18,Honduras • Costa Rica,"272,818",News,Heavy rain,11,"10,500",1.0,6.1
1121,,1996-10-06,1996-10-10,Mexico,"366,782",News,Heavy rain,0,"9,000",1.0,6.3
1120,,1996-10-03,1996-10-28,Thailand,"116,474",News,Monsoonal rain,60,0,1.0,6.5
1119,,1996-10-01,1996-11-13,Viet Nam,"22,611",News,Heavy rain,162,"200,000",1.0,6.0
1113,,1996-09-27,1996-10-04,Cambodia • Lao People's Democratic Republic,"232,590",News,Monsoonal rain,46,"1,000",1.0,6.3
1117,,1996-09-20,1996-10-01,China,"36,474",News,Tropical cyclone,38,0,1.0,5.6
1118,,1996-09-20,1996-09-24,Bosnia and Herzegovina,"24,391",News,Heavy rain,1,0,2.0,5.4
1116,,1996-09-18,1996-09-20,United States of America,"5,542",News,Torrential rain,0,0,1.0,4.2
1115,,1996-09-15,1996-09-18,Canada,"47,106",News,Tropical cyclone,0,0,2.0,5.6
1114,,1996-09-13,1996-09-14,Mexico,"9,306",News,Tropical cyclone,1,300,1.0,4.3
1112,,1996-09-11,1996-09-19,Puerto Rico • Dominican Republic,"11,197",News,Tropical cyclone,24,"10,000",1.0,5.0
1111,,1996-09-10,1996-09-15,Sudan,"10,692",News,Heavy rain,0,800,1.0,4.8
1110,,1996-09-06,1996-09-13,Nepal,"7,996",News,Heavy rain,20,"1,000",1.0,4.8
1109,,1996-09-05,1996-09-13,United States of America,"293,738",News,Tropical cyclone,34,"4,000",1.0,6.4
1107,,1996-09-02,1996-09-06,Sudan,"107,541",News,Heavy rain,17,"4,000",1.0,5.7
1108,,1996-09-02,1996-09-07,Pakistan,"202,950",News,Heavy rain,119,"100,000",2.0,6.4
1105,,1996-08-26,1996-09-07,Bangladesh,"26,913",News,Heavy rain,20,"100,000",1.0,5.5
1104,,1996-08-18,1996-08-25,Viet Nam,"84,500",News,Monsoonal rain,55,"90,000",2.0,6.1
1103,,1996-08-12,1996-08-30,Ethiopia,"468,887",News,Heavy rain,0,"30,000",2.0,7.3
1102,,1996-08-09,1996-08-11,Mongolia,"4,370",News,Heavy rain,6,0,1.0,4.1
1100,,1996-08-07,1996-08-11,Türkiye,"2,205",News,Heavy rain,2,180,1.0,4.0
1101,,1996-08-07,1996-08-09,Spain,"3,516",News,Heavy rain,85,800,1.0,4.0
1099,,1996-08-06,1996-08-10,China,"138,167",News,Heavy rain,266,"100,000",2.0,6.1
1098,,1996-08-01,1996-08-25,Russian Federation,"524,912",News,Heavy rain,4,"14,000",1.0,7.1
1106,,1996-07-25,1996-08-30,Democratic People's Republic of Korea • Republic of Korea,"100,944",News,Heavy rain,205,"535,000",1.0,6.6
1097,,1996-07-22,1996-08-03,Philippines,"23,203",News,Heavy rain,89,"40,000",1.0,5.5
1095,,1996-07-20,1996-07-23,Nepal,"3,253",News,Monsoonal rain,61,72,1.0,4.1
1093,,1996-07-19,1996-07-22,Canada,"52,912",News,Heavy rain,10,"12,000",1.0,5.3
1094,,1996-07-19,1996-08-02,Bangladesh,"69,103",News,Monsoonal rain,50,"2,300,000",1.0,6.0
1096,,1996-07-19,1996-07-25,China,"17,022",News,Heavy rain,0,0,1.0,5.1
1091,,1996-07-18,1996-08-21,Thailand,"314,300",News,Tropical cyclone,29,"343,386",1.0,7.0
1092,,1996-07-18,1996-07-21,United States of America,"53,522",News,Heavy rain,2,115,2.0,5.6
1090,,1996-07-17,1996-08-10,India,"171,939",News,Heavy rain,74,"4,000,000",1.0,6.6
1089,,1996-07-15,1996-07-18,Liberia,"18,255",News,Torrential rain,0,0,1.0,4.9
1087,,1996-07-12,1996-07-16,Iran (Islamic Republic of),"101,579",News,Heavy rain,25,0,1.0,5.7
1088,,1996-07-10,1996-07-24,India,"128,967",News,Monsoonal rain,82,"3,000,000",1.0,6.3
1086,,1996-07-05,1996-07-10,Indonesia,"10,103",News,Heavy rain,0,"18,000",1.0,4.8
1084,,1996-07-03,1996-07-07,Russian Federation,"614,643",News,Heavy rain,0,"220,000",1.0,6.5
1085,,1996-07-01,1996-07-20,Venezuela (Bolivarian Republic of),"179,131",News,Heavy rain,0,"15,000",2.0,6.9
1083,,1996-06-30,1996-07-08,China,"236,745",News,Heavy rain,43,"271,200",2.0,6.6
1082,,1996-06-27,1996-07-09,Bangladesh,"59,267",News,Monsoonal rain,6,"72,000",1.0,5.9
1079,,1996-06-19,1996-06-23,Italy,"66,765",News,Heavy rain,17,300,1.0,5.5
1076,,1996-06-13,1996-06-14,Somalia,"4,533",News,Heavy rain,3,400,1.0,4.0
1078,,1996-06-13,1996-06-25,China,"233,547",News,Heavy rain,340,"37,770",2.0,6.8
1080,,1996-06-10,1996-06-30,India,"328,727",News,Monsoonal rain,63,"20,000",1.0,6.8
1081,,1996-06-10,1996-06-30,United States of America,"18,336",News,Heavy rain,0,0,1.0,5.6
1077,,1996-05-30,1996-06-02,China,"150,092",News,Heavy rain,0,"22,800",1.0,5.8
1075,,1996-05-29,1996-06-10,Ethiopia,"355,426",News,Heavy rain,40,"50,000",1.0,6.7
1074,,1996-05-16,1996-05-20,Indonesia,869,News,Heavy rain,4,0,1.0,3.6
1072,,1996-05-14,1996-05-18,Yemen,"19,293",News,Heavy rain,7,"5,000",1.0,5.0
1073,,1996-05-14,1996-05-18,Yemen,"190,981",News,Heavy rain,0,0,1.0,6.0
1070,,1996-05-13,1996-05-20,United States of America,"394,868",News,Heavy rain,3,"2,500",1.0,6.5
1071,,1996-05-13,1996-05-20,United States of America,"63,664",News,Heavy rain,0,0,1.0,5.7
1069,,1996-05-10,1996-05-14,Czechia,"9,856",News,Heavy rain,1,60,2.0,5.0
1068,,1996-05-02,1996-05-09,Australia,"330,398",News,Heavy rain,4,120,2.0,6.7
1066,,1996-04-23,1996-04-30,Brazil,"18,677",News,Heavy rain,53,"3,000",1.0,5.2
1067,,1996-04-23,1996-04-30,Algeria,"101,897",News,Heavy rain,5,0,1.0,5.9
1063,,1996-04-10,1996-04-22,Ukraine,"592,493",News,Snowmelt,0,"10,000",1.0,6.9
1065,,1996-04-09,1996-04-23,Afghanistan,"226,990",News,Heavy rain,115,"120,000",1.0,6.5
1064,,1996-04-08,1996-04-11,Kenya,"12,428",News,Heavy rain,0,"1,000",1.0,4.7
1061,,1996-03-28,1996-04-01,Iran (Islamic Republic of),"121,599",News,Heavy rain,22,0,1.0,5.8
1062,,1996-03-27,1996-03-31,Indonesia,"67,734",News,Heavy rain,20,506,1.0,5.5
1060,,1996-03-01,1996-03-03,Indonesia,"15,779",News,Heavy rain,0,"18,584",1.0,4.7
1058,,1996-02-13,1996-02-15,Brazil,"142,941",News,Heavy rain,87,"10,000",2.0,5.9
1059,,1996-02-13,1996-02-29,Mozambique,"264,690",News,Tropical cyclone,11,"200,000",1.0,6.7
1055,,1996-02-09,1996-02-13,Indonesia,"1,192",News,Heavy rain,20,"30,000",2.0,4.1
1057,,1996-02-09,1996-02-19,South Africa,"582,349",News,Heavy rain,66,"3,000",2.0,7.1
1054,,1996-02-07,1996-02-14,Costa Rica,"7,452",News,Heavy rain,9,"100,000",1.0,4.8
1056,,1996-02-07,1996-02-13,United States of America,"482,618",News,Heavy rain,7,"24,900",1.0,6.5
1053,,1996-02-06,1996-02-10,South Africa,"5,036",News,Heavy rain,1,100,1.0,4.4
1051,,1996-01-27,1996-01-30,France,"2,140",News,Heavy rain,4,600,1.0,3.9
1052,,1996-01-27,1996-01-29,Mozambique,"12,621",News,Heavy rain,0,0,1.0,4.6
1050,,1996-01-24,1996-01-27,South Africa,"91,483",News,Heavy rain,4,"1,200",1.0,5.6
1049,,1996-01-21,1996-02-01,Morocco,"280,207",News,Heavy rain,23,"2,400",1.0,6.5
1048,,1996-01-19,1996-01-25,Canada,"1,270",News,Ice jam/break-up,0,"12,000",1.0,3.9
1047,,1996-01-16,1996-01-22,Zimbabwe,"18,896",News,Heavy rain,0,0,2.0,5.4
1046,,1996-01-15,1996-01-21,United States of America,"136,059",News,Snowmelt,35,"200,000",1.0,6.0
1045,,1996-01-14,1996-01-16,Panama,"31,005",News,Heavy rain,6,0,1.0,5.0
1044,,1996-01-12,1996-01-15,Mozambique,"9,872",News,Heavy rain,0,"5,000",1.0,4.6
1042,,1996-01-06,1996-01-09,Indonesia,"1,174",News,Heavy rain,10,"28,000",1.0,3.7
1043,,1996-01-06,1996-01-12,Philippines,"4,872",News,Heavy rain,0,"2,000",1.0,4.5
1040,,1995-12-28,1996-01-07,Romania,"186,991",News,Heavy rain,2,"19,000",2.0,6.6
1041,,1995-12-25,1996-01-08,Brazil,"1,407,836",News,Heavy rain,100,"30,000",1.0,7.3
1037,,1995-12-24,1995-12-27,Philippines,"19,778",News,Heavy rain,18,"6,000",1.0,4.9
1038,,1995-12-24,1995-12-27,Philippines,"10,939",News,Heavy rains,0,0,1.0,4.6
1039,,1995-12-24,1995-12-27,South Africa,"26,829",News,Heavy rain,18,"6,000",1.0,5.0
1036,,1995-12-19,1996-01-02,United Arab Emirates,"2,987",News,Heavy rain,0,"4,000",1.0,4.7
1035,,1995-12-10,1995-12-16,Philippines,"6,967",News,Torrential rain,12,"9,000",1.0,4.7
1034,,1995-11-29,1995-12-07,Canada,"31,440",News,Rain and snowmelt,0,0,2.0,5.8
1033,,1995-11-28,1995-12-10,United States of America,"111,710",News,Rain and snowmelt,2,"15,000",2.0,6.5
1032,,1995-11-10,1995-11-13,Bangladesh,"20,680",News,Tropical cyclone,45,0,1.0,4.9
1029,,1995-11-04,1995-11-05,Saudi Arabia,"34,495",News,Heavy rain,5,0,2.0,5.1
1030,,1995-11-04,1995-11-08,Türkiye,"14,860",News,Heavy rain,62,"4,800",2.0,5.2
1031,,1995-11-04,1995-11-07,Somalia,"6,308",News,Heavy rain,20,300,1.0,4.4
1028,,1995-10-28,1995-11-05,Philippines,"209,708",News,Tropical cyclone,765,"766,000",1.0,6.3
1027,,1995-10-20,1995-10-23,India,"262,803",News,Tropical cyclone,94,"12,000",1.0,6.0
1025,,1995-10-13,1995-10-28,United States of America,"34,849",News,Heavy rain,0,600,1.0,5.7
1026,,1995-10-13,1995-11-12,Azerbaijan,"14,036",News,Heavy rain,5,"5,200",1.0,5.6
1024,,1995-10-12,1995-10-19,Mexico,"224,975",News,Tropical cyclone,17,"70,000",1.0,6.3
1021,,1995-10-10,1995-11-09,Benin,"18,117",News,Heavy rain,0,"57,500",1.0,5.7
1023,,1995-10-10,1995-10-20,Panama,"13,740",News,Heavy rain,1,500,1.0,5.2
1019,,1995-10-09,1995-10-26,Philippines,"7,275",News,Tropical cyclone,100,"450,000",1.0,5.1
1020,,1995-10-09,1995-10-12,Sri Lanka,"5,265",News,Heavy rain,6,"1,000",1.0,4.3
1018,,1995-10-08,1995-11-15,Viet Nam,"26,966",News,Tropical cyclone,253,"212,000",1.0,6.0
1022,,1995-10-06,1995-11-09,Costa Rica,"11,552",News,Tropical cyclone,0,"22,500",2.0,5.9
1017,,1995-10-04,1995-10-08,United States of America,"203,496",News,Tropical cyclone,19,"100,000",2.0,6.3
1016,,1995-10-01,1995-10-19,Nicaragua,"10,841",News,Heavy rain,38,"22,000",1.0,5.3
1013,,1995-09-30,1995-10-03,Philippines,"189,621",News,Tropical cyclone,150,"176,000",1.0,5.9
1015,,1995-09-30,1995-10-02,Mexico,"196,527",News,Tropical cyclone,10,"100,000",1.0,5.8
1012,,1995-09-29,1995-10-16,Bangladesh,"61,581",News,Monsoonal rain,400,"5,300,000",1.0,6.0
1014,,1995-09-29,1995-09-30,Cuba,"11,848",News,Tropical cyclone,0,"4,000",1.0,4.4
1011,,1995-09-27,1995-10-12,El Salvador,"18,229",News,Heavy rain,8,"10,000",1.0,5.5
1009,,1995-09-26,1995-10-10,Myanmar,"164,736",News,Heavy rain,50,"20,000",1.0,6.4
1010,,1995-09-26,1995-10-02,India,"308,073",News,Monsoonal rain,144,"510,000",1.0,6.3
1006,,1995-09-24,1995-10-24,Chad,"517,355",News,Heavy rain,1,0,1.0,7.2
1007,,1995-09-24,1995-10-01,Mauritania,"144,865",News,Heavy rain,0,"95,000",1.0,6.1
1008,,1995-09-24,1995-10-08,Senegal,"47,808",News,Heavy rain,0,0,1.0,5.9
1005,,1995-09-23,1995-09-24,Japan,"90,343",News,Tropical cyclone,3,"3,800",1.0,5.3
1004,,1995-09-22,1995-09-24,Algeria,"62,915",News,Torrential rain,5,0,1.0,5.3
1001,,1995-09-21,1995-09-24,Albania,"17,072",News,Heavy rain,4,0,1.0,4.8
1002,,1995-09-21,1995-09-28,Togo • Benin,"102,567",News,Heavy rain,19,"30,000",1.0,5.9
1003,,1995-09-21,1995-10-19,Viet Nam,"122,975",News,Heavy rain,153,"920,000",1.0,6.6
997,,1995-09-18,1995-10-02,Cambodia,"52,119",News,Monsoonal rain,0,"1,348",1.0,5.9
998,,1995-09-18,1995-09-25,Lao People's Democratic Republic,"72,536",News,Monsoonal rain,0,"40,000",1.0,5.8
1000,,1995-09-18,1995-10-16,United States of America,"50,390",News,Heavy rain,0,300,2.0,6.5
999,,1995-09-17,1995-09-22,Malaysia,"1,276",News,Heavy rain,0,"5,120",1.0,3.9
995,,1995-09-15,1995-09-18,Japan,"16,375",News,Tropical cyclone,3,500,2.0,5.1
996,,1995-09-14,1995-09-22,Mexico,"168,618",News,Tropical cyclone,50,"25,000",1.0,6.2
994,,1995-09-09,1995-09-12,Honduras,"9,442",News,Heavy rain,30,"6,000",1.0,4.6
992,,1995-09-05,1995-09-08,India,"6,521",News,Monsoonal rain,35,0,1.0,4.4
993,,1995-09-05,1995-09-18,Martinique,"51,663",News,Tropical cyclone,20,"24,000",1.0,5.9
989,,1995-09-04,1995-09-15,Philippines,"14,894",News,Heavy rain,180,"50,000",1.0,5.3
991,,1995-09-03,1995-09-06,Morocco,"99,919",News,Heavy rain,43,228,1.0,5.6
990,,1995-09-01,1995-09-20,India,"762,937",News,Monsoonal rain,600,"2,000,000",1.0,7.2
988,,1995-08-29,1995-09-06,Philippines,"23,531",News,Monsoonal rain,3,"45,000",1.0,5.3
986,,1995-08-26,1995-08-28,Dominica • Martinique • Saint Lucia • Saint Vincent and the Grenadines • Grenada,"8,339",News,Tropical cyclone,3,0,1.0,4.4
987,,1995-08-26,1995-08-29,United States of America,"176,801",News,Heavy rain,8,300,1.0,5.8
984,,1995-08-24,1995-08-27,Republic of Korea,"33,972",News,Extra-tropical cyclone,53,"16,000",1.0,5.1
985,,1995-08-19,1995-08-26,Albania,"11,109",News,Heavy rain,5,0,1.0,4.9
983,,1995-08-17,1995-08-18,Morocco,"132,476",News,Heavy rain,166,210,2.0,5.7
982,,1995-08-16,1995-08-23,Bangladesh,"42,133",News,Monsoonal rain,26,"1,000,000",1.0,5.5
981,,1995-08-11,1995-08-18,Ethiopia,"195,894",News,Heavy rain,44,"2,000",1.0,6.2
979,,1995-08-07,1995-08-18,United States of America,"118,253",News,Heavy rain,4,"1,000",1.0,6.2
980,,1995-08-07,1995-08-10,Nigeria,"19,768",News,Heavy rain,30,0,1.0,4.9
978,,1995-08-04,1995-08-23,Guatemala • Mexico,"158,688",News,Heavy rain,17,"7,100",1.0,6.5
975,,1995-08-01,1995-09-08,Democratic People's Republic of Korea,"120,709",News,Heavy rain,68,"500,000",2.0,7.0
976,,1995-08-01,1995-11-09,Thailand,"444,498",News,Heavy rain,260,"4,220,000",2.0,8.0
974,,1995-07-29,1995-07-31,Philippines,"9,190",News,Tropical cyclone,0,"20,000",1.0,4.4
977,,1995-07-25,1995-08-28,China,"325,415",News,Heavy rain,123,"3,000,000",2.0,7.4
973,,1995-07-19,1995-08-10,Pakistan,"672,265",News,Monsoonal rain,600,"600,000",1.0,7.2
968,,1995-07-05,1995-07-05,Paraguay,"50,608",News,Heavy rain,0,"27,000",1.0,4.7
969,,1995-07-05,1995-07-19,China,"231,371",News,Heavy rain,65,"25,000",2.0,6.8
970,,1995-07-05,1995-07-12,Canada,"184,529",News,Heavy rain,0,"5,000",1.0,6.2
971,,1995-07-05,1995-07-07,Ghana,"120,780",News,Heavy rain,22,"55,000",2.0,5.9
972,,1995-07-04,1995-07-22,Bangladesh,"15,622",News,Monsoonal rain,250,"15,000,000",1.0,5.5
967,,1995-07-03,1995-07-05,Togo,"3,635",News,Torrential rain,3,"150,000",1.0,4.0
966,,1995-07-01,1995-07-11,Georgia,"8,422",News,Heavy rain,5,0,1.0,5.0
965,,1995-06-29,1995-07-11,Ukraine,"5,184",News,Heavy rain,0,0,1.0,4.8
964,,1995-06-21,1995-06-23,Cuba,"56,147",News,Heavy rain,3,"5,000",1.0,5.2
963,,1995-06-20,1995-06-23,India,"102,906",News,Monsoonal rain,17,"1,000,000",1.0,5.6
962,,1995-06-19,1995-07-25,Nepal,"71,916",News,Monsoonal rain,139,"10,000",1.0,6.4
961,,1995-06-16,1995-06-23,Bangladesh,"68,353",News,Monsoonal rain,105,"2,000,000",1.0,5.7
960,,1995-06-15,1995-06-25,Azerbaijan,"80,964",News,Heavy rain,0,"1,500,000",1.0,5.9
959,,1995-06-02,1995-06-03,India,"20,148",News,Heavy rain,40,"3,200",1.0,4.6
957,,1995-06-01,1995-06-05,Germany,"57,984",News,Heavy rain,4,0,1.0,5.5
958,,1995-06-01,1995-06-14,Norway,"162,737",News,Rain and snowmelt,1,"4,000",2.0,6.7
956,,1995-05-31,1995-06-03,Iran (Islamic Republic of),"29,482",News,Torrential rain,10,200,1.0,5.1
955,,1995-05-27,1995-06-01,United Republic of Tanzania,"5,077",News,Heavy rain,4,"20,000",1.0,4.5
954,,1995-05-23,1995-05-26,Romania,"31,757",News,Heavy rain,0,"1,000",1.0,5.1
953,,1995-05-17,1995-05-24,Bangladesh,"61,218",News,Heavy rain,41,"351,000",1.0,5.7
952,,1995-05-15,1995-08-15,China,"1,668,230",News,Heavy rain,"1,530","7,000,000",2.0,8.5
950,,1995-05-10,1995-06-01,United States of America,"472,142",News,Heavy rain,3,"5,000",1.0,7.0
948,,1995-05-07,1995-05-13,United States of America,"19,345",News,Heavy rain,6,"20,000",1.0,5.1
951,,1995-05-07,1995-05-11,Sri Lanka,"27,549",News,Heavy rain,1,"40,000",1.0,5.1
949,,1995-05-01,1995-05-13,Indonesia,"46,605",News,Heavy rain,55,"17,500",1.0,5.8
947,,1995-04-28,1995-05-15,Ethiopia,"67,450",News,Heavy rain,27,"89,875",2.0,6.4
946,,1995-04-24,1995-04-30,Italy,"24,762",News,Rain and snowmelt,3,0,1.0,5.2
945,,1995-04-21,1995-04-23,Iran (Islamic Republic of),"147,607",News,Torrential rain,9,50,1.0,5.6
943,,1995-04-20,1995-04-21,China,"169,667",News,Heavy rain,40,"300,000",1.0,5.5
944,,1995-04-19,1995-04-21,Afghanistan,"15,370",News,Heavy rain,10,"6,000",1.0,4.7
942,,1995-04-06,1995-04-11,Argentina,"303,424",News,Heavy rain,6,"6,000",2.0,6.6
941,,1995-03-14,1995-03-14,Russian Federation,"115,669",News,Heavy rain,2,"2,400",1.0,5.1
940,,1995-03-08,1995-03-20,United States of America,"196,020",News,Rain and snowmelt,15,"10,000",1.0,6.4
938,,1995-03-05,1995-03-13,Australia,"990,198",News,Extra-tropical cyclone,7,0,2.0,7.3
939,,1995-03-04,1995-03-10,United Republic of Tanzania,"36,217",News,Heavy rain,0,"2,000",1.0,5.4
937,,1995-02-23,1995-03-02,Botswana,"31,144",News,Heavy rain,20,"2,000",1.0,5.4
936,,1995-02-14,1995-02-21,Paraguay,"49,343",News,Heavy rain,0,"20,000",1.0,5.6
935,,1995-02-06,1995-02-13,Brazil,"17,901",News,Heavy rain,27,"3,000",1.0,5.2
934,,1995-02-03,1995-02-17,Indonesia,"296,259",News,Heavy rain,47,"37,000",1.0,6.6
933,,1995-01-23,1995-02-07,France • Germany,"341,157",News,Rain and snowmelt,30,"294,100",2.0,7.0
932,,1995-01-20,1995-01-30,France,"27,725",News,Rain and snowmelt,16,"5,000",2.0,5.8
931,,1995-01-15,1995-01-20,Argentina,"155,950",News,Heavy rain,7,"1,000",1.0,6.0
930,,1995-01-09,1995-01-11,Indonesia,"91,179",News,Heavy rain,3,"10,000",1.0,5.4
929,,1995-01-08,1995-01-09,South Africa,"51,452",News,Heavy rain,0,0,1.0,5.0
928,,1995-01-07,1995-01-09,Malawi,"23,461",News,Heavy rain,1,0,1.0,4.8
927,,1995-01-03,1995-01-17,United States of America,"81,499",News,Heavy rain,11,"6,000",1.0,6.1
926,,1994-12-19,1994-12-23,Philippines,"51,066",News,Tropical cyclone,10,"548,000",1.0,5.4
925,,1994-12-09,1994-12-15,Djibouti,"2,677",News,Heavy rain,40,"100,000",1.0,4.3
924,,1994-12-02,1994-12-07,Indonesia,"38,746",News,Heavy rain,6,640,1.0,5.4
923,,1994-11-19,1994-11-21,Somalia,"16,608",News,Heavy rain,30,0,1.0,4.7
922,,1994-11-17,1994-11-22,Djibouti,"20,794",News,Heavy rain,70,"100,000",1.0,5.1
921,,1994-11-14,1994-11-28,Iran (Islamic Republic of),"271,235",News,Heavy rain,13,"40,000",1.0,6.6
920,,1994-11-12,1994-11-18,Ethiopia,"20,500",News,Heavy rain,22,0,1.0,5.2
918,,1994-11-06,1994-11-14,Jamaica,"11,114",News,Tropical cyclone,4,0,1.0,5.0
919,,1994-11-06,1994-11-14,Cuba,"84,994",News,Tropical cyclone,2,"100,000",1.0,5.9
917,,1994-11-05,1994-11-15,Haiti,"26,427",News,Tropical cyclone,400,0,1.0,5.5
916,,1994-11-04,1994-11-11,Somalia,"83,023",News,Heavy rain,100,0,1.0,5.8
915,,1994-11-02,1994-11-08,Egypt,"44,072",News,Heavy rain,593,"100,000",2.0,5.8
912,,1994-11-01,1994-11-10,Italy,"90,174",News,Heavy rain,83,"10,308",2.0,6.3
913,,1994-11-01,1994-11-04,Jordan,"68,725",News,Heavy rain,21,0,1.0,5.4
914,,1994-11-01,1994-11-04,Indonesia,"19,939",News,Heavy rain,31,0,1.0,4.9
911,,1994-10-30,1994-11-04,India,"110,658",News,Tropical cyclone,230,"16,000",1.0,5.8
909,,1994-10-27,1994-10-31,India,"89,230",News,Tropical cyclone,40,0,1.0,5.6
910,,1994-10-24,1994-10-27,Greece,"36,625",News,Heavy rain,14,"1,000",1.0,5.2
908,,1994-10-19,1994-10-20,China,"13,150",News,Heavy rain,17,0,1.0,4.4
906,,1994-10-18,1994-10-22,Philippines,"12,752",News,Tropical cyclone,4,"50,000",1.0,4.8
907,,1994-10-18,1994-10-22,Philippines,"13,654",News,Tropical cyclone,12,"12,480",1.0,4.8
905,,1994-10-17,1994-10-23,United States of America,"72,987",News,Heavy rain,19,"10,000",1.0,5.7
904,,1994-10-09,1994-10-13,Guatemala,"45,757",News,Heavy rain,10,0,1.0,5.4
903,,1994-09-21,1994-09-26,Algeria,"108,181",News,Heavy rain,32,"1,200",1.0,5.8
902,,1994-09-19,1994-09-24,Philippines,"4,146",News,Monsoonal Rain,16,"10,000",1.0,4.4
901,,1994-09-17,1994-09-26,Russian Federation,"140,071",News,Heavy rain,13,"700,000",2.0,6.4
900,,1994-09-16,1994-09-20,Burkina Faso,"271,870",News,Heavy rain,4,"4,000",1.0,6.1
899,,1994-09-11,1994-09-15,Nigeria • Niger,"317,262",News,Heavy rain,142,"180,000",1.0,6.2
898,,1994-09-09,1994-09-14,Cameroon,"11,416",News,Heavy rain,6,400,1.0,4.8
897,,1994-09-03,1994-12-18,Thailand,"65,261",News,Heavy rain,407,"2,000,000",2.0,7.1
895,,1994-09-02,1994-09-07,India,"154,649",News,Monsoonal Rain,0,0,1.0,6.0
896,,1994-09-02,1994-09-03,Italy,"30,591",News,Torrential rain,3,0,1.0,4.8
894,,1994-08-31,1994-09-05,India,"5,275",News,Monsoonal Rain,20,0,1.0,4.5
893,,1994-08-30,1994-09-07,Thailand,"159,977",News,Tropical cyclone,10,0,1.0,6.2
891,,1994-08-26,1994-08-30,Republic of Korea,"22,406",News,Heavy rain,5,"2,000",1.0,5.0
892,,1994-08-26,1994-09-02,India,"44,159",News,Monsoonal Rain,26,0,1.0,5.5
890,,1994-08-25,1994-08-31,Ethiopia,"163,207",News,Heavy rain,87,"6,000",1.0,6.1
889,,1994-08-24,1994-08-29,Republic of Moldova,"33,682",News,Heavy rain,47,"1,300",1.0,5.3
888,,1994-08-22,1994-08-27,Pakistan,"17,317",News,Torrential rain,24,0,1.0,5.0
884,,1994-08-21,1994-08-24,China,"206,026",News,Tropical cyclone,762,"600,000",2.0,6.2
886,,1994-08-20,1994-08-24,Ecuador,"39,019",News,Heavy rain,5,500,1.0,5.3
887,,1994-08-20,1994-08-23,India,"14,450",News,Torrential rain,9,0,1.0,4.8
885,,1994-08-15,1994-08-18,Ethiopia,"21,306",News,Heavy rain,18,0,1.0,4.9
883,,1994-08-09,1994-08-15,Pakistan,"318,188",News,Monsoonal Rain,26,"40,000",1.0,6.3
880,,1994-08-08,1994-08-10,India,"16,796",News,Torrential rain,11,0,1.0,4.7
882,,1994-08-08,1994-08-11,Afghanistan,"19,784",News,Heavy rain,2,0,1.0,4.9
875,,1994-08-07,1994-08-16,Taiwan (Province of China),"27,169",News,Tropical cyclone,9,"3,600",2.0,5.7
873,,1994-08-06,1994-08-10,Philippines,"18,142",News,Tropical cyclone,0,0,1.0,5.0
878,,1994-08-06,1994-08-10,China,"3,850",News,Tropical cyclone,14,0,1.0,4.3
876,,1994-08-05,1994-08-08,Russian Federation,"32,566",News,Heavy rain,20,"1,000",1.0,5.1
877,,1994-08-04,1994-08-17,Sudan,"1,094,010",News,Heavy rain,8,"2,000",2.0,7.5
879,,1994-08-04,1994-08-11,India,"292,131",News,Monsoonal Rain,53,"3,000",1.0,6.4
872,,1994-08-01,1994-08-04,Taiwan (Province of China),"16,588",News,Tropical cyclone,10,0,1.0,4.8
881,,1994-08-01,1994-08-10,Niger,"594,753",News,Heavy rain,27,"20,000",1.0,6.8
874,,1994-07-30,1994-08-08,Cambodia,"40,128",News,Tropical cyclone,6,"22,000",1.0,5.6
870,,1994-07-28,1994-08-03,Ethiopia,"20,899",News,Heavy rain,4,"30,000",1.0,5.2
871,,1994-07-28,1994-08-02,Thailand,"124,812",News,Tropical cyclone,9,"10,000",1.0,5.9
867,,1994-07-23,1994-08-13,China,"1,066,165",News,Heavy rain,128,"2,000,000",2.0,7.7
869,,1994-07-23,1994-08-03,Philippines,"22,004",News,Tropical cyclone,37,"264,837",1.0,5.4
866,,1994-07-22,1994-07-27,China,"2,987",News,Heavy rain,10,"2,000",2.0,4.6
868,,1994-07-22,1994-08-02,Philippines,"25,395",News,Monsoonal Rain,2,"18,000",1.0,5.5
864,,1994-07-15,1994-07-20,Philippines,"12,359",News,Tropical cyclone,8,"114,674",1.0,4.9
865,,1994-07-15,1994-07-31,Viet Nam,"17,601",News,Heavy rain,21,172,2.0,5.8
862,,1994-07-11,1994-07-18,China,"183,807",News,Heavy rain,41,0,1.0,6.2
863,,1994-07-11,1994-09-16,Pakistan,"343,252",News,Monsoonal rain,333,"30,000",1.0,7.4
861,,1994-07-10,1994-07-16,Philippines,"37,087",News,Tropical cyclone,0,0,1.0,5.4
860,,1994-07-09,1994-07-11,Iran (Islamic Republic of),"155,501",News,Heavy rain,24,0,1.0,5.7
859,,1994-07-04,1994-07-08,Pakistan,"21,186",News,Heavy rain,12,0,1.0,5.0
858,,1994-07-03,1994-07-12,India,"52,339",News,Monsoonal rain,60,0,1.0,5.7
857,,1994-07-02,1994-07-07,Russian Federation,"322,785",News,Heavy rain,4,0,1.0,6.3
855,,1994-07-01,1994-07-24,India,"1,981,837",News,Monsoonal rain,617,"800,000",1.0,7.7
856,,1994-07-01,1994-07-15,United States of America,"167,723",News,Tropical cyclone,32,"20,000",1.0,6.4
854,,1994-06-24,1994-06-28,South Africa,"11,393",News,Heavy rain,2,"3,000",2.0,5.1
853,,1994-06-22,1994-06-27,United States of America,"13,311",News,Heavy rain,2,0,1.0,4.9
852,,1994-06-14,1994-06-22,Bangladesh,"6,360",News,Monsoonal rain,1,0,1.0,4.8
851,,1994-06-09,1994-06-29,China,"1,015,420",News,Heavy rain,719,0,2.0,7.6
850,,1994-06-05,1994-06-09,Colombia,"27,784",News,Avalanche related,2,240,1.0,5.1
849,,1994-06-01,1994-06-06,Bangladesh,"11,310",News,Monsoonal rain,6,"11,000",1.0,4.8
848,,1994-05-31,1994-06-01,Armenia,"3,590",News,Dam/Levy break or release,5,400,1.0,3.9
847,,1994-05-28,1994-05-30,Russian Federation,"22,905",News,Heavy rain,2,0,1.0,4.8
846,,1994-05-25,1994-05-28,Sri Lanka,"3,395",News,Monsoonal rain,7,0,1.0,4.1
844,,1994-05-01,1994-05-03,China,"165,722",News,Heavy rain,95,0,1.0,5.7
845,,1994-05-01,1994-05-09,China,"121,675",News,Heavy rain,70,"2,000",2.0,6.3
843,,1994-04-30,1994-05-02,Uganda,"9,570",News,Heavy rain,11,0,1.0,4.5
842,,1994-04-19,1994-04-23,Bangladesh,"22,176",News,Tropical cyclone,20,"12,000",1.0,5.0
841,,1994-04-09,1994-04-18,United States of America,"644,301",News,Rain and snowmelt,6,"4,000",1.0,6.8
840,,1994-04-06,1994-04-14,Russian Federation,"463,435",News,Snowmelt,13,"2,795",1.0,6.6
839,,1994-03-29,1994-04-02,Bangladesh,"2,275",News,Heavy rain,16,"100,000",1.0,4.1
836,,1994-03-24,1994-03-28,United States of America,"179,822",News,Torrential rain,35,0,1.0,6.0
837,,1994-03-24,1994-03-26,Jordan,"3,809",News,Heavy rain,9,300,1.0,4.1
835,,1994-03-23,1994-03-26,Indonesia,"36,275",News,Heavy rain,12,"83,125",1.0,5.2
838,,1994-03-18,1994-03-31,Philippines,"36,858",News,Heavy rain,9,"16,821",1.0,5.7
834,,1994-03-17,1994-03-22,Russian Federation,"72,009",News,Heavy rain,7,0,1.0,5.6
833,,1994-03-12,1994-03-16,Indonesia,"1,823",News,Heavy rain,5,"50,000",1.0,4.0
832,,1994-03-11,1994-03-14,Iran (Islamic Republic of),"26,419",News,Heavy rain,4,80,1.0,5.0
831,,1994-02-27,1994-03-06,Peru,"27,660",News,Heavy rain,17,"120,000",2.0,5.6
830,,1994-02-26,1994-03-02,Bangladesh,"6,727",News,Heavy rain,13,0,1.0,4.5
829,,1994-02-11,1994-02-14,Indonesia,"19,422",News,Heavy rain,5,0,1.0,4.9
826,,1994-01-31,1994-02-02,Colombia,"4,299",News,Heavy rain,16,"60,000",1.0,4.1
827,,1994-01-31,1994-02-16,Madagascar,"142,993",News,Tropical cyclone,200,"50,000",1.0,6.4
828,,1994-01-31,1994-02-20,Peru,"609,261",News,Heavy rain,63,"12,000",1.0,7.1
825,,1994-01-28,1994-01-31,Indonesia,"59,037",News,Heavy rain,2,0,1.0,5.4
823,,1994-01-16,1994-01-20,Australia,"120,854",News,Tropical cyclone,13,0,1.0,5.8
824,,1994-01-16,1994-01-20,Papua New Guinea,"65,498",News,Tropical cyclone,9,0,1.0,5.5
822,,1994-01-12,1994-01-22,Indonesia,"10,208",News,Heavy rain,10,"50,700",1.0,5.1
821,,1994-01-09,1994-01-13,United Republic of Tanzania,"65,599",News,Heavy rain,31,"7,000",1.0,5.5
820,,1994-01-04,1994-01-08,Philippines,"44,226",News,Tropical cyclone,29,"14,000",1.0,5.3
819,,1993-12-30,1993-12-31,United Kingdom of Great Britain and Northern Ireland,"5,379",News,Heavy rain,0,300,1.0,4.0
818,,1993-12-29,1993-12-30,Papua New Guinea,"9,588",News,Heavy rain,14,"3,500",1.0,4.3
817,,1993-12-27,1993-12-28,Philippines,"1,267",News,Tropical cyclone,6,"12,000",1.0,3.4
816,,1993-12-26,1993-12-27,Indonesia,"4,052",News,Torrential rain,2,"8,000",1.0,3.9
815,,1993-12-23,1993-12-23,Israel,"3,181",News,Heavy rain,2,0,2.0,3.8
813,,1993-12-22,1993-12-27,Malaysia,"103,827",News,Monsoonal rain,23,"20,000",1.0,5.8
812,,1993-12-21,1993-12-31,France • Germany,"261,149",News,Torrential rain,11,"48,000",2.0,6.8
814,,1993-12-20,1993-12-24,Ukraine,"4,267",News,Heavy rain,5,"25,000",1.0,4.3
810,,1993-12-16,1993-12-18,Colombia,"1,958",News,Heavy rain,35,150,1.0,3.8
811,,1993-12-16,1993-12-29,Thailand,"42,416",News,Torrential rain,41,"2,000",1.0,5.8
809,,1993-12-15,1993-12-27,Sri Lanka,"24,713",News,Heavy rain,0,"500,000",2.0,5.8
808,,1993-12-09,1993-12-12,Costa Rica • Panama,"14,334",News,Heavy rain,4,"17,000",1.0,4.8
807,,1993-12-08,1993-12-15,Peru,"162,328",News,Heavy rain,0,"5,000",1.0,6.1
806,,1993-12-07,1993-12-15,China,"12,109",News,Ice jam/break-up,0,"5,200",1.0,5.0
805,,1993-12-05,1993-12-13,Philippines • Viet Nam,"46,913",News,Tropical cyclone,353,"598,000",1.0,5.6
804,,1993-12-04,1993-12-15,India,"7,969",News,Tropical cyclone,70,"45,000",1.0,5.0
801,,1993-11-29,1993-11-30,Iran (Islamic Republic of),989,News,Heavy rain,3,0,1.0,3.3
803,,1993-11-29,1993-12-01,Philippines,359,News,Heavy rain,27,0,1.0,3.0
802,,1993-11-27,1993-12-02,Thailand,"56,412",News,Torrential rain,11,0,1.0,5.5
800,,1993-11-24,1993-11-28,Cuba,"19,323",News,Torrential rain,30,"51,000",1.0,5.0
799,,1993-11-13,1993-11-16,United States of America,"33,628",News,Heavy rain,5,600,2.0,5.4
798,,1993-11-10,1993-11-14,India,"40,501",News,Heavy rain,95,0,1.0,5.3
795,,1993-11-04,1993-11-15,China,"1,017",News,Tropical cyclone,2,0,1.0,4.1
796,,1993-11-04,1993-11-06,Mexico,"1,667",News,Heavy rain,0,"10,000",1.0,3.7
797,,1993-11-03,1993-11-16,Indonesia,"44,228",News,Torrential rain,5,"3,000",1.0,5.8
793,,1993-10-31,1993-11-02,France,"1,692",News,Torrential rain,4,0,1.0,3.7
794,,1993-10-31,1993-11-03,Honduras,"6,656",News,Torrential rain,174,"15,000",1.0,4.4
792,,1993-10-19,1993-10-20,Algeria,"39,705",News,Heavy rain,22,0,1.0,4.9
791,,1993-10-11,1993-10-21,India,"40,595",News,Torrential rain,35,"40,000",1.0,5.6
790,,1993-10-06,1993-10-08,South Africa,"5,895",News,Heavy rain,12,300,1.0,4.2
789,,1993-10-05,1993-10-05,Trinidad and Tobago,"1,178",News,Torrential rain,5,0,1.0,3.1
787,,1993-10-04,1993-10-12,Philippines,"35,873",News,Heavy rain,57,"300,000",2.0,5.8
786,,1993-10-03,1993-10-15,Australia,"4,164",News,Torrential rain,0,"2,000",2.0,5.0
785,,1993-10-02,1993-10-03,Iran (Islamic Republic of),"7,202",News,Heavy rain,0,0,1.0,4.2
788,,1993-10-02,1993-10-12,Viet Nam,"29,438",News,Torrential rain,122,"15,000",2.0,5.8
784,,1993-09-28,1993-09-29,Mexico,"13,916",News,Heavy rain,0,"100,000",1.0,4.4
783,,1993-09-27,1993-09-28,China,280,News,Torrential rain,0,"1,200",2.0,3.0
781,,1993-09-22,1993-10-08,France • Italy,"51,314",News,Torrential rain,17,"1,700",2.0,6.2
782,,1993-09-22,1993-09-28,United States of America,"31,767",News,Torrential rain,0,"2,500",2.0,5.6
780,,1993-09-16,1993-09-22,Nicaragua • Costa Rica,"59,970",News,Torrential rain,50,"38,600",1.0,5.6
779,,1993-09-15,1993-09-15,Australia,"31,808",News,Torrential rain,0,800,1.0,4.5
778,,1993-09-09,1993-09-17,India • Nepal,"65,928",News,Heavy rain,232,"4,590",1.0,5.8
777,,1993-09-02,1993-09-04,Japan,882,News,Heavy rain,35,"5,000",1.0,3.4
768,,1993-08-30,1993-08-30,Peru,"134,856",News,Heavy rain,0,"300,000",1.0,5.1
774,,1993-08-27,1993-08-28,Japan,"2,421",News,Heavy rain,2,"3,000",1.0,3.7
776,,1993-08-27,1993-08-27,China,"6,845",News,Dam/Levy break or release,242,"3,000",1.0,3.8
772,,1993-08-21,1993-08-22,United States of America,579,News,Heavy rain,0,0,2.0,3.4
773,,1993-08-21,1993-08-23,Mexico,"22,339",News,Tropical cyclone,0,"3,000",1.0,4.8
775,,1993-08-21,1993-09-01,China,"77,050",News,Torrential rain,152,"21,000",1.0,6.0
771,,1993-08-20,1993-08-23,Republic of Korea,"11,570",News,Torrential rain,12,"3,000",1.0,4.7
770,,1993-08-19,1993-08-22,Philippines,"7,161",News,Heavy rain,5,"10,000",1.0,4.5
769,,1993-08-18,1993-08-23,Sudan,"30,815",News,Torrential rain,6,300,1.0,5.3
766,,1993-08-07,1993-08-12,Venezuela (Bolivarian Republic of) • Nicaragua,"75,802",News,Tropical cyclone,90,"47,800",1.0,5.7
767,,1993-08-04,1993-08-23,China,"112,506",News,Torrential rain,101,"2,577,000",1.0,6.4
763,,1993-07-31,1993-08-12,Russian Federation,"122,315",News,Torrential rain,4,"30,000",2.0,6.5
764,,1993-07-28,1993-08-07,Japan,"20,755",News,Heavy rain,73,"5,000",1.0,5.4
762,,1993-07-27,1993-08-01,China,"9,597",News,Heavy rain,41,"7,000",1.0,4.8
761,,1993-07-26,1993-08-15,China,"56,896",News,Heavy rain,72,"200,000",2.0,6.4
765,,1993-07-25,1993-08-12,Belarus • Ukraine,"85,364",News,Heavy rain,6,"42,000",1.0,6.2
757,,1993-07-08,1993-08-13,India • Nepal,"531,507",News,Monsoonal rain,"3,083","9,370,926",2.0,7.6
758,,1993-07-06,1993-07-06,France,"2,738",News,Torrential rain,2,100,1.0,3.4
756,,1993-07-05,1993-07-07,Mexico,"147,721",News,Heavy rain,28,"30,000",1.0,5.6
760,,1993-07-05,1993-07-15,Ethiopia,"180,415",News,Heavy rain,0,"120,000",1.0,6.3
759,,1993-07-03,1993-07-31,China,"118,962",News,Heavy rain,367,"1,003,000",1.0,6.5
755,,1993-06-26,1993-06-28,Philippines,"19,661",News,Monsoonal rain,5,"22,700",1.0,4.8
754,,1993-06-24,1993-08-23,United States of America,"444,971",News,Heavy rain,48,"31,000",2.0,7.7
752,,1993-06-21,1993-06-23,Mexico,"168,819",News,Heavy rain,9,"12,000",1.0,5.7
751,,1993-06-15,1993-07-08,China,"432,773",News,Heavy rain,132,"375,000",1.0,7.0
753,,1993-06-15,1993-06-30,Russian Federation,"3,547",News,Snowmelt,0,0,1.0,4.8
750,,1993-06-13,1993-06-17,Russian Federation,"23,269",News,Heavy rain,15,"3,000",1.0,5.1
749,,1993-06-11,1993-06-13,United Kingdom of Great Britain and Northern Ireland,"4,409",News,Heavy rain,8,"2,500",2.0,4.4
747,,1993-06-04,1993-06-22,India • Bangladesh,"259,046",News,Monsoonal rain,238,"950,000",1.0,6.7
746,,1993-06-02,1993-06-06,Taiwan (Province of China),"7,756",News,Heavy rain,10,0,1.0,4.6
745,,1993-05-31,1993-06-02,Haiti • Cuba,"73,170",News,Torrential rain,20,"40,000",1.0,5.3
743,,1993-05-29,1993-06-15,Somalia,"90,684",News,Heavy rain,0,0,1.0,6.2
744,,1993-05-28,1993-06-07,Sri Lanka,"13,958",News,Monsoonal rain,8,"100,000",1.0,5.2
742,,1993-05-26,1993-06-04,Kazakhstan,"213,194",News,Snowmelt,10,"30,000",1.0,6.3
748,,1993-05-25,1993-06-30,China,"444,779",News,Heavy rain,180,"17,150,000",1.0,7.2
741,,1993-05-19,1993-06-01,Jamaica,"3,212",News,Heavy rain,8,"1,600",1.0,4.7
740,,1993-05-11,1993-05-15,Argentina,"247,102",News,Heavy rain,0,0,1.0,6.1
739,,1993-05-07,1993-05-08,Tajikistan,"20,198",News,Heavy rain,0,"9,000",1.0,4.6
737,,1993-05-03,1993-05-03,Chile,"1,262",News,Heavy rain,21,"1,225",1.0,3.1
738,,1993-05-01,1993-05-07,China,"72,612",News,Heavy rain,65,"3,000",1.0,5.7
736,,1993-04-26,1993-05-01,Colombia,"3,592",News,Torrential rain,55,"2,000",1.0,4.3
734,,1993-04-17,1993-04-17,Iran (Islamic Republic of),"5,315",News,Heavy rain,1,"8,000",1.0,3.7
735,,1993-04-15,1993-04-15,Ecuador,"2,471",News,Torrential rain,77,"25,000",1.0,3.4
733,,1993-03-07,1993-03-12,United States of America,"25,231",News,Snowmelt,2,"1,500",1.0,5.2
732,,1993-02-23,1993-03-06,United States of America,"7,407",News,Heavy rain,1,"1,600",1.0,4.9
731,,1993-02-08,1993-02-12,United Republic of Tanzania,"42,112",News,Heavy rain,54,"2,900",1.0,5.3
730,,1993-02-05,1993-02-10,Yemen,"61,492",News,Heavy rain,31,"2,500",1.0,5.6
727,,1993-02-03,1993-02-22,Iran (Islamic Republic of),"625,232",News,Heavy rain,500,"300,000",1.0,7.1
728,,1993-02-01,1993-02-05,Philippines,"23,141",News,Monsoonal rain,23,"90,000",1.0,5.1
729,,1993-02-01,1993-02-05,Indonesia,"19,197",News,Monsoonal rain,54,"259,000",1.0,5.0
726,,1993-01-20,1993-01-21,United States of America,"42,375",News,Torrential rain,0,200,2.0,5.2
725,,1993-01-15,1993-01-18,United Kingdom of Great Britain and Northern Ireland,"2,045",News,Snowmelt,0,500,1.0,3.9
724,,1993-01-06,1993-01-20,Mexico • United States of America,"24,074",News,Heavy rain,36,"11,215",1.0,5.6
723,,1993-01-05,1993-01-05,Colombia,"26,876",News,Heavy rain,16,0,1.0,4.4
722,,1993-01-03,1993-01-06,Iran (Islamic Republic of),"103,107",News,Heavy rain,10,0,1.0,5.6
721,,1993-01-01,1993-01-03,Fiji • Solomon Islands,"9,804",News,Tropical cyclone,21,"10,000",1.0,4.5
720,,1992-12-25,1992-12-27,Zimbabwe,"140,745",News,Heavy rain,1,250,2.0,5.9
719,,1992-12-23,1992-12-25,Iran (Islamic Republic of),"626,123",News,Heavy rain,14,"3,600",1.0,6.3
718,,1992-12-22,1992-12-27,Philippines,"15,084",News,Heavy rain,6,"22,000",1.0,5.0
717,,1992-12-17,1992-12-19,Sri Lanka,"29,674",News,Monsoonal rain,0,0,1.0,4.9
716,,1992-11-30,1992-12-03,United Kingdom of Great Britain and Northern Ireland,"25,631",News,Heavy rain,0,400,1.0,5.0
714,,1992-11-29,1992-11-29,Thailand,"25,181",News,Tropical cyclone,3,0,1.0,4.4
715,,1992-11-29,1992-11-29,United States of America,83,News,Tropical cyclone,3,0,1.0,1.9
713,,1992-11-17,1992-11-19,Albania,"5,619",News,Torrential rain,7,"2,000",2.0,4.5
712,,1992-11-10,1992-11-15,Montenegro,"1,277",News,Heavy rain,0,0,1.0,3.9
711,,1992-10-31,1992-10-31,Italy,"3,332",News,Heavy rain,0,"1,000",1.0,3.5
709,,1992-10-28,1992-10-31,Viet Nam • Thailand,"69,559",News,Tropical cyclone,49,"3,000",1.0,5.4
710,,1992-10-28,1992-10-30,Philippines • Viet Nam,"56,290",News,Tropical cyclone,3,"3,300",1.0,5.2
708,,1992-10-20,1992-10-21,United Kingdom of Great Britain and Northern Ireland,"12,300",News,Heavy rain,3,0,1.0,4.4
707,,1992-10-10,1992-10-11,Australia,"6,763",News,Heavy rain,0,280,1.0,4.1
706,,1992-10-06,1992-10-18,Montenegro,"14,385",News,Heavy rain,6,"6,140",1.0,5.3
705,,1992-10-05,1992-10-09,Viet Nam,"51,510",News,Heavy rain,55,"7,579",1.0,5.4
701,,1992-09-28,1992-10-02,El Salvador • Honduras,"94,599",News,Heavy rain,7,"8,000",1.0,5.7
702,,1992-09-28,1992-09-29,Iran (Islamic Republic of),"24,061",News,Heavy rain,0,0,1.0,4.7
703,,1992-09-28,1992-09-28,Italy,"4,077",News,Heavy rain,2,0,1.0,3.6
704,,1992-09-28,1992-10-08,France • Italy,"135,575",News,Heavy rain,12,120,1.0,6.2
700,,1992-09-27,1992-09-27,France,"23,384",News,Heavy rain,3,0,1.0,4.4
698,,1992-09-22,1992-09-23,Nigeria,"42,369",News,Heavy rain,9,"13,000",1.0,4.9
699,,1992-09-22,1992-09-22,France,"22,746",News,Torrential rain,38,"2,000",2.0,4.7
697,,1992-09-21,1992-09-26,United Kingdom of Great Britain and Northern Ireland,"111,334",News,Heavy rain,0,0,2.0,6.1
696,,1992-09-20,1992-09-24,Ethiopia,"87,638",News,Heavy rain,0,300,1.0,5.6
695,,1992-09-17,1992-09-18,Mexico,"182,383",News,Heavy rain,2,0,1.0,5.6
694,,1992-09-12,1992-11-20,India • Sri Lanka,"552,562",News,Tropical cyclone,263,"20,000",2.0,7.9
693,,1992-09-10,1992-09-12,United States of America,"2,902",News,Tropical cyclone,3,"25,000",1.0,3.9
692,,1992-09-08,1992-09-18,Pakistan • India,"873,375",News,Monsoonal rain,"2,750","3,000,000",2.0,7.3
691,,1992-09-05,1992-09-16,Russian Federation,"72,752",News,Heavy rain,0,180,1.0,5.9
690,,1992-09-03,1992-09-03,Afghanistan,"47,999",News,Monsoonal rain,"3,000","4,000",1.0,4.7
689,,1992-09-02,1992-10-15,Indonesia,"98,560",News,Heavy rain,70,"15,000",1.0,6.6
688,,1992-09-01,1992-09-01,Nicaragua,"12,150",News,Tidal surge,100,"16,000",1.0,4.1
687,,1992-08-30,1992-08-30,Australia,"12,878",News,Torrential rain,2,0,2.0,4.4
686,,1992-08-29,1992-09-02,China • Taiwan (Province of China),"166,183",News,Heavy rain,168,"5,000,000",1.0,5.9
685,,1992-08-28,1992-08-28,Guam,516,News,Tropical cyclone,0,0,1.0,2.7
684,,1992-08-26,1992-08-27,United States of America,"68,137",News,Extra-tropical cyclone,20,"1,800,000",1.0,5.1
682,,1992-08-23,1992-08-23,Mexico,"85,945",News,Extra-tropical cyclone,3,"10,000",1.0,4.9
683,,1992-08-23,1992-08-31,Sudan,"741,568",News,Heavy rain,4,"1,600",1.0,6.8
681,,1992-08-16,1992-08-22,China,"33,607",News,Tropical cyclone,6,0,1.0,5.4
680,,1992-08-14,1992-09-29,Philippines,"70,410",News,Tropical cyclone,45,"250,000",2.0,6.8
678,,1992-08-10,1992-08-20,Myanmar,"33,972",News,Heavy rain,0,0,1.0,5.6
679,,1992-08-10,1992-08-15,Pakistan,"7,351",News,Monsoonal rain,22,"3,000",1.0,4.6
677,,1992-08-09,1992-08-09,United Kingdom of Great Britain and Northern Ireland,"23,848",News,Heavy rain,9,0,2.0,4.7
674,,1992-08-01,1992-08-20,China,"432,937",News,Heavy rain,111,0,1.0,6.9
675,,1992-08-01,1992-09-03,India,"518,125",News,Monsoonal rain,40,"2,000",1.0,7.2
676,,1992-08-01,1992-09-15,Burkina Faso,"266,253",News,Heavy rain,0,0,1.0,7.1
673,,1992-07-28,1992-07-31,Viet Nam,"6,224",News,Heavy rain,0,"38,000",1.0,4.4
672,,1992-07-26,1992-08-07,India,"44,021",News,Monsoonal rain,16,0,1.0,5.8
671,,1992-07-22,1992-07-23,China,"74,669",News,Tropical cyclone,1,0,1.0,5.2
670,,1992-07-21,1992-07-29,Philippines,"5,257",News,Tropical cyclone,20,0,1.0,4.7
669,,1992-07-20,1992-07-20,United Kingdom of Great Britain and Northern Ireland,"15,063",News,Heavy rain,0,120,1.0,4.2
668,,1992-07-15,1992-08-10,Pakistan,"137,573",News,Monsoonal rain,94,"1,280,000",1.0,6.6
667,,1992-07-10,1992-07-20,India,"28,222",News,Heavy rain,0,0,1.0,5.5
666,,1992-07-09,1992-07-10,Iran (Islamic Republic of),"19,184",News,Heavy rain,0,0,1.0,4.6
665,,1992-07-04,1992-07-12,Nepal,"16,330",News,Monsoonal rain,12,0,1.0,5.2
662,,1992-07-02,1992-07-09,Russian Federation,"83,464",News,Heavy rain,0,0,1.0,5.8
663,,1992-07-02,1992-07-05,China,"12,868",News,Heavy rain,0,0,2.0,5.0
664,,1992-07-02,1992-07-21,China,"65,829",News,Heavy rain,96,"254,472",2.0,6.4
661,,1992-06-30,1992-07-06,United States of America,"33,289",News,Heavy rain,0,600,1.0,5.4
660,,1992-06-29,1992-07-14,China,"392,988",News,Heavy rain,228,"172,000",2.0,7.1
659,,1992-06-25,1992-06-25,Bangladesh,"21,635",News,Monsoonal rain,2,"50,000",1.0,4.3
657,,1992-06-20,1992-06-21,Russian Federation,"35,738",News,Heavy rain,0,0,1.0,4.9
658,,1992-06-20,1992-06-24,Viet Nam,"10,794",News,Tropical cyclone,3,0,1.0,4.7
655,,1992-06-15,1992-06-15,Mozambique,"38,009",News,Heavy rain,53,0,1.0,4.6
656,,1992-06-15,1992-07-23,India,"752,429",News,Monsoonal rain,90,"8,000",1.0,7.5
654,,1992-06-13,1992-06-15,China,"1,233",News,Heavy rain,0,31,1.0,3.6
653,,1992-06-12,1992-08-01,China,"491,147",News,Heavy rain,93,"120,000",1.0,7.4
652,,1992-06-08,1992-06-08,Russian Federation,"9,487",News,Extra-tropical cyclone,0,0,1.0,4.0
650,,1992-06-05,1992-06-08,Sri Lanka,"11,671",News,Monsoonal rain,14,"100,000",2.0,5.0
651,,1992-06-05,1992-06-06,United States of America,"4,609",News,Heavy rain,0,250,1.0,4.0
649,,1992-06-01,1992-06-11,Uzbekistan,"16,364",News,Snowmelt,0,0,1.0,5.3
648,,1992-05-17,1992-05-18,Canada,"88,075",News,Ice jam/break-up,0,800,1.0,5.2
647,,1992-05-16,1992-05-17,Kyrgyzstan,"83,096",News,Heavy rain,4,"22,336",1.0,5.2
646,,1992-05-13,1992-05-26,Afghanistan,"48,119",News,Heavy rain,7,"100,000",1.0,5.8
645,,1992-05-03,1992-05-06,Papua New Guinea,"71,645",News,Heavy rain,0,"10,000",2.0,5.8
644,,1992-04-28,1992-04-28,Uzbekistan,"38,446",News,Heavy rain,0,0,1.0,4.6
643,,1992-04-24,1992-04-26,Canada,"1,537",News,Ice jam/break-up,0,100,1.0,3.7
642,,1992-04-15,1992-06-09,Tajikistan,"123,589",News,Heavy rain,200,500,1.0,6.8
641,,1992-04-03,1992-04-05,Italy,"7,027",News,Heavy rain,32,0,1.0,4.3
638,,1992-04-01,1992-07-02,Argentina • Brazil,"1,347,810",News,Heavy rain,37,"305,992",2.0,8.4
639,,1992-04-01,1992-04-03,United Kingdom of Great Britain and Northern Ireland,"14,729",News,Heavy rain,0,100,1.0,4.6
640,,1992-04-01,1992-05-08,China,"1,371",News,Heavy rain,5,"3,000",2.0,5.0
636,,1992-03-28,1992-06-08,Iran (Islamic Republic of),"1,151,219",News,Heavy rain,105,"48,000",2.0,8.2
637,,1992-03-24,1992-05-08,Ecuador,"109,522",News,Heavy rain,22,"10,000",1.0,6.7
634,,1992-03-15,1992-04-23,China,"545,359",News,Heavy rain,248,"210,000",2.0,7.6
635,,1992-03-15,1992-05-02,China,"542,310",News,Heavy rain,59,0,1.0,7.4
632,,1992-03-14,1992-03-14,Australia,"53,884",News,Tropical cyclone,0,0,1.0,4.7
633,,1992-03-14,1992-03-14,Canada,387,News,Torrential rain,0,53,2.0,2.9
631,,1992-03-12,1992-03-14,United States of America,"1,311",News,Ice jam/break-up,0,0,2.0,3.9
630,,1992-03-10,1992-03-11,Bolivia (Plurinational State of),"204,591",News,Heavy rain,4,"5,125",1.0,5.6
629,,1992-03-04,1992-03-06,United States of America,"6,381",News,Heavy rain,1,0,1.0,4.3
628,,1992-03-03,1992-03-25,Peru,"40,568",News,Heavy rain,0,"32,000",2.0,6.3
627,,1992-03-01,1992-03-02,Solomon Islands,"5,774",News,Tropical cyclone,0,40,1.0,4.1
626,,1992-02-27,1992-02-29,Canada,"7,997",News,Ice jam/break-up,0,"4,000",1.0,4.4
625,,1992-02-20,1992-02-26,Türkiye • Egypt,"81,543",News,Rain and snowmelt,200,"1,000",2.0,6.1
624,,1992-02-11,1992-02-14,Argentina,"192,706",News,Heavy rain,4,"12,200",2.0,6.2
623,,1992-02-10,1992-02-12,United States of America,"4,604",News,Heavy rain,8,0,2.0,4.4
622,,1992-02-06,1992-02-10,Cuba,"90,431",News,Heavy rain,0,"9,127",2.0,6.0
620,,1992-02-01,1992-02-12,Brazil,"1,073,672",News,Heavy rain,41,"15,600",1.0,7.1
621,,1992-02-01,1992-02-15,Israel • Syrian Arab Republic,"26,220",News,Heavy rain,15,"4,200",2.0,5.9
619,,1992-01-21,1992-01-29,Algeria,"12,836",News,Heavy rain,18,500,1.0,5.1
618,,1992-01-17,1992-01-18,Mexico,"478,329",News,Rain and snowmelt,50,"13,000",1.0,6.0
617,,1992-01-09,1992-01-09,United Kingdom of Great Britain and Northern Ireland,"18,380",News,Rain and snowmelt,0,0,1.0,4.3
615,,1992-01-05,1992-01-07,Argentina,"397,323",News,Torrential rain,53,"1,800",1.0,6.1
616,,1992-01-05,1992-01-08,Puerto Rico,"7,913",News,Heavy rain,20,600,1.0,4.5
613,,1992-01-04,1992-01-05,Brazil,"8,222",News,Heavy rain,25,"1,000",1.0,4.2
614,,1992-01-04,1992-01-06,Yemen,"3,771",News,Heavy rain,0,"24,200",1.0,4.1
612,,1992-01-02,1992-01-03,United Kingdom of Great Britain and Northern Ireland,"5,883",News,Heavy rain,1,30,1.0,4.1
611,,1991-12-31,1992-01-03,Israel • Jordan,"23,368",News,Rain and snowmelt,0,400,2.0,5.3
610,,1991-12-24,1991-12-30,Malaysia,"67,099",News,Heavy rain,11,0,1.0,5.7
609,,1991-12-23,1991-12-28,Lebanon,"10,184",News,Heavy rain,1,"2,000",1.0,4.8
608,,1991-12-18,1991-12-31,United States of America,"7,421",News,Heavy rain,15,"1,800",1.0,5.0
607,,1991-12-16,1991-12-22,Indonesia,"92,248",News,Heavy rain,2,"100,000",1.0,5.8
606,,1991-12-14,1991-12-16,United States of America,"1,320",News,Heavy rain,3,200,1.0,3.6
605,,1991-12-12,1991-12-15,Sri Lanka,"1,890",News,Heavy rain,0,"10,000",1.0,3.9
604,,1991-12-11,1991-12-12,French Polynesia,113,News,Tropical cyclone,2,0,1.0,2.4
603,,1991-12-07,1991-12-11,Iran (Islamic Republic of),"336,722",News,Heavy rain,22,0,1.0,6.2
602,,1991-12-05,1991-12-06,Egypt,"3,165",News,Dam/Levy break or release,0,"6,000",1.0,3.8
601,,1991-12-02,1991-12-03,United States of America,"210,360",News,Heavy rain,4,0,1.0,5.6
600,,1991-11-30,1991-12-02,Indonesia,"54,664",News,Heavy rain,0,0,1.0,5.2
599,,1991-11-16,1991-11-17,Brazil,"94,625",News,Heavy rain,12,"10,000",1.0,5.3
598,,1991-11-13,1991-11-18,India,"599,565",News,Heavy rain,90,"85,000",1.0,6.6
597,,1991-11-05,1991-11-08,Philippines,"20,705",News,Tropical cyclone,"6,315","28,000",2.0,5.2
596,,1991-10-28,1991-10-29,Philippines,"54,779",News,Tropical cyclone,43,"165,000",1.0,5.0
595,,1991-10-13,1991-10-15,Italy,"52,844",News,Heavy rain,17,0,1.0,5.2
594,,1991-10-12,1991-10-13,Japan,"29,059",News,Extra-tropical cyclone,0,100,1.0,4.8
593,,1991-10-08,1991-10-13,United States of America,"10,405",News,Heavy rain,0,0,1.0,4.8
592,,1991-10-06,1991-10-07,Türkiye,"3,489",News,Heavy rain,6,0,1.0,3.8
591,,1991-10-05,1991-10-06,Iran (Islamic Republic of),"49,664",News,Heavy rain,12,0,1.0,5.0
590,,1991-09-28,1991-09-29,Bangladesh,"2,443",News,Dam/Levy break or release,0,"50,000",1.0,3.7
589,,1991-09-27,1991-09-30,Japan,"141,715",News,Extra-tropical cyclone,52,500,1.0,5.8
588,,1991-09-26,1991-09-27,United Kingdom of Great Britain and Northern Ireland,"35,831",News,Torrential rain,0,0,1.0,4.9
586,,1991-09-19,1991-09-25,Viet Nam,"20,794",News,Heavy rain,55,"21,000",1.0,5.2
587,,1991-09-19,1991-09-22,Japan,"52,827",News,Extra-tropical cyclone,8,200,1.0,5.3
584,,1991-09-14,1991-09-16,United States of America,"70,881",News,Heavy rain,0,0,1.0,5.3
585,,1991-09-14,1991-09-15,India,"91,961",News,Monsoonal rain,21,0,1.0,5.3
583,,1991-09-11,1991-09-17,Bangladesh,"63,025",News,Monsoonal rain,112,"1,000,000",1.0,5.6
582,,1991-09-10,1991-09-14,Japan,"152,032",News,Extra-tropical cyclone,9,80,1.0,5.9
581,,1991-09-07,1991-09-08,Philippines,400,News,Monsoonal rain,0,"10,000",1.0,2.9
579,,1991-09-05,1991-09-08,United States of America,"24,978",News,Heavy rain,0,0,2.0,5.3
580,,1991-09-05,1991-09-08,Thailand,"12,170",News,Heavy rain,16,"2,000",1.0,4.7
578,,1991-09-01,1991-09-14,India,"170,874",News,Monsoonal rain,0,"87,500",1.0,6.4
577,,1991-08-27,1991-09-05,Mexico,"656,951",News,Heavy rain,12,"8,500",1.0,6.8
576,,1991-08-22,1991-08-30,Cambodia,"55,859",News,Heavy rain,100,"700,000",1.0,5.7
575,,1991-08-20,1991-08-24,Japan,"29,698",News,Extra-tropical cyclone,99,"40,000",1.0,5.2
573,,1991-08-18,1991-08-21,Thailand,"48,316",News,Tropical cyclone,0,0,1.0,5.3
574,,1991-08-18,1991-08-19,Myanmar,"30,248",News,Heavy rain,0,"29,674",1.0,4.8
572,,1991-08-17,1991-08-21,Viet Nam,"42,119",News,Tropical cyclone,15,"40,000",1.0,5.3
571,,1991-08-15,1991-08-29,India,"547,679",News,Monsoonal rain,88,0,1.0,6.9
570,,1991-08-14,1991-08-18,India,"151,947",News,Heavy rain,15,0,1.0,5.9
569,,1991-08-13,1991-08-22,Costa Rica,"18,429",News,Heavy rain,5,"25,000",1.0,5.3
567,,1991-08-12,1991-08-14,United States of America,"14,207",News,Heavy rain,1,0,1.0,4.6
568,,1991-08-12,1991-08-13,Sudan,"104,588",News,Heavy rain,3,"18,000",1.0,5.3
566,,1991-08-11,1991-08-13,Iran (Islamic Republic of),"32,783",News,Heavy rain,0,120,1.0,5.0
565,,1991-08-10,1991-08-12,United States of America,"2,578",News,Heavy rain,0,200,1.0,3.9
563,,1991-08-09,1991-08-20,Bangladesh,"7,441",News,Heavy rain,800,0,1.0,5.0
564,,1991-08-09,1991-08-12,China,"554,218",News,Heavy rain,456,0,1.0,6.3
561,,1991-08-08,1991-08-13,Soviet Union,"773,084",News,Heavy rain,0,0,1.0,6.7
562,,1991-08-08,1991-08-09,China,"4,350",News,Torrential rain,16,"20,000",1.0,3.9
560,,1991-08-07,1991-08-09,Myanmar,"55,417",News,Heavy rain,1,"210,250",2.0,5.5
559,,1991-08-04,1991-08-05,Nigeria,"22,908",News,Heavy rain,4,"10,000",1.0,4.7
555,,1991-08-02,1991-08-09,Soviet Union,"8,786",News,Heavy rain,46,0,1.0,4.8
556,,1991-08-02,1991-08-07,Bangladesh,"13,829",News,Heavy rain,6,"50,000",1.0,4.9
557,,1991-08-02,1991-08-06,Austria,"61,649",News,Heavy rain,10,0,2.0,5.8
558,,1991-08-02,1991-08-06,Poland,"65,818",News,Heavy rain,0,0,2.0,5.8
554,,1991-08-01,1991-08-03,Czechoslovakia,"60,517",News,Heavy rain,0,0,1.0,5.3
552,,1991-07-29,1991-07-30,Romania,"40,940",News,Heavy rain,71,"10,000",1.0,4.9
553,,1991-07-29,1991-07-31,India,"47,249",News,Monsoonal rain,500,"6,000",1.0,5.2
551,,1991-07-28,1991-07-31,Viet Nam,"30,956",News,Monsoonal rain,38,"4,000",1.0,5.1
549,,1991-07-25,1991-07-27,Thailand,"2,395",News,Torrential rain,1,0,2.0,4.2
550,,1991-07-25,1991-07-26,Ethiopia,"54,883",News,Heavy rain,2,0,1.0,5.0
547,,1991-07-23,1991-07-28,Philippines,"12,142",News,Tropical cyclone,16,"20,000",1.0,4.9
548,,1991-07-23,1991-08-03,China,"508,813",News,Tropical cyclone,66,"160,000",1.0,6.8
546,,1991-07-22,1991-07-26,Republic of Korea,"21,908",News,Heavy rain,54,"3,600",1.0,5.0
545,,1991-07-19,1991-07-20,China,"94,812",News,Heavy rain,8,0,1.0,5.3
544,,1991-07-18,1991-07-22,Soviet Union,"366,866",News,Heavy rain,0,0,1.0,6.3
542,,1991-07-15,1991-07-20,Benin,"17,907",News,Heavy rain,2,"200,000",1.0,5.0
543,,1991-07-15,1991-07-22,Lao People's Democratic Republic,"63,859",News,Heavy rain,16,800,1.0,5.7
540,,1991-07-14,1991-07-16,Ghana,"36,968",News,Heavy rain,5,0,1.0,5.0
541,,1991-07-14,1991-07-16,Bangladesh,"55,047",News,Heavy rain,17,"300,000",1.0,5.2
539,,1991-07-13,1991-07-19,India,"55,551",News,Monsoonal rain,25,"400,000",1.0,5.6
538,,1991-07-11,1991-07-29,Soviet Union,"61,651",News,Heavy rain,2,"2,000",1.0,6.1
535,,1991-07-10,1991-07-13,Philippines,"5,763",News,Tropical cyclone,2,0,1.0,4.4
536,,1991-07-10,1991-07-23,Myanmar,"128,983",News,Heavy rain,0,"17,570",1.0,6.3
537,,1991-07-10,1991-07-15,Bangladesh,"20,389",News,Heavy rain,4,"70,000",1.0,5.1
534,,1991-07-09,1991-07-10,Soviet Union,"3,473",News,Heavy rain,2,0,1.0,3.8
533,,1991-07-07,1991-07-10,Türkiye,"8,038",News,Heavy rain,15,0,1.0,4.5
532,,1991-07-05,1991-07-08,Soviet Union,"14,413",News,Heavy rain,15,0,1.0,4.8
531,,1991-07-04,1991-07-06,Bangladesh,"4,039",News,Heavy rain,0,"40,000",1.0,4.1
530,,1991-07-02,1991-07-18,China,"134,661",News,Heavy rain,101,"160,000",1.0,6.4
528,,1991-07-01,1991-07-18,China,"589,050",News,Heavy rain,750,"615,000",1.0,7.0
529,,1991-07-01,1991-07-09,China,"32,704",News,Heavy rain,0,0,1.0,5.5
527,,1991-06-24,1991-06-25,South Africa,"5,702",News,Heavy rain,0,0,1.0,4.1
526,,1991-06-18,1991-06-19,Chile,"15,853",News,Torrential rain,120,"30,000",1.0,4.5
525,,1991-06-17,1991-06-27,Bangladesh,"30,043",News,Monsoonal rain,0,"160,000",1.0,5.5
524,,1991-06-12,1991-06-14,China,"19,050",News,Heavy rain,22,"4,000",2.0,5.1
522,,1991-06-11,1991-06-12,United States of America,"78,319",News,Torrential rain,2,0,1.0,5.2
523,,1991-06-11,1991-06-12,Pakistan,"79,582",News,Heavy rain,39,"2,400",1.0,5.2
521,,1991-06-10,1991-06-12,India,"491,361",News,Monsoonal rain,72,"300,000",2.0,6.5
520,,1991-06-09,1991-06-11,Indonesia,"88,238",News,Torrential rain,73,0,1.0,5.4
519,,1991-06-03,1991-06-07,Colombia,"16,501",News,Heavy rain,57,239,1.0,4.9
518,,1991-06-02,1991-06-06,Sri Lanka,"42,642",News,Monsoonal rain,31,"191,700",1.0,5.3
517,,1991-06-01,1991-06-04,Algeria,"32,285",News,Heavy rain,17,"1,000",1.0,5.1
516,,1991-05-28,1991-06-04,Afghanistan,"24,274",News,Heavy rain,0,"1,000",1.0,5.3
515,,1991-05-25,1991-05-27,Republic of Korea,"15,995",News,Heavy rain,0,0,1.0,4.7
514,,1991-05-21,1991-05-23,Jamaica,"7,557",News,Torrential rain,15,"320,000",1.0,4.4
513,,1991-05-18,1991-06-15,China,"1,682,865",News,Heavy rain,400,"600,000",2.0,8.0
512,,1991-05-16,1991-05-17,Türkiye,"40,175",News,Torrential rain,42,500,1.0,4.9
511,,1991-05-14,1991-05-31,Bangladesh,"17,480",News,Heavy rain,100,"1,000,000",1.0,5.5
510,,1991-05-07,1991-05-11,India,"26,043",News,Tropical cyclone,13,"25,000",1.0,5.1
509,,1991-05-03,1991-05-07,United States of America,"22,130",News,,2,800,1.0,5.0
508,,1991-05-01,1991-05-08,Soviet Union,"97,555",News,Heavy rain,0,0,1.0,5.9
507,,1991-04-29,1991-05-10,Bangladesh,"21,359",News,Tropical cyclone,"138,000","10,000,000",1.0,5.4
506,,1991-04-28,1991-05-02,United States of America,"119,197",News,Heavy rain,0,"10,000",1.0,5.8
505,,1991-04-08,1991-04-09,Bangladesh,"1,788",News,Torrential rain,0,0,1.0,3.6
504,,1991-04-05,1991-04-09,United States of America,"32,172",News,Heavy rain,0,0,1.0,5.2
503,,1991-04-01,1991-04-02,Indonesia,"35,452",News,Heavy rain,1,"100,000",1.0,4.9
502,,1991-03-30,1991-04-01,Iran (Islamic Republic of),"31,920",News,Heavy rain,0,0,1.0,5.0
500,,1991-03-24,1991-03-25,Jordan,"3,678",News,Torrential rain,5,0,1.0,3.9
501,,1991-03-24,1991-03-25,Israel,"12,331",News,Torrential rain,8,0,1.0,4.4
498,,1991-03-19,1991-03-31,Brazil,"89,513",News,Heavy rain,20,"17,000",2.0,6.4
499,,1991-03-19,1991-03-25,United States of America,876,News,Heavy rain,0,200,1.0,3.8
497,,1991-03-15,1991-03-19,South Africa,"210,524",News,Heavy rain,0,0,1.0,6.0
496,,1991-03-11,1991-03-14,Malawi,"3,062",News,Torrential rain,500,"150,000",2.0,4.4
495,,1991-03-07,1991-04-01,Iran (Islamic Republic of),"624,246",News,Heavy rain,0,"100,000",1.0,7.2
494,,1991-02-24,1991-03-01,United Kingdom of Great Britain and Northern Ireland,"15,086",News,Heavy rain,0,0,2.0,5.3
492,,1991-02-02,1991-02-08,Ecuador,"114,115",News,Heavy rain,14,300,1.0,5.9
493,,1991-01-28,1991-02-17,Afghanistan,"225,169",News,Heavy rain,380,0,1.0,6.7
491,,1991-01-27,1991-02-05,Iran (Islamic Republic of),"448,338",News,Heavy rain,6,"50,000",2.0,7.0
490,,1991-01-05,1991-01-06,United Kingdom of Great Britain and Northern Ireland • Ireland,"123,232",News,Heavy rain,13,0,1.0,5.4
487,,1990-12-31,1991-01-03,United States of America,"177,859",News,Heavy rain,0,"3,500",1.0,5.9
486,,1990-12-28,1990-12-30,Peru,"111,346",News,Heavy rain,20,"2,000",1.0,5.5
485,,1990-12-25,1990-12-28,United Kingdom of Great Britain and Northern Ireland,"47,107",News,Heavy rain,3,0,1.0,5.3
488,,1990-12-25,1991-01-16,Australia,"96,490",News,Extra-tropical cyclone,6,800,2.0,6.6
484,,1990-12-23,1990-12-27,Sri Lanka,"9,706",News,Heavy rain,0,"40,000",1.0,4.7
489,,1990-12-12,1991-01-03,Indonesia,"25,301",News,Heavy rain,5,0,1.0,5.8
483,,1990-11-26,1990-11-30,United States of America,"21,311",News,Heavy rain,2,"1,000",1.0,5.0
482,,1990-11-12,1990-11-16,Philippines,"55,710",News,Tropical cyclone,176,"984,356",1.0,5.4
481,,1990-11-10,1990-11-15,United States of America,"23,288",News,Heavy rain,0,500,1.0,5.1
480,,1990-11-09,1990-11-21,Honduras,"41,826",News,Heavy rain,9,"20,000",1.0,5.7
479,,1990-11-05,1990-11-06,Japan,"118,232",News,Heavy rain,11,0,1.0,5.4
478,,1990-11-03,1990-11-08,Guyana,"1,758",News,Heavy rain,0,0,1.0,4.0
477,,1990-10-28,1990-10-30,United Kingdom of Great Britain and Northern Ireland,"147,969",News,Heavy rain,7,100,1.0,5.6
475,,1990-10-26,1990-10-29,Bangladesh,"1,043",News,Torrential rain,0,"4,500",1.0,3.6
476,,1990-10-26,1990-10-29,Indonesia,"7,031",News,Heavy rain,0,300,1.0,4.4
474,,1990-10-24,1990-10-28,India,"13,576",News,Monsoonal rain,44,0,1.0,4.8
473,,1990-10-18,1990-10-19,France,"9,564",News,Heavy rain,1,0,1.0,4.3
472,,1990-10-17,1990-10-18,India,"93,840",News,Heavy rain,10,"6,000",1.0,5.3
470,,1990-10-14,1990-10-15,Brazil,"6,236",News,Torrential rain,17,"2,000",1.0,4.1
471,,1990-10-14,1990-10-17,Bangladesh,"5,868",News,Heavy rain,0,"30,000",1.0,4.4
469,,1990-10-10,1990-10-13,Bangladesh,"41,676",News,Torrential rain,9,"700,000",1.0,5.2
467,,1990-10-08,1990-10-24,Viet Nam,"82,533",News,Tropical cyclone,16,"440,800",1.0,6.1
468,,1990-10-08,1990-10-26,Thailand,"162,370",News,Tropical cyclone,11,0,1.0,6.5
466,,1990-10-06,1990-10-07,United Kingdom of Great Britain and Northern Ireland,"26,545",News,Heavy rain,1,300,1.0,4.7
465,,1990-10-04,1990-10-06,United States of America,"76,699",News,Tropical cyclone,6,"1,500",1.0,5.4
464,,1990-09-26,1990-09-30,Bangladesh,"33,263",News,Heavy rain,14,"300,000",1.0,5.2
462,,1990-09-22,1990-09-25,Mexico,"41,287",News,Heavy rain,45,"5,000",2.0,5.5
463,,1990-09-22,1990-09-26,Viet Nam,"20,590",News,Tropical cyclone,29,"560,000",1.0,5.0
460,,1990-09-17,1990-09-18,Honduras,"2,787",News,Torrential rain,33,0,1.0,3.7
461,,1990-09-17,1990-09-20,Japan,"169,564",News,Extra-tropical cyclone,38,"60,000",2.0,6.1
459,,1990-09-16,1990-09-21,Nigeria,"36,124",News,Heavy rain,0,"300,000",1.0,5.3
458,,1990-09-11,1990-09-14,Republic of Korea,"10,436",News,Heavy rain,114,"160,000",2.0,4.9
456,,1990-09-07,1990-09-09,United States of America,"45,800",News,Heavy rain,5,300,1.0,5.1
457,,1990-09-07,1990-09-10,Philippines,"96,172",News,Tropical cyclone,7,"15,000",1.0,5.6
454,,1990-08-27,1990-09-04,Nepal,"27,686",News,Monsoonal rain,42,"2,000",1.0,5.4
455,,1990-08-27,1990-09-01,Ethiopia,"167,069",News,Heavy rain,0,"50,300",1.0,6.0
452,,1990-08-25,1990-09-01,Philippines,"69,902",News,Tropical cyclone,66,"1,500",1.0,5.7
453,,1990-08-25,1990-08-27,Bangladesh,"14,538",News,Monsoonal rain,0,"50,000",1.0,4.6
451,,1990-08-22,1990-08-23,Japan,"57,750",News,Tropical cyclone,2,0,1.0,5.1
449,,1990-08-19,1990-09-08,China,"457,815",News,Tropical cyclone,559,"4,041,000",1.0,7.0
450,,1990-08-19,1990-08-25,India,"186,162",News,Monsoonal rain,50,0,1.0,6.1
448,,1990-08-18,1990-08-24,United States of America,"502,368",News,Heavy rain,0,"4,000",1.0,6.5
447,,1990-08-13,1990-08-14,India,"284,927",News,Heavy rain,17,0,1.0,5.8
446,,1990-08-10,1990-08-11,Japan,"9,575",News,Extra-tropical cyclone,0,0,1.0,4.3
444,,1990-08-07,1990-08-11,United States of America,"20,289",News,Heavy rain,0,400,1.0,5.0
445,,1990-08-07,1990-08-08,Mexico,"256,019",News,Tropical cyclone,35,"3,500",1.0,5.7
443,,1990-08-02,1990-08-03,Nigeria,"5,516",News,Heavy rain,100,0,1.0,4.0
442,,1990-07-31,1990-08-02,Soviet Union,"40,658",News,Heavy rain,0,0,1.0,5.1
440,,1990-07-29,1990-07-31,Brazil,"1,996",News,Heavy rain,27,0,1.0,3.8
441,,1990-07-29,1990-08-04,China,"292,875",News,Tropical cyclone,108,"100,800",1.0,6.3
439,,1990-07-28,1990-08-04,United States of America,"31,887",News,Heavy rain,0,0,1.0,5.4
438,,1990-07-25,1990-07-26,Trinidad and Tobago,395,News,Tropical cyclone,0,0,1.0,2.9
437,,1990-07-15,1990-08-20,Nicaragua,"60,686",News,Heavy rain,5,"106,000",1.0,6.4
436,,1990-07-14,1990-09-06,Bangladesh,"23,608",News,Heavy rain,64,"392,077",1.0,6.1
435,,1990-07-10,1990-07-12,Pakistan,"190,865",News,Heavy rain,0,"6,000",1.0,5.8
434,,1990-07-08,1990-07-10,Soviet Union,"431,628",News,Heavy rain,5,"3,000",2.0,6.4
432,,1990-07-04,1990-07-05,Myanmar,"33,893",News,Heavy rain,0,300,1.0,4.8
433,,1990-07-04,1990-07-19,China,"438,797",News,Heavy rain,72,"71,000",1.0,6.8
430,,1990-07-03,1990-07-04,Nigeria,"3,422",News,Heavy rain,5,"3,000",1.0,3.8
431,,1990-07-03,1990-07-24,India,"1,100,663",News,Monsoonal rain,425,"63,517",1.0,7.4
429,,1990-06-29,1990-07-03,Japan,"37,533",News,Heavy rain,24,832,1.0,5.3
428,,1990-06-26,1990-07-08,Bangladesh,"49,249",News,Heavy rain,23,"800,000",1.0,5.8
426,,1990-06-23,1990-06-29,China,"377,867",News,Tropical cyclone,86,0,1.0,6.4
424,,1990-06-20,1990-06-22,United States of America,"31,630",News,Heavy rain,1,0,1.0,5.0
425,,1990-06-20,1990-06-25,Philippines,"71,151",News,Tropical cyclone,63,"86,000",1.0,5.6
427,,1990-06-20,1990-07-08,Viet Nam,"13,950",News,Heavy rain,13,"4,000",1.0,5.4
422,,1990-06-18,1990-06-21,Türkiye,"20,697",News,Heavy rain,48,0,1.0,4.9
423,,1990-06-18,1990-06-22,China,"340,845",News,Heavy rain,108,"4,000",1.0,6.2
421,,1990-06-17,1990-06-19,Philippines,"3,615",News,Torrential rain,36,236,1.0,4.0
420,,1990-06-15,1990-06-16,United States of America,"5,168",News,Torrential rain,26,440,1.0,4.0
419,,1990-06-13,1990-06-18,India,"53,045",News,Monsoonal rain,21,0,2.0,5.8
418,,1990-06-12,1990-06-20,Viet Nam,"17,086",News,Heavy rain,20,0,1.0,5.2
417,,1990-06-05,1990-07-02,China,"206,490",News,Heavy rain,363,"350,000",1.0,6.8
416,,1990-05-31,1990-06-02,United States of America,"4,890",News,Torrential rain,0,200,2.0,4.5
415,,1990-05-30,1990-05-30,Soviet Union,"70,245",News,Heavy rain,0,208,2.0,5.1
414,,1990-05-28,1990-05-29,Nicaragua,"111,059",News,Heavy rain,5,"6,000",1.0,5.3
413,,1990-05-17,1990-05-18,Tajikistan,"128,180",News,Heavy rain,0,280,1.0,5.4
412,,1990-05-16,1990-05-18,Pakistan,"21,727",News,Heavy rain,4,"1,200",1.0,4.8
411,,1990-05-10,1990-05-13,India,"267,344",News,Tropical cyclone,430,"470,000",1.0,6.0
410,,1990-05-05,1990-05-11,Soviet Union,"71,505",News,Rain and snowmelt,14,"20,000",2.0,6.0
408,,1990-04-26,1990-06-01,United States of America,"277,912",News,Heavy rain,13,"4,668",2.0,7.3
409,,1990-04-25,1990-05-04,Guyana,"32,174",News,Heavy rain,0,0,1.0,5.5
407,,1990-04-22,1990-04-25,Bangladesh,"65,939",News,Heavy rain,54,"40,000",1.0,5.4
405,,1990-04-18,1990-04-28,Australia,"971,229",News,Heavy rain,4,"2,000",2.0,7.3
406,,1990-04-18,1990-04-19,Brazil,"43,456",News,Heavy rain,7,800,1.0,4.9
404,,1990-04-04,1990-04-05,Indonesia,"2,801",News,Heavy rain,22,160,1.0,3.7
403,,1990-04-03,1990-05-01,United Republic of Tanzania,"777,754",News,Heavy rain,100,"4,100,000",2.0,7.7
402,,1990-03-24,1990-03-30,Bangladesh,"41,633",News,Heavy rain,50,"10,000",1.0,5.5
401,,1990-03-21,1990-03-22,India,"90,819",News,Torrential rain,17,0,1.0,5.3
400,,1990-03-16,1990-03-24,United States of America,"162,225",News,Heavy rain,15,"6,000",1.0,6.2
399,,1990-03-03,1990-03-05,Bangladesh,"3,191",News,Heavy rain,0,"1,200",1.0,4.0
398,,1990-02-26,1990-02-28,United Kingdom of Great Britain and Northern Ireland,"118,150",News,Heavy rain,17,"2,000",2.0,5.9
397,,1990-02-20,1990-02-23,Peru,"132,815",News,Heavy rain,21,100,1.0,5.7
396,,1990-02-18,1990-02-20,Türkiye,"175,659",News,Heavy rain,18,0,1.0,5.7
395,,1990-02-15,1990-02-17,France,"9,562",News,Avalanche related,14,0,1.0,4.5
394,,1990-02-14,1990-02-16,Germany Federal Republic,"35,635",News,Heavy rain,3,50,1.0,5.0
393,,1990-02-11,1990-02-16,Iran (Islamic Republic of),"28,583",News,Heavy rain,11,"15,000",1.0,5.2
390,,1990-01-26,1990-01-30,United States of America,"7,562",News,Heavy rain,0,150,1.0,4.6
391,,1990-01-26,1990-02-01,Indonesia,"23,642",News,Monsoonal rain,189,"45,000",1.0,5.2
392,,1990-01-26,1990-02-10,United Kingdom of Great Britain and Northern Ireland,"46,968",News,Heavy rain,47,0,2.0,6.2
389,,1990-01-20,1990-02-01,Tunisia,"127,703",News,Heavy rain,25,"152,000",1.0,6.2
387,,1990-01-14,1990-03-14,Paraguay,"36,791",News,Heavy rain,0,"120,000",1.0,6.3
388,,1990-01-14,1990-01-15,Guam,578,News,Tropical cyclone,0,0,1.0,3.1
386,,1990-01-09,1990-01-11,United States of America,"86,747",News,Heavy rain,4,"3,000",2.0,5.7
385,,1990-01-03,1990-01-14,Sri Lanka,"55,380",News,Heavy rain,33,"150,612",1.0,5.8
382,,1989-12-17,1989-12-25,United Republic of Tanzania,"69,915",News,Heavy rain,1,0,1.0,5.8
381,,1989-12-16,1989-12-18,Taiwan (Province of China),"1,557",News,Heavy rain,0,0,1.0,3.7
384,,1989-12-15,1990-01-15,United States of America,"15,159",News,Heavy rain,0,0,1.0,5.7
383,,1989-12-10,1989-12-31,Brazil,"2,339,268",News,Heavy rain,35,"200,000",1.0,7.7
380,,1989-11-19,1989-12-06,Sri Lanka,"15,519",News,Heavy rain,4,0,1.0,5.4
379,,1989-11-07,1989-11-11,Democratic People's Republic of Korea,"3,324",News,Heavy rain,0,0,1.0,4.2
378,,1989-11-06,1989-11-14,Somalia,"29,030",News,Heavy rain,0,0,1.0,5.4
376,,1989-11-03,1989-11-08,Philippines,"11,864",News,Tropical cyclone,30,0,1.0,4.9
377,,1989-11-03,1989-11-10,Thailand,"44,228",News,Tropical cyclone,304,"150,000",1.0,5.5
375,,1989-10-18,1989-10-25,Russian Federation,"102,165",News,Heavy rain,2,0,1.0,5.9
372,,1989-10-15,1989-10-16,United States of America,"6,299",News,Tropical cyclone,2,0,1.0,4.1
371,,1989-10-06,1989-10-10,Philippines,"5,324",News,Tropical cyclone,45,"8,846",1.0,4.4
373,,1989-10-02,1989-10-05,China,"18,207",News,Tropical cyclone,31,0,1.0,4.9
370,,1989-09-23,1989-09-25,Philippines,"1,322",News,Heavy rain,2,0,1.0,3.6
369,,1989-09-18,1989-09-21,Antigua and Barbuda,"6,053",News,Tropical cyclone,14,"50,000",1.0,4.4
368,,1989-09-17,1989-09-19,Pakistan,"129,477",News,Tropical cyclone,7,0,1.0,5.6
367,,1989-09-14,1989-09-16,Oman,"72,162",News,Torrential rain,2,0,1.0,5.3
365,,1989-09-12,1989-09-17,Taiwan (Province of China),"17,494",News,Tropical cyclone,11,100,1.0,5.0
366,,1989-09-10,1989-09-13,Brazil,"193,154",News,Heavy rain,12,"10,000",1.0,5.9
374,,1989-09-10,1989-09-12,Philippines,"36,938",News,Tropical cyclone,17,"3,000",1.0,5.0
362,,1989-09-09,1989-09-24,Mexico,"249,826",News,Tropical cyclone,22,"21,063",1.0,6.6
361,,1989-09-08,1989-09-18,Malawi,"35,414",News,Heavy rain,2,0,1.0,5.6
364,,1989-09-08,1989-09-12,Nepal,"6,396",News,Heavy rain,16,0,1.0,4.5
360,,1989-09-03,1989-09-10,India,"204,979",News,Heavy rain,7,0,1.0,6.2
359,,1989-09-02,1989-09-05,Japan,"10,377",News,Heavy rain,7,"18,000",1.0,4.6
363,,1989-09-01,1989-09-25,Nepal,"15,796",News,Heavy rain,59,"3,000",1.0,5.6
357,,1989-08-25,1989-08-28,Japan,"31,704",News,Heavy rain,5,"6,400",1.0,5.1
358,,1989-08-25,1989-08-29,Ghana,"15,897",News,Heavy rain,2,400,1.0,4.9
356,,1989-08-22,1989-08-25,Iran (Islamic Republic of),"96,595",News,Heavy rain,6,0,1.0,5.6
355,,1989-08-17,1989-08-19,Iran (Islamic Republic of),"56,832",News,Heavy rain,1,0,1.0,5.2
351,,1989-08-09,1989-08-13,Indonesia,"98,706",News,Heavy rain,0,0,1.0,5.7
352,,1989-08-09,1989-08-14,Philippines,"20,683",News,Heavy rain,112,0,1.0,5.1
354,,1989-08-09,1989-08-25,Djibouti,"11,889",News,Heavy rain,0,0,1.0,5.3
350,,1989-08-07,1989-08-09,Burundi,"1,332",News,Tropical cyclone,0,0,1.0,3.6
353,,1989-08-07,1989-08-10,Iran (Islamic Republic of),"15,985",News,Heavy rain,0,"300,000",1.0,4.8
349,,1989-08-06,1989-08-07,Bermuda,53,News,Tropical cyclone,0,60,1.0,2.0
347,,1989-08-04,1989-08-07,United States of America,"54,974",News,Heavy rain,0,0,1.0,5.3
345,,1989-08-01,1989-08-07,Bangladesh,"9,525",News,Monsoonal rain,200,"600,000",1.0,4.8
342,,1989-07-31,1989-08-02,Indonesia,"3,532",News,Heavy rain,8,0,1.0,4.0
344,,1989-07-31,1989-08-03,Namibia,"117,989",News,Heavy rain,2,0,1.0,5.7
341,,1989-07-29,1989-08-02,Fiji,"5,952",News,Heavy rain,15,0,1.0,4.5
348,,1989-07-29,1989-08-07,Pakistan,"331,514",News,Monsoonal rain,53,0,1.0,6.5
340,,1989-07-28,1989-07-31,Republic of Korea,"1,068",News,Tropical cyclone,21,"40,000",1.0,3.6
318,,1989-07-27,1989-07-31,Brazil,"179,799",News,Heavy rain,36,"45,000",1.0,6.0
336,,1989-07-27,1989-09-20,China,"70,237",News,Heavy rain,"3,000",0,1.0,6.6
338,,1989-07-27,1989-07-31,Sri Lanka,"8,033",News,Monsoonal rain,160,0,1.0,4.6
346,,1989-07-27,1989-08-07,Russian Federation,"22,856",News,Heavy rain,17,0,2.0,5.7
337,,1989-07-26,1989-07-30,Taiwan (Province of China),"15,552",News,Heavy rain,16,152,1.0,4.9
333,,1989-07-25,1989-07-29,Republic of Korea,"5,882",News,Tropical cyclone,131,"1,200,000",1.0,4.5
343,,1989-07-25,1989-07-31,Viet Nam,"10,734",News,Tropical cyclone,102,"369,200",1.0,4.9
330,,1989-07-22,1989-07-31,India,"905,209",News,Monsoonal rain,780,0,1.0,7.0
335,,1989-07-22,1989-07-27,Nepal,"91,479",News,Heavy rain,29,900,1.0,5.7
329,,1989-07-21,1989-07-31,China,"12,533",News,Heavy rain,24,"16,000",1.0,5.1
328,,1989-07-20,1989-07-25,China,"85,600",News,Tropical cyclone,0,0,1.0,5.7
339,,1989-07-20,1989-07-29,China,"215,083",News,Tropical cyclone,104,"20,000",1.0,6.3
327,,1989-07-19,1989-07-27,China,"7,717",News,Heavy rain,3,0,1.0,4.8
331,,1989-07-18,1989-07-26,China,"192,272",News,Monsoonal rain,63,0,1.0,6.2
325,,1989-07-16,1989-07-20,Philippines,"46,659",News,Tropical cyclone,26,"186,000",1.0,5.4
326,,1989-07-16,1989-07-27,China,"8,441",News,Heavy rain,107,"1,413",1.0,5.0
321,,1989-07-11,1989-07-23,China,"321,490",News,Heavy rain,814,0,1.0,6.6
323,,1989-07-11,1989-07-16,Sri Lanka,"4,308",News,Heavy rain,14,"20,000",1.0,4.4
324,,1989-07-10,1989-07-17,China,"207,057",News,Heavy rain,50,"48,000",1.0,6.2
322,,1989-07-07,1989-07-20,China,"19,169",News,Heavy rain,50,"410,000",1.0,5.4
319,,1989-07-06,1989-07-10,China,"1,006",News,Heavy rain,"1,377",0,1.0,3.7
332,,1989-07-06,1989-07-23,Bangladesh,"4,688",News,Heavy rain,1,0,1.0,4.9
312,,1989-07-05,1989-07-16,Brazil,"27,546",News,Heavy rain,33,"410,000",2.0,5.8
334,,1989-07-05,1989-08-10,India,"112,816",News,Monsoonal rain,31,"32,000",2.0,6.9
316,,1989-07-03,1989-07-05,Bangladesh,"33,666",News,Monsoonal rain,2,"20,000",1.0,5.0
317,,1989-07-03,1989-07-07,China,"4,579",News,Heavy rain,38,"30,000",1.0,4.4
315,,1989-07-01,1989-07-10,Venezuela (Bolivarian Republic of),"1,586",News,Heavy rain,0,0,1.0,4.2
320,,1989-06-30,1989-07-20,China,"178,425",News,Heavy rain,18,"22,400",1.0,6.6
313,,1989-06-25,1989-06-29,Peru,"21,796",News,Heavy rain,0,0,1.0,5.0
314,,1989-06-21,1989-06-30,China,"8,668",News,Heavy rain,28,0,1.0,4.9
311,,1989-06-19,1989-06-21,Chile,"10,675",News,Heavy rain,0,0,1.0,4.5
310,,1989-06-16,1989-06-18,Brazil,"7,980",News,Heavy rain,9,0,1.0,4.4
309,,1989-06-15,1989-06-30,China,"122,520",News,Heavy rain,3,0,1.0,6.3
304,,1989-06-02,1989-06-05,United States of America,"320,835",News,Heavy rain,270,"175,000",1.0,6.1
306,,1989-06-01,1989-06-08,Philippines,"3,946",News,Heavy rain,11,"4,000",1.0,4.5
308,,1989-06-01,1989-06-26,Brazil,"2,734,940",News,Heavy rain,0,0,1.0,7.9
307,,1989-05-30,1989-06-11,Sri Lanka,"2,735",News,Heavy rain,315,"300,000",1.0,4.6
302,,1989-05-24,1989-05-26,United States of America,"8,897",News,Extra-tropical cyclone,151,"336,000",1.0,4.4
303,,1989-05-23,1989-05-31,Viet Nam,"18,573",News,Tropical cyclone,140,"150,000",2.0,5.5
305,,1989-05-21,1989-06-05,China,"90,099",News,Tropical cyclone,84,"1,000,000",1.0,6.2
301,,1989-05-15,1989-05-20,United States of America,"185,648",News,Heavy rain,6,400,1.0,6.0
300,,1989-04-18,1989-04-30,Georgia,"3,020",News,Rain and snowmelt,52,"20,000",1.0,4.6
298,,1989-04-09,1989-04-19,United States of America,"154,569",News,Heavy rain,45,"306,000",2.0,6.5
297,,1989-04-08,1989-04-15,Brazil,"403,770",News,Heavy rain,34,"4,080",1.0,6.5
299,,1989-04-07,1989-04-12,Djibouti,"17,356",News,Heavy rain,9,"150,000",1.0,5.0
296,,1989-04-04,1989-04-08,Australia,"51,942",News,Tropical cyclone,2,"1,000",1.0,5.4
295,,1989-03-29,1989-04-01,United States of America,"100,391",News,Heavy rain,1,0,1.0,5.6
294,,1989-03-26,1989-04-11,United States of America,"10,934",News,Heavy rain,3,0,1.0,5.3
293,,1989-03-19,1989-05-01,Yemen,"58,565",News,Monsoon rain,53,"80,000",1.0,6.4
292,,1989-03-18,1989-03-27,United States of America,"2,594",News,Heavy rain,15,0,1.0,4.4
291,,1989-03-09,1989-03-15,Malawi,"9,169",News,Heavy rain,6,"37,000",2.0,5.1
290,,1989-02-21,1989-02-27,Indonesia,"18,962",News,Heavy rain,3,"15,000",1.0,5.1
289,,1989-02-16,1989-02-22,Peru,"2,957",News,Heavy rain,60,"1,000",1.0,4.3
288,,1989-02-13,1989-02-18,United States of America,"2,609",News,Heavy rain,5,0,1.0,4.2
287,,1989-02-11,1989-02-13,United States of America,"31,247",News,Heavy rain,7,"17,000",1.0,5.0
286,,1989-02-08,1989-02-12,Namibia,"124,184",News,Heavy rain,6,0,1.0,5.8
285,,1989-02-05,1989-02-08,Mexico,375,News,Heavy rain,0,0,1.0,3.2
283,,1989-02-01,1989-02-02,United States of America,"25,065",News,Torrential rain,7,"4,000",1.0,4.7
284,,1989-02-01,1989-02-10,Zambia,"4,549",News,Heavy rain,8,"20,000",1.0,4.7
282,,1989-01-26,1989-02-02,Yugoslavia,"40,947",News,Heavy rain,72,"500,000",1.0,5.5
280,,1989-01-25,1989-02-01,Spain,"6,648",News,Heavy rain,0,0,1.0,4.7
281,,1989-01-25,1989-02-08,Philippines,"35,395",News,Monsoonal rain,72,"551,051",1.0,5.7
279,,1989-01-22,1989-02-10,Portugal,"3,134",News,Heavy rain,2,"20,000",1.0,4.8
278,,1989-01-17,1989-01-27,Indonesia,"68,878",News,Tropical cyclone,35,"137,000",1.0,5.9
276,,1989-01-14,1989-01-17,United Kingdom of Great Britain and Northern Ireland,"1,309",News,Heavy rain,0,"3,000",1.0,3.7
275,,1989-01-02,1989-01-08,New Caledonia,"18,853",News,Tropical cyclone,196,"532,000",1.0,5.1
273,,1989-01-01,1989-01-02,South Africa,"2,094",News,Tropical cyclone,2,0,1.0,3.6
274,,1989-01-01,1989-01-08,Venezuela (Bolivarian Republic of),521,News,Heavy rain,8,553,1.0,3.6
272,,1988-12-17,1988-12-19,Indonesia,"7,438",News,Torrential rain,40,0,1.0,4.3
271,,1988-11-28,1988-12-03,Gabon,"70,725",News,Torrential rain,0,0,1.0,5.6
270,,1988-11-23,1988-12-07,Uganda,"14,344",News,Torrential rain,0,"5,000",1.0,5.3
269,,1988-11-20,1988-12-01,Thailand,"96,668",News,Torrential rain,386,"301,000",2.0,6.4
268,,1988-11-18,1988-11-19,Indonesia,"22,307",News,Heavy rain,28,0,1.0,4.6
267,,1988-11-12,1988-11-13,Spain,"2,651",News,Heavy rain,5,800,1.0,3.7
265,,1988-11-05,1988-11-07,Indonesia,786,News,Heavy rain,20,"1,200",1.0,3.4
266,,1988-11-04,1988-11-08,Philippines,"10,610",News,Tropical cyclone,255,"1,000,000",1.0,4.7
264,,1988-10-28,1988-10-30,China,"5,372",News,Tropical cyclone,0,"10,000",1.0,4.2
263,,1988-10-27,1988-10-28,Nigeria,"2,833",News,Heavy rain,10,"12,000",1.0,3.8
262,,1988-10-22,1988-10-26,Philippines,"5,344",News,Tropical cyclone,181,"60,000",1.0,4.4
261,,1988-10-18,1988-10-25,Colombia,"62,663",News,Tropical cyclone,135,"407,000",1.0,5.7
259,,1988-10-16,1988-10-17,Guatemala,369,News,Heavy rain,0,"6,000",1.0,2.9
260,,1988-10-10,1988-10-20,Viet Nam,"39,063",News,Tropical cyclone,100,"500,000",1.0,5.6
255,,1988-10-03,1988-10-04,India,605,News,Heavy rain,23,0,1.0,3.1
256,,1988-10-03,1988-10-03,France,717,News,Torrential rain,10,300,1.0,2.9
258,,1988-10-01,1988-10-11,Ghana,"102,162",News,Heavy rain,0,"3,000",1.0,6.1
253,,1988-09-21,1988-10-08,India,"268,529",News,Heavy rain,731,"1,250,000",2.0,7.0
254,,1988-09-21,1988-10-03,Taiwan (Province of China),"7,300",News,Heavy rain,0,0,1.0,5.0
257,,1988-09-21,1988-10-05,Nigeria,"8,884",News,Dam/Levy break or release,0,"70,000",1.0,5.1
250,,1988-09-20,1988-09-21,Nepal,"27,591",News,Torrential rain,106,56,1.0,4.7
252,,1988-09-20,1988-09-26,China,"100,699",News,Tropical cyclone,9,"51,000",1.0,5.8
251,,1988-09-18,1988-10-05,Thailand,"243,172",News,Torrential rain,19,"16,000",1.0,6.6
249,,1988-09-14,1988-09-26,Nigeria,"71,964",News,Torrential rain,7,"136,000",1.0,6.0
248,,1988-09-10,1988-09-18,Mexico,"105,084",News,Tropical cyclone,237,"821,400",2.0,6.3
245,,1988-09-06,1988-09-06,Russian Federation,"47,419",News,Torrential rain,0,0,1.0,4.7
247,,1988-09-06,1988-09-09,United States of America,"6,517",News,Heavy rain,7,"1,000",2.0,4.7
246,,1988-09-05,1988-09-14,China,"47,835",News,Heavy rain,0,"100,000",2.0,6.0
241,,1988-09-02,1988-09-02,Senegal,"1,308",News,Heavy rain,4,"2,400",1.0,3.1
242,,1988-09-02,1988-09-03,Niger,"88,396",News,Heavy rain,13,"7,000",2.0,5.5
244,,1988-09-02,1988-09-06,Mexico,"12,601",News,Tropical cyclone,31,"30,000",1.0,4.8
243,,1988-09-01,1988-09-05,Mexico,"25,820",News,Tropical cyclone,17,"20,000",1.0,5.1
238,,1988-08-31,1988-09-06,China,"50,318",News,Heavy rain,58,"300,000",2.0,5.8
240,,1988-08-27,1988-09-03,Colombia,"158,846",News,Heavy rain,0,"100,000",1.0,6.1
237,,1988-08-25,1988-08-29,El Salvador,"17,910",News,Heavy rain,50,"25,850",1.0,5.0
239,,1988-08-25,1988-08-25,Iran (Islamic Republic of),"1,150",News,Heavy rain,25,0,1.0,3.1
228,,1988-08-23,1988-09-15,India,"626,872",News,Monsoonal rain,876,"2,000",1.0,7.2
233,,1988-08-23,1988-08-24,China,"16,810",News,Heavy rain,0,"10,000",1.0,4.5
230,,1988-08-22,1988-08-22,Nigeria,"1,234",News,Heavy rain,0,"10,000",1.0,3.1
232,,1988-08-22,1988-08-23,Mexico,"2,219",News,Torrential rain,18,"130,000",1.0,3.6
231,,1988-08-21,1988-09-02,Burkina Faso,"135,871",News,Heavy rain,11,"6,000",1.0,6.2
227,,1988-08-20,1988-10-03,Bangladesh,"138,855",News,Monsoonal rain,0,0,2.0,7.1
236,,1988-08-20,1988-09-06,Chad,"562,932",News,Heavy rain,51,"58,000",1.0,7.0
234,,1988-08-18,1988-08-25,Pakistan,"33,008",News,Torrential rain,0,"200,000",1.0,5.4
235,,1988-08-18,1988-08-25,Niger,"744,049",News,Heavy rain,0,"300,000",2.0,7.1
224,,1988-08-16,1988-08-23,Venezuela (Bolivarian Republic of),"145,563",News,Heavy rain,10,"12,000",1.0,6.1
220,,1988-08-14,1988-08-17,Taiwan (Province of China),"11,241",News,Heavy rain,15,"10,000",2.0,5.0
221,,1988-08-13,1988-08-15,Mexico,"10,351",News,Torrential rain,0,"4,000",1.0,4.5
223,,1988-08-13,1988-08-14,China,"7,256",News,Heavy rain,163,"12,000",1.0,4.2
229,,1988-08-11,1988-08-25,Uganda,"55,984",News,Torrential rain,5,0,1.0,5.9
219,,1988-08-10,1988-08-15,China,"53,818",News,Torrential rain,10,"64,000",1.0,5.5
222,,1988-08-09,1988-08-16,Nicaragua,"12,585",News,Heavy rain,0,"25,000",1.0,5.0
226,,1988-08-09,1988-08-18,China,"153,101",News,Heavy rain,34,"80,000",1.0,6.2
218,,1988-08-07,1988-08-08,China,"12,334",News,Tropical cyclone,117,"188,000",1.0,4.4
225,,1988-08-07,1988-08-20,Nigeria,"60,618",News,Heavy rain,53,0,2.0,6.2
216,,1988-08-06,1988-08-06,China,"36,878",News,Heavy rain,50,"30,000",1.0,4.6
217,,1988-08-05,1988-09-10,Sudan,"354,132",News,Heavy rain,91,"2,000,000",2.0,7.4
215,,1988-08-03,1988-08-04,Russian Federation,"257,907",News,Torrential rain,0,0,1.0,5.7
213,,1988-07-31,1988-07-31,Venezuela (Bolivarian Republic of),910,News,Heavy rain,2,0,1.0,3.0
214,,1988-07-31,1988-08-02,India,"94,872",News,Heavy rain,50,0,1.0,5.5
212,,1988-07-29,1988-08-05,China,"18,767",News,Torrential rain,264,"64,000",2.0,5.5
211,,1988-07-27,1988-07-27,New Zealand,"48,972",News,Heavy rain,1,52,1.0,4.7
210,,1988-07-23,1988-07-23,China,"33,131",News,Heavy rain,54,"12,000",1.0,4.5
209,,1988-07-21,1988-08-19,China,"9,150",News,Torrential rain,0,"76,000",1.0,5.4
206,,1988-07-20,1988-07-20,Republic of Korea,"3,410",News,Torrential rain,16,"2,640",1.0,3.5
208,,1988-07-20,1988-07-21,Japan,"4,324",News,Heavy rain,12,"1,633",1.0,3.9
207,,1988-07-19,1988-07-20,Spain,"1,326",News,Torrential rain,9,0,1.0,3.4
205,,1988-07-18,1988-08-05,Pakistan,"220,521",News,Monsoonal rain,158,"163,000",1.0,6.6
204,,1988-07-17,1988-07-18,Brazil,"38,455",News,Torrential rain,66,"50,000",1.0,4.9
202,,1988-07-15,1988-07-15,Japan,"3,682",News,Heavy rain,4,0,1.0,3.6
203,,1988-07-14,1988-07-27,India,"76,353",News,Heavy rain,97,"25,000",1.0,6.0
201,,1988-07-10,1988-07-11,United States of America,"2,445",News,Heavy rain,5,0,1.0,3.7
200,,1988-07-08,1988-07-14,Republic of Korea,"1,801",News,Heavy rain,6,"2,000",1.0,4.1
199,,1988-07-06,1988-07-06,China,"30,627",News,Heavy rain,0,0,1.0,4.5
197,,1988-07-05,1988-07-07,Canada,"1,964",News,Heavy rain,0,"2,500",1.0,3.8
198,,1988-07-05,1988-07-07,Russian Federation,"102,657",News,Heavy rain,0,0,1.0,5.5
196,,1988-07-04,1988-08-08,India,"847,737",News,Monsoonal rain,233,"500,000",2.0,7.8
195,,1988-07-02,1988-07-03,Nigeria,"1,930",News,Heavy rain,0,500,1.0,3.6
194,,1988-06-28,1988-06-28,Argentina,"16,419",News,Heavy rain,0,"7,000",1.0,4.2
193,,1988-06-27,1988-08-15,Bangladesh,"98,284",News,Monsoonal rain,254,"5,250,000",1.0,6.7
192,,1988-06-24,1988-06-28,China,"33,856",News,Torrential rain,65,"500,000",2.0,5.5
190,,1988-06-21,1988-07-14,India,"70,502",News,Heavy rain,34,"2,000,000",1.0,6.2
191,,1988-06-20,1988-07-01,Ukraine,"14,288",News,Heavy rain,0,0,1.0,5.2
188,,1988-06-14,1988-06-20,Bangladesh,"66,356",News,Heavy rain,8,"15,000",1.0,5.7
185,,1988-06-13,1988-06-28,Afghanistan,"122,608",News,Heavy rain,0,"3,000",1.0,6.3
187,,1988-06-12,1988-06-12,Türkiye,229,News,Torrential rain,16,400,1.0,2.4
189,,1988-06-11,1988-06-25,China,"26,304",News,Torrential rain,70,"50,000",1.0,5.6
186,,1988-06-10,1988-06-11,China,"9,275",News,Heavy rain,11,500,1.0,4.3
183,,1988-06-01,1988-06-09,Sri Lanka,"7,184",News,Heavy rain,3,"110,000",1.0,4.8
184,,1988-06-01,1988-06-06,Philippines,"3,303",News,Tropical cyclone,35,"5,000",1.0,4.3
182,,1988-05-30,1988-06-06,Cuba,"34,416",News,Heavy rain,24,"65,000",1.0,5.4
181,,1988-05-24,1988-05-26,China,"6,755",News,Heavy rain,5,"8,000",1.0,4.3
180,,1988-05-23,1988-06-11,India,"42,286",News,Monsoonal rain,76,"43,000",1.0,5.9
179,,1988-05-19,1988-05-28,China,"40,595",News,Heavy rain,125,"2,800,000",1.0,5.6
178,,1988-05-06,1988-05-15,Rwanda,"40,351",News,Torrential rain,52,"23,628",1.0,5.6
177,,1988-05-03,1988-05-04,Japan,"8,184",News,Heavy rain,3,"10,000",1.0,4.2
175,,1988-04-20,1988-04-21,Czechoslovakia,449,News,Heavy rain,2,500,1.0,3.0
174,,1988-04-14,1988-04-15,Türkiye,"1,391",News,Torrential rain,8,"5,000",1.0,3.4
176,,1988-04-10,1988-05-10,Kenya,"89,591",News,Heavy rain,60,"10,000",1.0,6.4
173,,1988-03-30,1988-04-01,Australia,"18,140",News,Heavy rain,5,0,2.0,5.0
172,,1988-03-26,1988-03-30,Germany Federal Republic,"105,534",News,Heavy rain,6,"3,500",2.0,6.0
171,,1988-03-25,1988-03-28,Argentina,"11,057",News,Heavy rain,24,"57,000",1.0,4.6
170,,1988-03-08,1988-03-15,South Africa,"388,455",News,Heavy rain,18,"24,000",1.0,6.5
169,,1988-02-22,1988-02-22,Peru,"5,174",News,Heavy rain,0,0,1.0,3.7
168,,1988-02-10,1988-03-02,South Africa,"51,000",News,Heavy rain,24,"10,000",1.0,6.0
167,,1988-02-05,1988-02-06,Indonesia,"7,795",News,Torrential rain,7,"3,000",1.0,4.2
164,,1988-02-01,1988-02-02,Dominican Republic,"10,489",News,Heavy rain,4,"2,000",1.0,4.3
165,,1988-02-01,1988-02-04,United States of America,"2,709",News,Heavy rain,3,0,1.0,4.0
166,,1988-02-01,1988-02-10,Brazil,"9,181",News,Heavy rain,290,"25,000",2.0,5.3
163,,1988-01-30,1988-02-05,Costa Rica,"10,877",News,Heavy rain,9,"7,000",1.0,4.9
162,,1988-01-01,1988-01-02,United States of America,386,News,Heavy rain,0,"2,800",1.0,2.9
161,,1987-12-25,1987-12-29,United States of America,"16,161",News,Heavy rain,3,"6,000",2.0,5.2
160,,1987-12-05,1987-12-10,Viet Nam,"45,057",News,Torrential rain,86,"40,000",1.0,5.4
159,,1987-11-03,1987-11-06,Spain,"37,573",News,Torrential rain,16,"3,000",1.0,5.2
158,,1987-10-30,1987-11-01,Jamaica,"4,629",News,Tropical cyclone,4,"1,000",1.0,4.1
157,,1987-10-24,1987-10-26,Taiwan (Province of China),"3,705",News,Tropical cyclone,49,0,2.0,4.3
156,,1987-10-17,1987-10-19,Lebanon,"12,690",News,Torrential rain,10,200,2.0,4.9
155,,1987-10-16,1987-10-17,Japan,"49,937",News,Tropical cyclone,8,"3,000",1.0,5.0
154,,1987-10-04,1987-10-10,Spain,"64,614",News,Torrential rain,12,0,1.0,5.7
153,,1987-10-01,1987-10-08,Guatemala,"70,305",News,Torrential rain,36,"3,500",1.0,5.8
152,,1987-09-28,1987-09-29,Mexico,"2,773",News,Heavy rain,15,"3,000",1.0,3.7
151,,1987-09-26,1987-10-02,South Africa,"92,667",News,Heavy rain,300,"60,000",1.0,5.8
150,,1987-09-08,1987-09-09,United States of America,"12,009",News,Heavy rain,1,120,1.0,4.4
148,,1987-09-06,1987-09-08,Venezuela (Bolivarian Republic of),"19,320",News,Torrential rain,112,"30,000",1.0,4.8
149,,1987-08-27,1987-09-15,China,"100,391",News,Heavy rain,0,0,1.0,6.3
147,,1987-08-26,1987-08-27,China,"16,385",News,Torrential rain,51,"6,000",1.0,4.5
145,,1987-07-24,1987-07-27,Iran (Islamic Republic of),"50,247",News,Heavy rain,147,0,1.0,5.3
146,,1987-07-23,1987-09-24,Bangladesh,"240,065",News,Heavy rain,880,"500,000",2.0,7.5
144,,1987-07-21,1987-07-29,Republic of Korea,"9,042",News,Torrential rain,330,"35,900",1.0,4.9
142,,1987-07-17,1987-07-17,United States of America,999,News,Heavy rain,9,0,2.0,3.3
143,,1987-07-16,1987-07-21,China,"637,522",News,Snowmelt,2,"44,000",1.0,6.6
140,,1987-07-12,1987-07-18,Chile,"36,284",News,Heavy rain,47,"90,000",1.0,5.4
141,,1987-07-12,1987-07-21,Italy,"4,687",News,Heavy rain,20,300,1.0,4.7
139,,1987-07-04,1987-07-06,Colombia,"19,624",News,Heavy rain,15,240,1.0,4.8
137,,1987-07-02,1987-07-03,United States of America,"11,884",News,Heavy rain,0,"2,100",2.0,4.7
138,,1987-07-02,1987-07-23,China,"268,071",News,Heavy rain,56,"25,600",1.0,6.8
136,,1987-06-24,1987-07-02,China,"139,927",News,Heavy rain,40,0,1.0,6.1
135,,1987-06-05,1987-06-08,United States of America,"7,259",News,Heavy rain,0,536,1.0,4.5
134,,1987-05-30,1987-05-31,Dominican Republic,"7,876",News,Heavy rain,10,200,1.0,4.2
133,,1987-05-26,1987-05-30,United States of America,"36,414",News,Torrential rain,2,"2,200",2.0,5.6
131,,1987-05-23,1987-05-26,Poland,"13,629",News,Torrential rain,0,500,1.0,4.7
132,,1987-05-19,1987-06-09,China,"274,129",News,Heavy rain,178,"470,000",1.0,6.8
130,,1987-05-09,1987-05-11,Australia,"5,030",News,Heavy rain,3,400,1.0,4.2
129,,1987-05-07,1987-05-15,Yugoslavia,"23,820",News,Heavy rain,4,0,1.0,5.3
128,,1987-04-03,1987-04-05,Ecuador,"15,796",News,Torrential rain,100,"3,000",1.0,4.7
127,,1987-03-31,1987-04-09,United States of America,"39,618",News,Snowmelt,5,"5,000",2.0,5.9
126,,1987-03-16,1987-03-17,Tajikistan,"4,714",News,Heavy rain,31,"1,000",1.0,4.0
125,,1987-03-09,1987-03-11,Peru,"4,672",News,Dam/Levy break or release,12,"1,000",1.0,4.1
124,,1987-03-05,1987-03-07,Ecuador,"31,908",News,Dam/Levy break or release,300,"15,000",1.0,5.0
123,,1987-02-21,1987-02-23,Indonesia,"19,656",News,Heavy rain,3,"26,000",2.0,5.1
121,,1987-02-01,1987-02-10,Peru,"29,211",News,Heavy rain,113,"2,000",1.0,5.5
122,,1987-01-28,1987-02-14,Georgia,"33,922",News,Heavy rain,110,"10,000",1.0,5.8
119,,1987-01-26,1987-01-28,Brazil,"7,037",News,Heavy rain,69,"9,000",2.0,4.6
120,,1987-01-20,1987-01-30,Bolivia (Plurinational State of),"12,805",News,Heavy rain,20,"3,000",1.0,5.1
117,,1987-01-15,1987-02-05,Argentina,"224,546",News,Torrential rain,7,"9,000",1.0,6.7
118,,1987-01-01,1987-01-26,Madagascar,"45,555",News,Torrential rain,2,"40,220",1.0,6.1
116,,1986-12-23,1987-01-01,Brazil,"276,038",News,Torrential rain,29,"7,000",1.0,6.4
115,,1986-12-03,1986-12-05,Viet Nam,"49,609",News,Heavy rain,165,0,1.0,5.2
114,,1986-11-30,1986-12-11,Iran (Islamic Republic of),"155,503",News,Heavy rain,200,"40,000",1.0,6.3
113,,1986-11-23,1986-11-26,United States of America,"26,882",News,Rain and snowmelt,0,"2,000",2.0,5.3
112,,1986-10-27,1986-11-03,Indonesia,"79,415",News,Heavy rain,93,"31,000",2.0,6.1
111,,1986-10-23,1986-10-25,Haiti,"1,153",News,Heavy rain,40,901,1.0,3.5
110,,1986-10-09,1986-10-15,United States of America,"43,476",News,Heavy rain,0,"1,500",1.0,5.5
109,,1986-10-06,1986-10-07,Philippines,"24,916",News,Heavy rain,18,"60,000",1.0,4.7
108,,1986-09-30,1986-10-03,Tunisia,"12,622",News,Torrential rain,20,500,1.0,4.7
107,,1986-09-26,1986-10-13,United States of America,"107,661",News,Heavy rain,10,"55,000",2.0,6.6
105,,1986-09-25,1986-10-05,United States of America,"49,215",News,Heavy rain,1,700,2.0,6.0
106,,1986-09-22,1986-10-10,India,"231,516",News,Heavy rain,49,"700,000",1.0,6.6
104,,1986-09-09,1986-09-17,United States of America,"53,960",News,Torrential rain,6,"4,000",2.0,6.0
103,,1986-09-04,1986-09-08,Mexico,"14,136",News,Heavy rain,20,"5,000",1.0,4.8
102,,1986-09-02,1986-09-05,United States of America,"49,574",News,Heavy rain,3,0,1.0,5.3
101,,1986-09-01,1986-09-02,Azores Islands,983,News,Torrential rain,3,0,1.0,3.3
100,,1986-08-18,1986-08-21,United States of America,"3,757",News,Heavy rain,2,125,1.0,4.2
98,,1986-08-15,1986-08-22,India,"107,355",News,Monsoonal rain,150,"3,000,000",1.0,5.9
97,,1986-08-06,1986-08-06,United States of America,"6,562",News,Torrential rain,1,250,1.0,3.8
96,,1986-08-05,1986-08-08,Japan,"16,929",News,Tropical cyclone,17,"3,000",1.0,4.8
99,,1986-08-04,1986-08-16,Uruguay,"48,841",News,Heavy rain,0,"16,000",1.0,5.8
95,,1986-07-25,1986-08-04,Viet Nam,"66,088",News,Heavy rain,0,0,1.0,5.9
92,,1986-07-21,1986-07-31,China,"116,843",News,Tropical cyclone,73,"50,000",1.0,6.1
91,,1986-07-18,1986-07-22,Canada,"46,914",News,Heavy rain,0,"1,000",2.0,5.7
90,,1986-07-10,1986-07-30,Colombia,"199,436",News,Heavy rain,4,"28,000",1.0,6.6
89,,1986-07-09,1986-07-13,Philippines,"46,622",News,Tropical cyclone,103,"530,000",1.0,5.4
88,,1986-07-01,1986-07-02,United States of America,"6,986",News,Heavy rain,1,640,2.0,4.4
87,,1986-06-27,1986-06-30,United States of America,"25,821",News,Tropical cyclone,1,"1,000",1.0,5.0
94,,1986-06-25,1986-08-24,China,"599,143",News,Torrential rain,0,"800,000",1.0,7.6
86,,1986-06-15,1986-06-18,Chile,"27,913",News,Heavy rain,40,"45,000",1.0,5.0
93,,1986-06-15,1986-08-20,India,"507,167",News,Monsoonal rain,258,"3,040,000",1.0,7.5
85,,1986-06-04,1986-06-15,Jamaica,"81,780",News,Heavy rain,94,"11,860",1.0,6.0
84,,1986-05-31,1986-06-11,United States of America,"26,949",News,Torrential rain,10,"3,500",1.0,5.5
83,,1986-05-30,1986-05-31,United States of America,"1,700",News,Torrential rain,8,10,1.0,3.5
82,,1986-05-27,1986-05-29,Chile,"27,913",News,Torrential rain,8,"17,000",1.0,4.9
81,,1986-05-24,1986-05-24,United States of America,"5,256",News,Torrential rain,3,100,1.0,3.7
80,,1986-05-19,1986-05-20,Solomon Islands,"28,719",News,Tropical cyclone,0,"10,000",1.0,4.8
79,,1986-05-15,1986-05-15,United States of America,"6,447",News,Torrential rain,3,0,1.0,3.8
78,,1986-05-09,1986-05-12,Thailand,"83,451",News,Monsoonal rain,32,0,2.0,5.8
77,,1986-05-02,1986-05-06,Iran (Islamic Republic of),"206,211",News,Heavy rain,26,"1,000",1.0,6.0
76,,1986-04-23,1986-04-25,Brazil,"155,406",News,Torrential rain,11,0,1.0,5.7
75,,1986-04-11,1986-05-07,Argentina,"268,468",News,Heavy rain,2,"55,000",1.0,6.9
74,,1986-03-27,1986-04-05,United States of America,"4,321",News,Ice jam/break-up,2,496,1.0,4.6
72,,1986-02-12,1986-02-27,United States of America,"88,717",News,Torrential rain,18,"30,000",2.0,6.5
73,,1986-02-01,1986-05-01,Peru,"94,944",News,Torrential rain,0,"300,000",2.0,7.2
71,,1986-01-06,1986-04-03,Bolivia (Plurinational State of),"62,629",News,Heavy rain,30,"11,300",2.0,7.0
70,,1986-01-01,1986-01-06,United States of America,"1,742",News,Ice jam/break-up,0,100,1.0,4.0
69,,1985-12-30,1985-12-31,United States of America,"2,797",News,Heavy rain,0,100,1.0,3.7
67,,1985-12-02,1985-12-05,Venezuela (Bolivarian Republic of),"19,688",News,Heavy rain,24,"15,000",1.0,4.9
68,,1985-12-02,1985-12-04,Trinidad and Tobago,293,News,Heavy rain,0,0,1.0,2.9
66,,1985-11-19,1985-11-22,Jamaica,"3,961",News,Tropical cyclone,7,0,1.0,4.2
65,,1985-11-01,1985-11-09,United States of America,"57,867",News,Heavy rain,54,"18,000",2.0,6.0
64,,1985-10-26,1985-10-30,United States of America,"9,356",News,Tropical cyclone,0,"400,000",2.0,5.0
62,,1985-10-19,1985-10-21,United States of America,"61,286",News,Heavy rain,3,0,1.0,5.3
63,,1985-10-19,1985-10-20,Philippines,"89,517",News,Tropical cyclone,31,0,1.0,5.3
61,,1985-10-18,1985-10-20,India,"46,759",News,Tropical cyclone,49,"150,000",2.0,5.4
60,,1985-10-12,1985-10-17,Thailand,"13,914",News,Heavy rain,18,"7,640",1.0,4.9
59,,1985-10-10,1985-10-28,Benin,"29,268",News,Heavy rain,78,"48,000",1.0,5.7
58,,1985-10-09,1985-10-12,Mexico,"225,144",News,Heavy rain,1,460,1.0,6.0
57,,1985-10-06,1985-10-08,Puerto Rico,"7,220",News,Tropical cyclone,99,"6,200",1.0,4.3
56,,1985-09-27,1985-09-28,Bangladesh,"6,467",News,Heavy rain,0,800,1.0,4.1
55,,1985-09-23,1985-09-25,Nigeria,"74,616",News,Heavy rain,0,"6,000",1.0,5.3
54,,1985-09-14,1985-09-15,Dominican Republic,"7,758",News,Heavy rain,12,895,1.0,4.2
53,,1985-09-13,1985-10-15,India,"89,995",News,Heavy rain,557,"152,000",2.0,6.8
52,,1985-09-12,1985-09-15,Sweden,"51,411",News,Heavy rain,0,0,1.0,5.3
51,,1985-09-07,1985-09-15,Viet Nam,"24,681",News,Heavy rain,34,0,1.0,5.3
49,,1985-09-06,1985-09-11,Nepal,"13,058",News,Heavy rain,30,"1,500",1.0,4.9
50,,1985-09-06,1985-09-09,United States of America,"3,235",News,Torrential rain,0,160,2.0,4.4
47,,1985-09-01,1985-09-02,Japan,"79,043",News,Tropical cyclone,11,"1,200",1.0,5.2
48,,1985-09-01,1985-09-04,China,"11,099",News,Heavy rain,26,"70,000",1.0,4.6
44,,1985-08-30,1985-09-03,China,"38,003",News,Tropical cyclone,147,0,1.0,5.3
45,,1985-08-30,1985-09-08,China,"49,644",News,Heavy rain,0,"200,000",1.0,5.7
46,,1985-08-30,1985-09-05,United States of America,"73,969",News,Tropical cyclone,4,"1,000,000",1.0,5.7
43,,1985-08-17,1985-08-19,Ethiopia,"92,580",News,Heavy rain,0,"8,000",1.0,5.4
42,,1985-08-07,1985-08-08,Austria,"15,151",News,Heavy rain,12,0,2.0,4.8
41,,1985-08-06,1985-08-09,China,"146,691",News,Heavy rain,283,"14,000",1.0,5.8
40,,1985-08-04,1985-08-05,Nepal,"12,488",News,Heavy rain,3,160,2.0,4.7
39,,1985-08-02,1985-08-03,United States of America,"17,923",News,Torrential rain,12,0,2.0,4.9
38,,1985-08-01,1985-08-02,China,"58,279",News,Heavy rain,3,"200,000",1.0,5.1
37,,1985-07-24,1985-07-25,United States of America,"2,440",News,Heavy rain,0,100,1.0,3.7
36,,1985-07-21,1985-08-17,Bangladesh,"5,663",News,Heavy rain,15,"175,000",1.0,5.2
35,,1985-07-20,1985-09-02,China,"994,498",News,Tropical cyclone,200,"2,000,000",2.0,8.0
34,,1985-07-19,1985-07-22,Sudan,"63,577",News,Heavy rain,0,0,1.0,5.4
33,,1985-07-18,1985-07-30,India,"117,441",News,Heavy rain,340,"20,000",1.0,6.2
32,,1985-07-13,1985-07-16,Chad,"15,244",News,Heavy rain,0,"1,600",1.0,4.8
31,,1985-07-09,1985-07-10,United States of America,"24,269",News,Torrential rain,2,200,1.0,4.7
30,,1985-07-06,1985-07-07,Germany Federal Republic,"1,928",News,Heavy rain,3,0,1.0,3.6
29,,1985-07-03,1985-07-04,Bangladesh,"6,447",News,Heavy rain,2,"77,000",1.0,4.1
28,,1985-06-28,1985-07-10,China,"290,680",News,Heavy rain,275,"60,000",2.0,6.9
27,,1985-06-23,1985-06-27,India,"254,235",News,Heavy rain,95,"25,000",1.0,6.1
26,,1985-06-22,1985-06-30,Philippines,"7,768",News,Tropical cyclone,98,"130,000",1.0,4.8
25,,1985-06-10,1985-06-11,United States of America,"9,865",News,Heavy rain,0,320,2.0,4.6
24,,1985-06-05,1985-06-06,United States of America,"83,470",News,Heavy rain,6,100,1.0,5.2
23,,1985-06-03,1985-06-22,Bangladesh,"8,910",News,Heavy rain,7,"100,000",2.0,5.6
22,,1985-05-30,1985-06-01,Argentina,"78,653",News,Heavy rain,25,"100,000",2.0,5.7
21,,1985-05-26,1985-06-06,China,"458,666",News,Heavy rain,64,"10,000",2.0,7.0
20,,1985-05-19,1985-05-20,Puerto Rico,"1,424",News,Heavy rain,2,"4,500",1.0,3.5
19,,1985-05-11,1985-05-12,United States of America,"116,344",News,Heavy rain,2,0,1.0,5.4
18,,1985-04-24,1985-04-25,United States of America,"5,124",News,Rain and snowmelt,0,400,2.0,4.3
17,,1985-04-21,1985-04-29,China,"300,325",News,Ice jam/break-up,0,200,1.0,6.4
16,,1985-04-11,1985-04-12,United States of America,"17,193",News,Heavy rain,1,200,1.0,4.5
15,,1985-04-02,1985-04-17,Brazil,"1,970,402",News,Heavy rain,32,"700,000",2.0,7.8
14,,1985-03-30,1985-03-31,United States of America,"16,884",News,Heavy rain,0,300,1.0,4.5
13,,1985-03-14,1985-03-15,United States of America,"141,508",News,Heavy rain,0,0,1.0,5.5
12,,1985-03-13,1985-03-14,United States of America,"26,527",News,Rain and snowmelt,0,80,1.0,4.7
11,,1985-03-03,1985-03-08,United States of America,"26,266",News,Rain and snowmelt,4,"2,400",2.0,5.5
10,,1985-02-25,1985-02-28,Bolivia (Plurinational State of),"69,707",News,Heavy rain,2,"1,000",1.0,5.4
9,,1985-02-22,1985-03-01,United States of America,"210,528",News,Rain and snowmelt,7,"2,250",2.0,6.5
8,,1985-02-19,1985-02-23,Indonesia,"77,091",News,Heavy rain,10,"2,000",1.0,5.6
7,,1985-02-17,1985-02-18,New Zealand,"7,871",News,Heavy rain,4,200,1.0,4.2
6,,1985-02-16,1985-02-28,Comoros,"1,036",News,Tropical cyclone,2,"35,000",1.0,4.1
5,,1985-02-09,1985-02-11,Mozambique,"20,082",News,Heavy rain,19,0,2.0,5.1
4,,1985-02-04,1985-02-18,Indonesia,"16,542",News,Torrential rain,21,300,1.0,5.4
3,,1985-01-20,1985-01-21,Philippines,"12,846",News,Torrential rain,43,444,1.0,4.4
2,,1985-01-15,1985-02-02,Brazil,"678,499",News,Heavy rain,229,"80,000",2.0,7.4
1,,1985-01-01,1985-01-05,Algeria,"92,616",News,Heavy rain,26,"3,000",1.0,5.7
