match_group_id,source,source_id,country,start_date,end_date
1,DFO,DFO-5513,Iran (Islamic Republic of),2024-02-26,2024-03-07
1,EM-DAT,2024-0120-IRN,Iran (Islamic Republic of),2024-02-27,2024-03-08
2,DFO,DFO-5514,Peru,2024-02-26,2024-03-01
2,EM-DAT,2024-0103-PER,Peru,2024-02-19,2024-02-21
3,DFO,DFO-5516,Brazil,2024-02-21,2024-02-22
3,EM-DAT,2024-0108-BRA,Brazil,2024-02-13,2024-02-16
3,EM-DAT,2024-0098-BRA,Brazil,2024-02-21,2024-02-23
4,DFO,DFO-5511,Oman,2024-02-12,2024-02-13
4,EM-DAT,2024-0076-OMN,Oman,2024-02-11,2024-02-13
5,DFO,DFO-5512,Philippines,2024-01-28,2024-02-04
5,EM-DAT,2024-0020-PHL,Philippines,2024-01-14,2024-02-02
6,DFO,DFO-5509,Brazil,2024-01-14,2024-01-15
6,EM-DAT,2024-0012-BRA,Brazil,2024-01-08,2024-01-16
7,DFO,DFO-5508,South Africa,2024-01-07,2024-01-08
7,EM-DAT,2024-0015-ZAF,South Africa,2024-01-12,2024-01-19
8,DFO,DFO-5503,France,2023-12-30,2024-01-05
8,EM-DAT,2023-0866-FRA,France,2023-12-30,2024-01-03
9,DFO,DFO-5499,Congo,2023-12-01,2023-12-29
9,DFO,DFO-5510,Congo,2023-12-29,2024-01-23
9,EM-DAT,2023-0868-COG,Congo,2023-12-07,2024-01-15
10,DFO,DFO-5507,Democratic Republic of the Congo,2023-12-28,2024-01-12
10,EM-DAT,2023-0857-COD,Democratic Republic of the Congo,2023-12-26,2023-12-27
10,EM-DAT,2024-0268-COD,Democratic Republic of the Congo,2024-01-11,2024-01-20
11,DFO,DFO-5495,South Africa,2023-12-25,2023-12-29
11,EM-DAT,2023-0855-ZAF,South Africa,2023-12-24,2023-12-26
12,DFO,DFO-5500,Thailand,2023-12-22,2023-12-25
12,EM-DAT,2023-0854-THA,Thailand,2023-12-22,2023-12-25
13,DFO,DFO-5501,India,2023-12-10,2023-12-13
13,EM-DAT,2023-0846-IND,India,2023-12-18,2023-12-20
14,DFO,DFO-5502,Bolivia (Plurinational State of),2023-12-10,2023-12-13
14,EM-DAT,2023-0783-BOL,Bolivia (Plurinational State of),2023-12-10,2023-12-13
15,DFO,DFO-5493,United States of America,2023-12-04,2023-12-06
15,EM-DAT,2023-0785-USA,United States of America,2023-12-04,2023-12-06
16,DFO,DFO-5491,Angola,2023-11-30,2023-12-04
16,EM-DAT,2023-0844-AGO,Angola,2023-11-30,2023-12-05
17,DFO,DFO-5490,Dominican Republic • Haiti,2023-11-17,2023-11-18
17,EM-DAT,2023-0763-DOM,Dominican Republic,2023-11-17,2023-11-18
17,EM-DAT,2023-0763-HTI,Haiti,2023-11-17,2023-11-18
18,DFO,DFO-5486,Ethiopia,2023-11-02,2023-11-07
18,EM-DAT,2023-0728-ETH,Ethiopia,2023-10-01,2023-11-30
19,DFO,DFO-5484,Paraguay,2023-10-30,2023-11-04
19,EM-DAT,2023-0753-PRY,Paraguay,2023-10-30,2023-11-04
20,DFO,DFO-5485,Colombia,2023-10-30,2023-11-03
20,EM-DAT,2023-0810-COL,Colombia,2023-10-30,2023-11-28
21,DFO,DFO-5483,Burundi,2023-10-26,2023-10-27
21,EM-DAT,2023-0809-BDI,Burundi,2023-10-26,2023-12-27
22,DFO,DFO-5477,Kenya,2023-10-15,2023-11-11
22,EM-DAT,2023-0721-KEN,Kenya,2023-10-15,2024-01-01
23,DFO,DFO-5473,Myanmar,2023-10-06,2023-10-10
23,EM-DAT,2023-0633-MMR,Myanmar,2023-10-05,2023-10-09
24,DFO,DFO-5475,Sri Lanka,2023-10-06,2023-10-07
24,EM-DAT,2023-0654-LKA,Sri Lanka,2023-09-28,2023-10-07
25,DFO,DFO-5482,India,2023-10-04,2023-10-04
25,EM-DAT,2023-0622-IND,India,2023-10-05,2023-10-05
26,DFO,DFO-5489,Somalia,2023-10-04,2023-11-30
26,EM-DAT,2023-0741-SOM,Somalia,2023-09-01,2023-11-20
26,EM-DAT,2023-0683-SOM,Somalia,2023-10-01,2023-10-01
27,DFO,DFO-5474,Brazil,2023-10-03,2023-10-10
27,EM-DAT,2023-0663-BRA,Brazil,2023-10-10,2023-10-10
28,DFO,DFO-5480,United States of America,2023-09-28,2023-09-29
28,EM-DAT,2023-0651-USA,United States of America,2023-09-29,2023-10-04
29,DFO,DFO-5471,Mexico,2023-09-25,2023-09-25
29,EM-DAT,2023-0647-MEX,Mexico,2023-09-25,2023-09-25
30,DFO,DFO-5472,Guatemala,2023-09-24,2023-09-25
30,EM-DAT,2023-0365-GTM,Guatemala,2023-05-01,2023-10-11
31,DFO,DFO-5469,South Africa,2023-09-23,2023-09-26
31,EM-DAT,2023-0619-ZAF,South Africa,2023-09-23,2023-09-24
32,DFO,DFO-5476,Ghana,2023-09-15,2023-10-24
32,EM-DAT,2023-0690-GHA,Ghana,2023-10-13,2023-10-19
33,DFO,DFO-5463,China • Hong Kong Special Administrative Region,2023-09-08,2023-09-08
33,EM-DAT,2023-0615-CHN,China,2023-09-07,2023-09-08
34,DFO,DFO-5462,Greece • Türkiye • Bulgaria,2023-09-05,2023-09-07
34,EM-DAT,2023-0582-GRC,Greece,2023-09-04,2023-09-07
34,EM-DAT,2023-0582-TUR,Türkiye,2023-09-06,2023-09-08
34,EM-DAT,2023-0582-BGR,Bulgaria,2023-09-07,2023-09-08
35,DFO,DFO-5459,Algeria,2023-09-02,2023-09-03
35,EM-DAT,2023-0580-DZA,Algeria,2023-09-02,2023-09-03
36,DFO,DFO-5460,Spain,2023-09-02,2023-09-04
36,EM-DAT,2023-0581-ESP,Spain,2023-09-02,2023-09-04
37,DFO,DFO-5467,Liberia,2023-09-01,2023-09-04
37,EM-DAT,2023-0001-LBR,Liberia,2023-09-01,2023-09-04
38,DFO,DFO-5457,Tajikistan,2023-08-23,2023-08-23
38,EM-DAT,2023-0570-TJK,Tajikistan,2023-08-27,2023-08-30
39,DFO,DFO-5454,Chile,2023-08-17,2023-08-21
39,EM-DAT,2023-0539-CHL,Chile,2023-08-17,2023-08-21
40,DFO,DFO-5452,Slovenia,2023-08-03,2023-08-04
40,EM-DAT,2023-0497-SVN,Slovenia,2023-08-03,2023-08-04
41,DFO,DFO-5450,Afghanistan,2023-07-22,2023-07-22
41,EM-DAT,2023-0462-AFG,Afghanistan,2023-07-22,2023-07-24
42,DFO,DFO-5451,Canada,2023-07-22,2023-07-22
42,EM-DAT,2023-0465-CAN,Canada,2023-07-21,2023-07-22
43,DFO,DFO-5439,United States of America,2023-07-09,2023-07-10
43,DFO,DFO-5444,United States of America,2023-07-10,2023-07-12
43,DFO,DFO-5446,United States of America,2023-07-15,2023-07-16
43,DFO,DFO-5448,United States of America,2023-07-19,2023-07-20
43,EM-DAT,2023-0426-USA,United States of America,2023-07-09,2023-07-18
44,DFO,DFO-5432,India,2023-06-14,2023-06-22
44,DFO,DFO-5433,India,2023-06-16,2023-06-20
44,DFO,DFO-5445,India,2023-07-09,2023-07-13
44,EM-DAT,2023-0330-IND,India,2023-06-14,2023-06-23
44,EM-DAT,2023-0428-IND,India,2023-06-25,2023-09-07
44,EM-DAT,2023-0359-IND,India,2023-06-26,2023-07-12
45,DFO,DFO-5447,Republic of Korea,2023-07-09,2023-07-16
45,EM-DAT,2023-0440-KOR,Republic of Korea,2023-07-09,2023-07-16
46,DFO,DFO-5440,Indonesia,2023-07-07,2023-07-09
46,EM-DAT,2023-0437-IDN,Indonesia,2023-07-07,2023-07-14
47,DFO,DFO-5443,Brazil,2023-07-07,2023-07-10
47,EM-DAT,2023-0434-BRA,Brazil,2023-07-10,2023-07-14
48,DFO,DFO-5436,Chile,2023-06-23,2023-06-23
48,EM-DAT,2023-0362-CHL,Chile,2023-06-21,2023-06-25
49,DFO,DFO-5434,Ghana,2023-06-21,2023-06-24
49,EM-DAT,2023-0368-GHA,Ghana,2023-06-21,2023-06-26
50,DFO,DFO-5431,Nepal,2023-06-17,2023-06-19
50,EM-DAT,2023-0326-NPL,Nepal,2023-06-15,2023-06-19
51,DFO,DFO-5430,Brazil,2023-06-16,2023-06-18
51,EM-DAT,2023-0325-BRA,Brazil,2023-06-15,2023-06-16
52,DFO,DFO-5428,Pakistan,2023-06-10,2023-06-11
52,EM-DAT,2023-0354-PAK,Pakistan,2023-06-10,2023-06-29
53,DFO,DFO-5429,Cuba,2023-06-08,2023-06-10
53,EM-DAT,2023-0337-CUB,Cuba,2023-06-08,2023-06-10
54,DFO,DFO-5423,Haiti,2023-06-03,2023-06-05
54,EM-DAT,2023-0339-HTI,Haiti,2023-06-02,2023-06-06
55,DFO,DFO-5425,Ecuador,2023-06-03,2023-06-04
55,EM-DAT,2023-0342-ECU,Ecuador,2023-06-01,2023-06-08
56,DFO,DFO-5422,China,2023-06-01,2023-06-02
56,EM-DAT,2023-0341-CHN,China,2023-06-01,2023-06-05
57,DFO,DFO-5419,Bosnia and Herzegovina,2023-05-17,2023-05-18
57,EM-DAT,2023-0321-BIH,Bosnia and Herzegovina,2023-05-14,2023-05-19
58,DFO,DFO-5418,Italy,2023-05-16,2023-05-25
58,EM-DAT,2023-0293-ITA,Italy,2023-05-16,2023-05-20
59,DFO,DFO-5417,Croatia,2023-05-12,2023-05-17
59,EM-DAT,2023-0319-HRV,Croatia,2023-05-12,2023-05-17
60,DFO,DFO-5413,Democratic Republic of the Congo,2023-05-04,2023-05-05
60,EM-DAT,2023-0281-COD,Democratic Republic of the Congo,2023-05-02,2023-05-05
61,DFO,DFO-5412,Italy,2023-05-03,2023-05-03
61,EM-DAT,2023-0270-ITA,Italy,2023-04-30,2023-05-03
62,DFO,DFO-5411,Rwanda,2023-05-02,2023-05-03
62,EM-DAT,2023-0267-RWA,Rwanda,2023-05-01,2023-05-03
63,DFO,DFO-5401,Ethiopia,2023-03-15,2023-04-03
63,DFO,DFO-5416,Ethiopia,2023-05-01,2023-05-05
63,EM-DAT,2023-0187-ETH,Ethiopia,2023-03-25,2023-05-12
64,DFO,DFO-5410,Pakistan,2023-04-29,2023-04-30
64,EM-DAT,2023-0266-PAK,Pakistan,2023-04-29,2023-05-03
65,DFO,DFO-5408,Brazil,2023-04-21,2023-04-22
65,EM-DAT,2023-0257-BRA,Brazil,2023-04-25,2023-04-27
66,DFO,DFO-5409,Kenya,2023-04-21,2023-04-30
66,EM-DAT,2023-0259-KEN,Kenya,2023-04-25,2023-04-27
67,DFO,DFO-5406,Ukraine,2023-04-15,2023-04-16
67,EM-DAT,2023-0242-UKR,Ukraine,2023-04-15,2023-04-15
68,DFO,DFO-5405,United Republic of Tanzania,2023-04-03,2023-04-12
68,EM-DAT,2023-0236-TZA,United Republic of Tanzania,2023-04-01,2023-04-02
68,EM-DAT,2023-0226-TZA,United Republic of Tanzania,2023-04-12,2023-04-17
69,DFO,DFO-5395,Kenya,2023-03-23,2023-03-27
69,DFO,DFO-5400,Kenya,2023-04-02,2023-04-02
69,EM-DAT,2023-0187-KEN,Kenya,2023-03-25,2023-03-30
70,DFO,DFO-5407,Angola,2023-04-01,2023-04-21
70,EM-DAT,2023-0247-AGO,Angola,2023-04-01,2023-04-30
71,DFO,DFO-5402,Burundi,2023-03-31,2023-04-04
71,EM-DAT,2023-0222-BDI,Burundi,2023-03-31,2023-04-12
72,DFO,DFO-5389,Brazil,2023-03-16,2023-03-21
72,DFO,DFO-5396,Brazil,2023-03-23,2023-03-28
72,DFO,DFO-5391,Brazil,2023-03-25,2023-03-25
72,EM-DAT,2023-0157-BRA,Brazil,2023-03-16,2023-03-23
72,EM-DAT,2023-0204-BRA,Brazil,2023-03-20,2023-03-21
72,EM-DAT,2023-0179-BRA,Brazil,2023-03-24,2023-03-27
72,EM-DAT,2023-0203-BRA,Brazil,2023-03-29,2023-03-29
73,DFO,DFO-5392,Somalia,2023-03-24,2023-03-25
73,EM-DAT,2023-0172-SOM,Somalia,2023-03-12,2023-03-24
73,EM-DAT,2023-0295-SOM,Somalia,2023-04-01,2023-05-01
74,DFO,DFO-5397,Pakistan,2023-03-24,2023-04-02
74,EM-DAT,2023-0159-PAK,Pakistan,2023-03-17,2023-03-22
74,EM-DAT,2023-0208-PAK,Pakistan,2023-03-24,2023-04-06
74,EM-DAT,2023-0173-PAK,Pakistan,2023-03-25,2023-03-25
75,DFO,DFO-5394,South Africa,2023-03-23,2023-03-23
75,EM-DAT,2023-0180-ZAF,South Africa,2023-03-23,2023-03-27
76,DFO,DFO-5361,Bolivia (Plurinational State of),2023-02-05,2023-02-07
76,DFO,DFO-5369,Bolivia (Plurinational State of),2023-02-15,2023-02-16
76,DFO,DFO-5393,Bolivia (Plurinational State of),2023-03-20,2023-03-27
76,EM-DAT,2023-0055-BOL,Bolivia (Plurinational State of),2023-01-01,2023-03-16
76,EM-DAT,2023-0175-BOL,Bolivia (Plurinational State of),2023-03-21,2023-03-27
76,EM-DAT,2023-0178-BOL,Bolivia (Plurinational State of),2023-03-27,2023-03-29
77,DFO,DFO-5373,Ecuador,2023-02-18,2023-02-21
77,DFO,DFO-5381,Ecuador,2023-03-06,2023-03-07
77,DFO,DFO-5390,Ecuador,2023-03-18,2023-03-18
77,EM-DAT,2023-0126-ECU,Ecuador,2023-01-01,2023-04-23
78,DFO,DFO-5386,Türkiye,2023-03-15,2023-03-15
78,EM-DAT,2023-0141-TUR,Türkiye,2023-03-14,2023-03-15
79,DFO,DFO-5377,Australia,2023-02-27,2023-03-01
79,DFO,DFO-5384,Australia,2023-03-08,2023-03-12
79,EM-DAT,2023-0129-AUS,Australia,2023-03-01,2023-03-03
79,EM-DAT,2023-0138-AUS,Australia,2023-03-10,2023-03-14
80,DFO,DFO-5379,Brazil,2023-03-05,2023-03-05
80,DFO,DFO-5382,Brazil,2023-03-05,2023-03-07
80,EM-DAT,2023-0125-BRA,Brazil,2023-03-05,2023-03-06
81,DFO,DFO-5360,Peru,2023-02-05,2023-02-06
81,DFO,DFO-5383,Peru,2023-03-04,2023-03-11
81,EM-DAT,2023-0137-PER,Peru,2023-01-01,2023-03-29
82,DFO,DFO-5378,Malaysia,2023-02-28,2023-03-02
82,EM-DAT,2023-0120-MYS,Malaysia,2023-02-28,2023-03-02
83,DFO,DFO-5367,Brazil,2023-02-13,2023-02-14
83,DFO,DFO-5370,Brazil,2023-02-18,2023-02-20
83,EM-DAT,2023-0092-BRA,Brazil,2023-02-19,2023-02-21
84,DFO,DFO-5362,South Africa,2023-02-02,2023-02-12
84,DFO,DFO-5371,South Africa,2023-02-18,2023-02-18
84,EM-DAT,2023-0080-ZAF,South Africa,2023-02-08,2023-02-21
85,DFO,DFO-5375,Paraguay,2023-02-16,2023-02-26
85,EM-DAT,2023-0116-PRY,Paraguay,2023-02-17,2023-03-03
86,DFO,DFO-5372,Philippines,2023-02-13,2023-02-21
86,EM-DAT,2023-0094-PHL,Philippines,2023-02-13,2023-02-20
86,EM-DAT,2023-0102-PHL,Philippines,2023-02-20,2023-02-24
87,DFO,DFO-5363,Mozambique,2023-02-08,2023-02-12
87,EM-DAT,2022-0861-MOZ,Mozambique,2022-10-01,2023-02-01
87,EM-DAT,2023-0078-MOZ,Mozambique,2023-02-07,2023-02-12
88,DFO,DFO-5354,Indonesia,2023-01-21,2023-01-24
88,DFO,DFO-5356,Indonesia,2023-01-26,2023-01-27
88,DFO,DFO-5358,Indonesia,2023-02-01,2023-02-02
88,EM-DAT,2023-0041-IDN,Indonesia,2023-01-20,2023-01-27
88,EM-DAT,2023-0044-IDN,Indonesia,2023-01-27,2023-01-30
89,DFO,DFO-5357,New Zealand,2023-01-27,2023-01-27
89,EM-DAT,2023-0046-NZL,New Zealand,2023-01-27,2023-02-02
90,DFO,DFO-5355,Malaysia,2023-01-24,2023-01-25
90,EM-DAT,2023-0041-MYS,Malaysia,2023-01-20,2023-01-27
91,DFO,DFO-5351,Serbia,2023-01-18,2023-01-19
91,EM-DAT,2023-0022-SRB,Serbia,2023-01-18,2023-01-20
92,DFO,DFO-5353,Brazil,2023-01-18,2023-01-19
92,EM-DAT,2023-0028-BRA,Brazil,2023-01-17,2023-01-18
93,DFO,DFO-5346,Indonesia,2022-12-25,2023-01-02
93,DFO,DFO-5348,Indonesia,2023-01-03,2023-01-06
93,EM-DAT,2022-0847-IDN,Indonesia,2022-12-25,2022-12-26
93,EM-DAT,2022-0845-IDN,Indonesia,2022-12-26,2023-01-01
94,DFO,DFO-5342,Philippines,2022-12-27,2022-12-27
94,DFO,DFO-5349,Philippines,2023-01-01,2023-01-19
94,EM-DAT,2022-0832-PHL,Philippines,2022-12-25,2022-12-29
94,EM-DAT,2023-0002-PHL,Philippines,2023-01-01,2023-01-29
95,DFO,DFO-5341,Brazil,2022-12-20,2022-12-20
95,EM-DAT,2022-0815-BRA,Brazil,2022-12-20,2022-12-22
96,DFO,DFO-5343,Uganda,2022-12-20,2022-12-26
96,EM-DAT,2022-0857-UGA,Uganda,2022-12-20,2022-12-26
97,DFO,DFO-5340,Thailand • Malaysia,2022-12-16,2022-12-19
97,EM-DAT,2022-0810-MYS,Malaysia,2022-12-17,2022-12-21
97,EM-DAT,2022-0810-THA,Thailand,2022-12-19,2022-12-21
98,DFO,DFO-5338,Democratic Republic of the Congo,2022-12-12,2022-12-13
98,EM-DAT,2022-0805-COD,Democratic Republic of the Congo,2022-12-12,2022-12-13
99,DFO,DFO-5336,Türkiye,2022-12-11,2022-12-13
99,EM-DAT,2022-0812-TUR,Türkiye,2022-12-11,2022-12-12
100,DFO,DFO-5337,Bosnia and Herzegovina • Croatia,2022-12-10,2022-12-10
100,EM-DAT,2022-0825-BIH,Bosnia and Herzegovina,2022-12-11,2022-12-22
100,EM-DAT,2022-0825-HRV,Croatia,2022-12-11,2022-12-11
101,DFO,DFO-5331,Brazil,2022-11-28,2022-12-04
101,DFO,DFO-5335,Brazil,2022-12-07,2022-12-07
101,EM-DAT,2022-0793-BRA,Brazil,2022-11-29,2022-12-04
101,EM-DAT,2022-0783-BRA,Brazil,2022-11-29,2022-12-04
102,DFO,DFO-5332,South Africa,2022-12-03,2022-12-03
102,EM-DAT,2022-0788-ZAF,South Africa,2022-12-10,2022-12-12
103,DFO,DFO-5333,Viet Nam,2022-12-02,2022-12-02
103,EM-DAT,2022-0795-VNM,Viet Nam,2022-12-01,2022-12-04
104,DFO,DFO-5344,Malawi,2022-11-18,2022-12-23
104,EM-DAT,2022-0843-MWI,Malawi,2022-11-01,2023-01-01
105,DFO,DFO-5328,Rwanda • Democratic Republic of the Congo,2022-11-17,2022-11-23
105,EM-DAT,2022-0746-COD,Democratic Republic of the Congo,2022-11-13,2022-11-16
105,EM-DAT,2022-0770-COD,Democratic Republic of the Congo,2022-11-17,2022-11-18
105,EM-DAT,2022-0770-RWA,Rwanda,2022-11-17,2022-11-18
106,DFO,DFO-5320,Venezuela (Bolivarian Republic of),2022-10-25,2022-10-31
106,DFO,DFO-5327,Venezuela (Bolivarian Republic of),2022-11-08,2022-11-11
106,EM-DAT,2022-0712-VEN,Venezuela (Bolivarian Republic of),2022-10-27,2022-11-02
106,EM-DAT,2022-0721-VEN,Venezuela (Bolivarian Republic of),2022-11-04,2022-11-04
107,DFO,DFO-5283,Colombia,2022-09-03,2022-09-03
107,DFO,DFO-5307,Colombia • Nicaragua • Honduras • Guatemala • Costa Rica • El Salvador • Panama,2022-10-09,2022-10-11
107,DFO,DFO-5322,Colombia,2022-10-23,2022-10-30
107,EM-DAT,2022-0684-COL,Colombia,2022-08-27,2022-10-18
107,EM-DAT,2022-0699-COL,Colombia,2022-10-19,2022-10-31
108,DFO,DFO-5304,Indonesia,2022-10-06,2022-10-06
108,DFO,DFO-5316,Indonesia,2022-10-08,2022-10-17
108,DFO,DFO-5318,Indonesia,2022-10-14,2022-10-17
108,DFO,DFO-5323,Indonesia,2022-10-23,2022-11-01
108,EM-DAT,2022-0694-IDN,Indonesia,2022-10-03,2022-10-21
108,EM-DAT,2022-0642-IDN,Indonesia,2022-10-04,2022-10-09
108,EM-DAT,2022-0736-IDN,Indonesia,2022-11-07,2022-11-14
108,EM-DAT,2022-0732-IDN,Indonesia,2022-11-08,2022-11-10
109,DFO,DFO-5308,Viet Nam,2022-10-10,2022-10-11
109,DFO,DFO-5313,Viet Nam,2022-10-15,2022-10-15
109,EM-DAT,2022-0667-VNM,Viet Nam,2022-10-10,2022-10-11
110,DFO,DFO-5314,Sri Lanka,2022-10-12,2022-10-16
110,EM-DAT,2022-0677-LKA,Sri Lanka,2022-10-14,2022-10-20
111,DFO,DFO-5221,India,2022-05-13,2022-05-18
111,DFO,DFO-5233,India,2022-06-14,2022-06-21
111,DFO,DFO-5241,India,2022-07-08,2022-07-09
111,DFO,DFO-5242,India,2022-07-11,2022-07-11
111,DFO,DFO-5266,India,2022-08-13,2022-08-18
111,DFO,DFO-5269,India,2022-08-19,2022-08-21
111,DFO,DFO-5277,India,2022-08-28,2022-08-31
111,DFO,DFO-5284,Nepal • India,2022-09-09,2022-09-12
111,DFO,DFO-5303,India,2022-10-05,2022-10-05
111,EM-DAT,2022-0293-IND,India,2022-05-17,2022-10-31
111,EM-DAT,2022-0539-IND,India,2022-08-01,2022-08-22
111,EM-DAT,2022-0590-NPL,Nepal,2022-09-09,2022-09-17
111,EM-DAT,2022-0590-IND,India,2022-09-18,2022-09-24
112,DFO,DFO-5301,Ghana,2022-10-04,2022-10-04
112,EM-DAT,2022-0637-GHA,Ghana,2022-10-04,2022-10-06
113,DFO,DFO-5299,Viet Nam • Thailand,2022-09-26,2022-09-30
113,DFO,DFO-5302,Thailand,2022-10-02,2022-10-05
113,EM-DAT,2022-0635-THA,Thailand,2022-09-01,2022-10-06
114,DFO,DFO-5249,Nigeria,2022-07-17,2022-07-17
114,DFO,DFO-5256,Nigeria,2022-08-01,2022-08-14
114,DFO,DFO-5273,Nigeria,2022-08-18,2022-08-22
114,DFO,DFO-5300,Nigeria,2022-09-28,2022-10-04
114,DFO,DFO-5309,Nigeria,2022-09-30,2022-10-11
114,EM-DAT,2022-0674-NGA,Nigeria,2022-07-01,2022-10-31
115,DFO,DFO-5294,Venezuela (Bolivarian Republic of),2022-09-23,2022-09-24
115,EM-DAT,2022-0615-VEN,Venezuela (Bolivarian Republic of),2022-09-22,2022-09-30
116,DFO,DFO-5297,Mali,2022-09-23,2022-09-23
116,EM-DAT,2022-0654-MLI,Mali,2022-07-01,2022-10-31
117,DFO,DFO-5248,Niger,2022-07-14,2022-07-17
117,DFO,DFO-5292,Niger,2022-09-17,2022-09-21
117,EM-DAT,2022-0446-NER,Niger,2022-06-01,2022-09-30
118,DFO,DFO-5286,Italy,2022-09-15,2022-09-16
118,EM-DAT,2022-0609-ITA,Italy,2022-09-15,2022-09-16
119,DFO,DFO-5281,Mexico,2022-09-03,2022-09-04
119,EM-DAT,2022-0572-MEX,Mexico,2022-08-28,2022-09-01
119,EM-DAT,2022-0579-MEX,Mexico,2022-09-03,2022-09-05
120,DFO,DFO-5280,Bulgaria,2022-09-02,2022-09-05
120,EM-DAT,2022-0585-BGR,Bulgaria,2022-09-02,2022-09-02
121,DFO,DFO-5310,Cambodia,2022-09-01,2022-10-13
121,EM-DAT,2022-0666-KHM,Cambodia,2022-09-01,2022-10-13
122,DFO,DFO-5275,Sierra Leone,2022-08-29,2022-08-29
122,EM-DAT,2022-0560-SLE,Sierra Leone,2022-08-28,2022-09-01
123,DFO,DFO-5305,Chad,2022-08-22,2022-10-07
123,EM-DAT,2022-0509-TCD,Chad,2022-06-06,2022-10-31
124,DFO,DFO-5265,China,2022-08-17,2022-08-18
124,EM-DAT,2022-0515-CHN,China,2022-08-10,2022-08-10
124,EM-DAT,2022-0530-CHN,China,2022-08-17,2022-08-19
125,DFO,DFO-5239,Pakistan,2022-07-04,2022-07-05
125,DFO,DFO-5268,Pakistan,2022-08-15,2022-08-27
125,EM-DAT,2022-0405-PAK,Pakistan,2022-06-14,2022-09-14
126,DFO,DFO-5267,Cameroon,2022-08-11,2022-08-13
126,DFO,DFO-5321,Cameroon,2022-08-15,2022-11-01
126,EM-DAT,2022-0338-CMR,Cameroon,2022-06-26,2022-10-31
127,DFO,DFO-5263,Afghanistan,2022-08-13,2022-08-13
127,EM-DAT,2022-0514-AFG,Afghanistan,2022-08-16,2022-08-21
128,DFO,DFO-5270,Yemen,2022-08-13,2022-08-17
128,EM-DAT,2022-0501-YEM,Yemen,2022-08-03,2022-08-08
129,DFO,DFO-5264,Viet Nam • Thailand • Myanmar • Lao People's Democratic Republic,2022-08-10,2022-08-12
129,EM-DAT,2022-0515-LAO,Lao People's Democratic Republic,2022-08-07,2022-08-10
129,EM-DAT,2022-0515-VNM,Viet Nam,2022-08-14,2022-08-16
129,EM-DAT,2022-0515-THA,Thailand,2022-08-14,2022-08-16
130,DFO,DFO-5259,Venezuela (Bolivarian Republic of),2022-08-09,2022-08-10
130,EM-DAT,2022-0518-VEN,Venezuela (Bolivarian Republic of),2022-08-10,2022-08-11
131,DFO,DFO-5258,Republic of Korea,2022-08-07,2022-08-09
131,EM-DAT,2022-0500-KOR,Republic of Korea,2022-08-07,2022-08-10
132,DFO,DFO-5324,Ethiopia,2022-08-07,2022-10-01
132,EM-DAT,2022-0716-ETH,Ethiopia,2022-08-01,2022-10-01
133,DFO,DFO-5257,Japan,2022-08-03,2022-08-04
133,EM-DAT,2022-0496-JPN,Japan,2022-08-02,2022-08-08
134,DFO,DFO-5255,Sri Lanka,2022-08-02,2022-08-03
134,EM-DAT,2022-0490-LKA,Sri Lanka,2022-08-01,2022-08-08
135,DFO,DFO-5247,Sudan,2022-07-10,2022-07-18
135,DFO,DFO-5260,Sudan,2022-08-01,2022-08-29
135,EM-DAT,2022-0445-SDN,Sudan,2022-05-10,2022-09-30
136,DFO,DFO-5254,Uganda,2022-07-30,2022-07-31
136,EM-DAT,2022-0481-UGA,Uganda,2022-07-30,2022-08-05
137,DFO,DFO-5253,United States of America,2022-07-27,2022-07-29
137,EM-DAT,2022-0480-USA,United States of America,2022-07-26,2022-07-31
138,DFO,DFO-5250,Iran (Islamic Republic of),2022-07-22,2022-07-29
138,EM-DAT,2022-0476-IRN,Iran (Islamic Republic of),2022-07-23,2022-07-31
139,DFO,DFO-5251,Yemen,2022-07-22,2022-07-25
139,EM-DAT,2022-0456-YEM,Yemen,2022-07-23,2022-08-05
140,DFO,DFO-5252,Central African Republic,2022-07-21,2022-07-23
140,EM-DAT,2022-0449-CAF,Central African Republic,2022-07-01,2022-10-31
141,DFO,DFO-5240,Afghanistan,2022-07-05,2022-07-07
141,DFO,DFO-5244,Afghanistan,2022-07-07,2022-07-11
141,EM-DAT,2022-0442-AFG,Afghanistan,2022-06-30,2022-07-11
142,DFO,DFO-5243,Indonesia,2022-07-05,2022-07-10
142,EM-DAT,2022-0418-IDN,Indonesia,2022-07-05,2022-07-12
143,DFO,DFO-5238,Malaysia,2022-07-04,2022-07-05
143,EM-DAT,2022-0408-MYS,Malaysia,2022-07-04,2022-07-07
144,DFO,DFO-5237,Brazil,2022-07-02,2022-07-03
144,EM-DAT,2022-0409-BRA,Brazil,2022-07-05,2022-07-06
145,DFO,DFO-5236,Afghanistan,2022-06-21,2022-06-22
145,EM-DAT,2022-0523-AFG,Afghanistan,2022-06-22,2022-06-22
146,DFO,DFO-5234,Côte d’Ivoire,2022-06-20,2022-06-21
146,EM-DAT,2022-0347-CIV,Côte d’Ivoire,2022-06-16,2022-06-21
147,DFO,DFO-5230,United States of America,2022-06-13,2022-06-13
147,EM-DAT,2022-0361-USA,United States of America,2022-06-11,2022-06-14
148,DFO,DFO-5223,Bangladesh,2022-05-09,2022-05-24
148,DFO,DFO-5232,Bangladesh,2022-06-10,2022-06-21
148,EM-DAT,2022-0340-BGD,Bangladesh,2022-05-17,2022-09-30
149,DFO,DFO-5228,Cuba,2022-06-02,2022-06-03
149,EM-DAT,2022-0366-CUB,Cuba,2022-06-02,2022-06-06
150,DFO,DFO-5226,Guyana • Suriname • French Guiana,2022-05-25,2022-05-30
150,EM-DAT,2022-0315-SUR,Suriname,2022-03-01,2022-06-24
150,EM-DAT,2022-0375-GUY,Guyana,2022-05-15,2022-06-02
151,DFO,DFO-5224,Brazil,2022-05-23,2022-05-29
151,EM-DAT,2022-0318-BRA,Brazil,2022-05-24,2022-05-30
152,DFO,DFO-5222,Colombia,2022-05-20,2022-05-24
152,EM-DAT,2022-0328-COL,Colombia,2022-05-25,2022-05-27
153,DFO,DFO-5217,United States of America,2022-05-07,2022-05-07
153,EM-DAT,2022-0266-USA,United States of America,2022-04-01,2022-05-05
154,DFO,DFO-5215,Afghanistan,2022-05-02,2022-05-03
154,EM-DAT,2022-0264-AFG,Afghanistan,2022-05-02,2022-05-07
155,DFO,DFO-5209,Brazil,2022-04-26,2022-04-26
155,DFO,DFO-5216,Brazil,2022-05-02,2022-05-05
155,EM-DAT,2022-0265-BRA,Brazil,2022-05-03,2022-05-05
156,DFO,DFO-5212,United Republic of Tanzania,2022-04-29,2022-05-03
156,EM-DAT,2022-0258-TZA,United Republic of Tanzania,2022-04-26,2022-05-05
157,DFO,DFO-5213,Canada,2022-04-28,2022-05-02
157,EM-DAT,2022-0266-CAN,Canada,2022-04-22,2022-04-25
158,DFO,DFO-5218,Democratic Republic of the Congo,2022-04-26,2022-05-04
158,EM-DAT,2022-0232-COD,Democratic Republic of the Congo,2022-04-23,2022-04-23
159,DFO,DFO-5208,Uzbekistan,2022-04-20,2022-04-20
159,EM-DAT,2022-0230-UZB,Uzbekistan,2022-04-20,2022-04-20
160,DFO,DFO-5210,Venezuela (Bolivarian Republic of),2022-04-20,2022-04-28
160,EM-DAT,2022-0250-VEN,Venezuela (Bolivarian Republic of),2022-04-25,2022-06-29
161,DFO,DFO-5206,South Africa,2022-04-10,2022-04-13
161,EM-DAT,2022-0205-ZAF,South Africa,2022-04-08,2022-04-18
162,DFO,DFO-5205,Philippines,2022-04-03,2022-04-06
162,DFO,DFO-5207,Philippines,2022-04-10,2022-04-14
162,EM-DAT,2022-0195-PHL,Philippines,2022-04-03,2022-04-07
163,DFO,DFO-5204,Brazil,2022-03-20,2022-03-21
163,EM-DAT,2022-0149-BRA,Brazil,2022-03-20,2022-03-22
164,DFO,DFO-5198,Indonesia,2022-03-01,2022-03-07
164,DFO,DFO-5203,Indonesia,2022-03-14,2022-03-17
164,EM-DAT,2022-0120-IDN,Indonesia,2022-02-26,2022-03-05
164,EM-DAT,2022-0136-IDN,Indonesia,2022-03-14,2022-03-17
165,DFO,DFO-5197,Haiti • Dominican Republic,2022-03-05,2022-03-06
165,EM-DAT,2022-0130-DOM,Dominican Republic,2022-03-05,2022-03-06
165,EM-DAT,2022-0130-HTI,Haiti,2022-03-05,2022-03-06
166,DFO,DFO-5195,Malaysia,2022-02-25,2022-02-28
166,DFO,DFO-5199,Malaysia,2022-03-05,2022-03-07
166,EM-DAT,2022-0119-MYS,Malaysia,2022-02-25,2022-02-28
166,EM-DAT,2022-0131-MYS,Malaysia,2022-03-06,2022-03-07
167,DFO,DFO-5196,Australia,2022-02-22,2022-02-28
167,EM-DAT,2022-0103-AUS,Australia,2022-02-22,2022-03-03
168,DFO,DFO-5194,Bolivia (Plurinational State of),2022-02-20,2022-02-22
168,EM-DAT,2022-0102-BOL,Bolivia (Plurinational State of),2022-02-20,2022-02-22
169,DFO,DFO-5163,Brazil,2021-12-09,2021-12-13
169,DFO,DFO-5170,Brazil,2021-12-23,2021-12-29
169,DFO,DFO-5178,Brazil,2022-01-09,2022-01-12
169,DFO,DFO-5184,Brazil,2022-01-20,2022-01-28
169,DFO,DFO-5189,Brazil,2022-02-07,2022-02-11
169,DFO,DFO-5191,Brazil,2022-02-15,2022-02-17
169,DFO,DFO-5193,Brazil,2022-02-15,2022-02-16
169,EM-DAT,2021-0790-BRA,Brazil,2021-11-15,2022-01-16
169,EM-DAT,2022-0065-BRA,Brazil,2022-01-01,2022-02-04
169,EM-DAT,2022-0020-BRA,Brazil,2022-01-01,2022-01-14
169,EM-DAT,2022-0089-BRA,Brazil,2022-02-13,2022-02-16
170,DFO,DFO-5190,Honduras,2022-02-14,2022-02-14
170,EM-DAT,2022-0086-HND,Honduras,2022-02-14,2022-02-15
171,DFO,DFO-5185,Ecuador,2022-01-31,2022-01-31
171,EM-DAT,2022-0068-ECU,Ecuador,2022-01-28,2022-02-07
172,DFO,DFO-5186,Haiti • Dominican Republic,2022-01-30,2022-01-31
172,EM-DAT,2022-0069-HTI,Haiti,2022-01-30,2022-01-31
173,DFO,DFO-5182,Iran (Islamic Republic of),2022-01-18,2022-01-19
173,EM-DAT,2022-0044-IRN,Iran (Islamic Republic of),2022-01-15,2022-01-21
174,DFO,DFO-5179,Madagascar,2022-01-17,2022-01-18
174,EM-DAT,2022-0032-MDG,Madagascar,2022-01-17,2022-01-18
175,DFO,DFO-5175,South Africa,2022-01-08,2022-01-09
175,DFO,DFO-5180,South Africa,2022-01-17,2022-01-18
175,EM-DAT,2022-0009-ZAF,South Africa,2022-01-08,2022-01-09
175,EM-DAT,2022-0035-ZAF,South Africa,2022-01-15,2022-01-16
176,DFO,DFO-5176,Australia,2022-01-07,2022-01-10
176,EM-DAT,2022-0046-AUS,Australia,2022-01-08,2022-01-13
177,DFO,DFO-5173,Indonesia,2021-12-30,2022-01-03
177,DFO,DFO-5171,Indonesia,2022-01-01,2022-01-03
177,DFO,DFO-5174,Indonesia,2022-01-06,2022-01-07
177,EM-DAT,2021-0835-IDN,Indonesia,2021-12-31,2022-01-04
177,EM-DAT,2022-0011-IDN,Indonesia,2022-01-10,2022-01-11
178,DFO,DFO-5172,Oman • Iran (Islamic Republic of),2022-01-01,2022-01-04
178,EM-DAT,2022-0002-IRN,Iran (Islamic Republic of),2022-01-01,2022-01-04
179,DFO,DFO-5167,Iraq,2021-12-16,2021-12-17
179,EM-DAT,2021-0818-IRQ,Iraq,2021-12-16,2021-12-17
180,DFO,DFO-5169,Malaysia,2021-12-16,2021-12-23
180,EM-DAT,2021-0821-MYS,Malaysia,2021-12-17,2022-01-03
181,DFO,DFO-5162,Indonesia,2021-12-05,2021-12-05
181,EM-DAT,2021-0788-IDN,Indonesia,2021-12-05,2021-12-07
182,DFO,DFO-5160,Australia,2021-12-01,2021-12-01
182,EM-DAT,2021-0807-AUS,Australia,2021-11-15,2021-12-01
183,DFO,DFO-5166,Congo,2021-11-29,2021-12-16
183,EM-DAT,2021-0810-COG,Congo,2021-11-29,2021-12-08
184,DFO,DFO-5161,Thailand,2021-11-27,2021-12-01
184,EM-DAT,2021-0779-THA,Thailand,2021-11-29,2021-12-02
185,DFO,DFO-5159,Viet Nam,2021-11-26,2021-12-01
185,EM-DAT,2021-0763-VNM,Viet Nam,2021-11-27,2021-11-30
186,DFO,DFO-5158,Spain,2021-11-24,2021-11-24
186,EM-DAT,2021-0766-ESP,Spain,2021-11-22,2021-12-01
187,DFO,DFO-5152,Colombia,2021-11-11,2021-11-14
187,DFO,DFO-5155,Colombia,2021-11-19,2021-11-22
187,EM-DAT,2021-0774-COL,Colombia,2021-11-19,2021-11-20
188,DFO,DFO-5145,India,2021-11-06,2021-11-09
188,DFO,DFO-5147,India,2021-11-07,2021-11-11
188,DFO,DFO-5153,India,2021-11-16,2021-11-18
188,DFO,DFO-5156,India,2021-11-18,2021-11-21
188,EM-DAT,2021-0722-IND,India,2021-11-06,2021-11-08
188,EM-DAT,2021-0748-IND,India,2021-11-18,2021-11-19
189,DFO,DFO-5157,Indonesia,2021-11-18,2021-11-22
189,EM-DAT,2021-0768-IDN,Indonesia,2021-11-19,2021-11-25
190,DFO,DFO-5150,Canada • United States of America,2021-11-14,2021-11-17
190,EM-DAT,2021-0741-CAN,Canada,2021-11-13,2021-11-16
190,EM-DAT,2021-0741-USA,United States of America,2021-11-13,2021-11-15
191,DFO,DFO-5148,Egypt,2021-11-12,2021-11-12
191,EM-DAT,2021-0737-EGY,Egypt,2021-11-12,2021-11-14
192,DFO,DFO-5151,Bolivia (Plurinational State of),2021-11-12,2021-11-12
192,EM-DAT,2021-0747-BOL,Bolivia (Plurinational State of),2021-11-11,2021-11-12
193,DFO,DFO-5143,Sri Lanka,2021-10-25,2021-10-31
193,DFO,DFO-5146,Sri Lanka,2021-11-07,2021-11-12
193,EM-DAT,2021-0714-LKA,Sri Lanka,2021-10-25,2021-11-04
193,EM-DAT,2021-0722-LKA,Sri Lanka,2021-11-06,2021-11-07
194,DFO,DFO-5141,Indonesia,2021-10-23,2021-10-28
194,DFO,DFO-5144,Indonesia,2021-11-04,2021-11-04
194,EM-DAT,2021-0695-IDN,Indonesia,2021-10-27,2021-10-28
194,EM-DAT,2021-0719-IDN,Indonesia,2021-11-04,2021-11-04
195,DFO,DFO-5142,Peru,2021-10-31,2021-11-01
195,EM-DAT,2021-0712-PER,Peru,2021-10-31,2021-11-01
196,DFO,DFO-5140,Iraq,2021-10-30,2021-10-30
196,EM-DAT,2021-0705-IRQ,Iraq,2021-10-29,2021-10-30
197,DFO,DFO-5075,India,2021-05-25,2021-05-28
197,DFO,DFO-5083,India,2021-06-15,2021-06-21
197,DFO,DFO-5091,India,2021-06-30,2021-07-04
197,DFO,DFO-5105,India,2021-07-22,2021-07-30
197,DFO,DFO-5101,India,2021-07-27,2021-07-29
197,DFO,DFO-5108,India,2021-08-07,2021-08-17
197,DFO,DFO-5121,India,2021-09-12,2021-09-19
197,DFO,DFO-5122,India,2021-09-14,2021-09-20
197,DFO,DFO-5126,India,2021-09-15,2021-09-26
197,DFO,DFO-5130,India,2021-10-01,2021-10-09
197,DFO,DFO-5136,India,2021-10-11,2021-10-17
197,DFO,DFO-5138,India,2021-10-17,2021-10-19
197,EM-DAT,2021-0435-IND,India,2021-06-01,2021-09-30
197,EM-DAT,2021-0316-IND,India,2021-06-01,2021-06-30
197,EM-DAT,2021-0366-IND,India,2021-07-01,2021-07-01
197,EM-DAT,2021-0458-IND,India,2021-07-28,2021-07-29
197,EM-DAT,2021-0585-IND,India,2021-09-13,2021-09-15
197,EM-DAT,2021-0677-IND,India,2021-10-11,2021-10-20
197,EM-DAT,2021-0681-IND,India,2021-10-18,2021-10-19
198,DFO,DFO-5137,Nepal,2021-10-13,2021-10-20
198,EM-DAT,2021-0681-NPL,Nepal,2021-10-16,2021-10-22
199,DFO,DFO-5135,Philippines,2021-10-12,2021-10-14
199,EM-DAT,2021-0682-PHL,Philippines,2021-10-10,2021-10-10
200,DFO,DFO-5128,United States of America,2021-10-06,2021-10-09
200,EM-DAT,2021-0733-USA,United States of America,2021-10-04,2021-10-07
201,DFO,DFO-5134,Indonesia,2021-10-03,2021-10-04
201,EM-DAT,2021-0653-IDN,Indonesia,2021-10-05,2021-10-06
202,DFO,DFO-5132,China,2021-10-02,2021-10-11
202,EM-DAT,2021-0669-CHN,China,2021-10-02,2021-10-07
203,DFO,DFO-5129,Mexico,2021-10-01,2021-10-09
203,EM-DAT,2021-0647-MEX,Mexico,2021-10-01,2021-10-06
204,DFO,DFO-5127,Thailand,2021-09-23,2021-09-28
204,EM-DAT,2021-0612-THA,Thailand,2021-09-19,2021-10-06
205,DFO,DFO-5099,Pakistan,2021-07-28,2021-07-29
205,DFO,DFO-5123,Pakistan,2021-09-19,2021-09-20
205,EM-DAT,2021-0846-PAK,Pakistan,2021-07-01,2021-09-30
205,EM-DAT,2021-0456-PAK,Pakistan,2021-07-28,2021-07-29
205,EM-DAT,2021-0596-PAK,Pakistan,2021-09-11,2021-09-13
206,DFO,DFO-5120,Colombia,2021-09-05,2021-09-26
206,EM-DAT,2021-0638-COL,Colombia,2021-09-15,2021-10-22
206,EM-DAT,2021-0625-COL,Colombia,2021-09-22,2021-09-29
207,DFO,DFO-5117,United States of America,2021-08-21,2021-08-23
207,DFO,DFO-5118,United States of America,2021-08-29,2021-08-29
207,EM-DAT,2021-0566-USA,United States of America,2021-08-10,2021-08-16
207,EM-DAT,2021-0533-USA,United States of America,2021-08-21,2021-08-22
208,DFO,DFO-5111,Japan,2021-08-12,2021-08-17
208,EM-DAT,2021-0508-JPN,Japan,2021-08-11,2021-08-16
209,DFO,DFO-5113,Türkiye,2021-08-11,2021-08-17
209,EM-DAT,2021-0501-TUR,Türkiye,2021-08-10,2021-08-16
210,DFO,DFO-5107,Nigeria,2021-08-10,2021-08-17
210,EM-DAT,2021-0521-NGA,Nigeria,2021-07-01,2021-08-31
211,DFO,DFO-5112,Niger,2021-08-10,2021-08-28
211,EM-DAT,2021-0461-NER,Niger,2021-06-15,2021-08-31
212,DFO,DFO-5116,Sudan,2021-08-01,2021-09-22
212,EM-DAT,2021-0473-SDN,Sudan,2021-07-20,2021-09-24
213,DFO,DFO-5097,Afghanistan,2021-07-28,2021-07-29
213,EM-DAT,2021-0453-AFG,Afghanistan,2021-07-28,2021-07-29
214,DFO,DFO-5100,Myanmar • Bangladesh,2021-07-25,2021-07-29
214,DFO,DFO-5106,Bangladesh,2021-07-27,2021-07-30
214,EM-DAT,2021-0451-MMR,Myanmar,2021-07-21,2021-07-29
214,EM-DAT,2021-0455-BGD,Bangladesh,2021-07-27,2021-08-03
215,DFO,DFO-5102,United States of America,2021-07-22,2021-07-28
215,EM-DAT,2021-0442-USA,United States of America,2021-07-16,2021-07-21
215,EM-DAT,2021-0488-USA,United States of America,2021-07-22,2021-07-28
215,EM-DAT,2021-0562-USA,United States of America,2021-07-30,2021-08-02
216,DFO,DFO-5103,Costa Rica,2021-07-22,2021-07-28
216,EM-DAT,2021-0446-CRI,Costa Rica,2021-07-22,2021-07-28
217,DFO,DFO-5104,Panama,2021-07-22,2021-07-28
217,EM-DAT,2021-0445-PAN,Panama,2021-07-22,2021-07-28
218,DFO,DFO-5089,China,2021-06-28,2021-07-04
218,DFO,DFO-5096,China,2021-07-20,2021-07-29
218,EM-DAT,2021-0428-CHN,China,2021-06-01,2021-08-30
218,EM-DAT,2021-0380-CHN,China,2021-06-28,2021-07-02
219,DFO,DFO-5095,Germany • Belgium • Luxembourg • Netherlands (Kingdom of the) • France,2021-07-14,2021-07-19
219,EM-DAT,2021-0411-DEU,Germany,2021-07-12,2021-07-15
219,EM-DAT,2021-0411-LUX,Luxembourg,2021-07-14,2021-07-15
219,EM-DAT,2021-0411-BEL,Belgium,2021-07-14,2021-07-15
219,EM-DAT,2021-0411-NLD,Netherlands (Kingdom of the),2021-07-15,2021-07-16
219,EM-DAT,2021-0411-FRA,France,2021-07-15,2021-07-16
220,DFO,DFO-5093,Indonesia,2021-07-05,2021-07-07
220,EM-DAT,2021-0379-IDN,Indonesia,2021-07-05,2021-07-07
221,DFO,DFO-5094,Russian Federation,2021-07-04,2021-07-06
221,EM-DAT,2021-0483-RUS,Russian Federation,2021-06-24,2021-08-11
221,EM-DAT,2021-0397-RUS,Russian Federation,2021-07-04,2021-07-07
222,DFO,DFO-5090,Nepal,2021-07-01,2021-07-04
222,EM-DAT,2021-0381-NPL,Nepal,2021-07-01,2021-07-07
223,DFO,DFO-5124,Chad,2021-07-01,2021-09-22
223,EM-DAT,2021-0382-TCD,Chad,2021-06-26,2021-08-31
224,DFO,DFO-5078,Chile,2021-06-01,2021-06-02
224,EM-DAT,2021-0392-CHL,Chile,2021-06-01,2021-06-02
225,DFO,DFO-5080,New Zealand,2021-05-29,2021-06-02
225,EM-DAT,2021-0298-NZL,New Zealand,2021-05-29,2021-06-01
226,DFO,DFO-5072,Indonesia,2021-05-24,2021-05-28
226,EM-DAT,2021-0302-IDN,Indonesia,2021-05-25,2021-05-25
227,DFO,DFO-5073,Brazil,2021-05-01,2021-05-28
227,DFO,DFO-5077,Brazil,2021-05-15,2021-06-02
227,EM-DAT,2021-0232-BRA,Brazil,2021-04-19,2021-06-05
227,EM-DAT,2021-0332-BRA,Brazil,2021-06-08,2021-06-09
228,DFO,DFO-5087,Guyana • Suriname,2021-05-15,2021-06-18
228,EM-DAT,2021-0326-GUY,Guyana,2021-05-11,2021-06-15
229,DFO,DFO-5088,Nepal • Bhutan,2021-05-15,2021-06-21
229,EM-DAT,2021-0308-NPL,Nepal,2021-06-16,2021-06-17
229,EM-DAT,2021-0308-BTN,Bhutan,2021-06-16,2021-06-17
230,DFO,DFO-5065,Somalia,2021-05-07,2021-06-01
230,EM-DAT,2021-0239-SOM,Somalia,2021-05-01,2021-05-31
231,DFO,DFO-5066,Iran (Islamic Republic of),2021-05-05,2021-05-09
231,EM-DAT,2021-0259-IRN,Iran (Islamic Republic of),2021-05-01,2021-05-07
232,DFO,DFO-5063,Uganda,2021-05-04,2021-05-09
232,EM-DAT,2021-0240-UGA,Uganda,2021-05-06,2021-05-10
233,DFO,DFO-5061,Afghanistan,2021-05-02,2021-05-05
233,EM-DAT,2021-0263-AFG,Afghanistan,2021-05-02,2021-05-06
234,DFO,DFO-5062,Yemen,2021-05-01,2021-05-04
234,EM-DAT,2021-0270-YEM,Yemen,2021-05-01,2021-05-17
235,DFO,DFO-5055,Rwanda,2021-04-27,2021-04-28
235,EM-DAT,2021-0282-RWA,Rwanda,2021-04-28,2021-05-02
236,DFO,DFO-5056,Philippines,2021-04-26,2021-04-27
236,EM-DAT,2021-0226-PHL,Philippines,2021-04-26,2021-04-27
237,DFO,DFO-5068,Ethiopia,2021-04-26,2021-05-10
237,EM-DAT,2021-0343-ETH,Ethiopia,2021-05-01,2021-05-31
238,DFO,DFO-5058,Kenya,2021-04-23,2021-05-24
238,EM-DAT,2021-0227-KEN,Kenya,2021-04-07,2021-05-30
239,DFO,DFO-5051,Colombia,2021-04-01,2021-04-06
239,DFO,DFO-5060,Colombia,2021-04-21,2021-04-30
239,EM-DAT,2021-0182-COL,Colombia,2021-04-01,2021-04-05
239,EM-DAT,2021-0219-COL,Colombia,2021-04-11,2021-04-16
239,EM-DAT,2021-0214-COL,Colombia,2021-04-14,2021-04-14
239,EM-DAT,2021-0229-COL,Colombia,2021-04-27,2021-04-29
240,DFO,DFO-5057,Venezuela (Bolivarian Republic of),2021-04-20,2021-04-30
240,EM-DAT,2021-0269-VEN,Venezuela (Bolivarian Republic of),2021-04-30,2021-05-04
241,DFO,DFO-5059,Angola,2021-04-19,2021-04-30
241,EM-DAT,2021-0238-AGO,Angola,2021-04-19,2021-04-19
242,DFO,DFO-5049,Indonesia,2021-03-25,2021-03-26
242,DFO,DFO-5053,Indonesia,2021-03-31,2021-04-04
242,DFO,DFO-5052,Indonesia • Timor-Leste,2021-04-03,2021-04-10
242,EM-DAT,2021-0165-IDN,Indonesia,2021-03-17,2021-03-18
242,EM-DAT,2021-0185-IDN,Indonesia,2021-03-25,2021-03-31
243,DFO,DFO-5050,Haiti,2021-04-02,2021-04-07
243,EM-DAT,2021-0184-HTI,Haiti,2021-04-03,2021-04-12
244,DFO,DFO-5054,Peru,2021-04-01,2021-04-15
244,EM-DAT,2021-0170-PER,Peru,2021-03-20,2021-03-31
244,EM-DAT,2021-0212-PER,Peru,2021-04-01,2021-04-15
244,EM-DAT,2021-0235-PER,Peru,2021-04-20,2021-04-21
245,DFO,DFO-5047,Brazil,2021-03-23,2021-03-24
245,EM-DAT,2021-0202-BRA,Brazil,2021-03-26,2021-03-26
246,DFO,DFO-5045,Australia,2021-03-18,2021-03-22
246,EM-DAT,2021-0169-AUS,Australia,2021-03-18,2021-03-19
247,DFO,DFO-5046,Angola,2021-03-16,2021-03-19
247,EM-DAT,2021-0164-AGO,Angola,2021-03-15,2021-03-16
248,DFO,DFO-5044,United States of America,2021-02-28,2021-03-02
248,DFO,DFO-5037,United States of America,2021-03-09,2021-03-11
248,EM-DAT,2021-0117-USA,United States of America,2021-02-25,2021-03-01
248,EM-DAT,2021-0150-USA,United States of America,2021-03-08,2021-03-10
249,DFO,DFO-5039,Algeria,2021-03-06,2021-03-07
249,EM-DAT,2021-0132-DZA,Algeria,2021-03-06,2021-03-07
250,DFO,DFO-5043,Peru,2021-02-23,2021-03-01
250,DFO,DFO-5042,Peru,2021-03-02,2021-03-05
250,EM-DAT,2021-0098-PER,Peru,2021-02-12,2021-02-20
250,EM-DAT,2021-0094-PER,Peru,2021-02-16,2021-02-19
250,EM-DAT,2021-0145-PER,Peru,2021-03-03,2021-03-04
251,DFO,DFO-5040,Morocco,2021-03-01,2021-03-23
251,EM-DAT,2021-0071-MAR,Morocco,2021-02-01,2021-02-28
251,EM-DAT,2021-0118-MAR,Morocco,2021-03-01,2021-03-02
252,DFO,DFO-5034,Australia,2021-02-22,2021-02-28
252,DFO,DFO-5035,Australia,2021-02-24,2021-02-28
252,EM-DAT,2021-0103-AUS,Australia,2021-02-23,2021-02-26
253,DFO,DFO-5027,Indonesia,2021-02-19,2021-02-22
253,DFO,DFO-5033,Indonesia,2021-02-22,2021-02-28
253,EM-DAT,2021-0088-IDN,Indonesia,2021-02-19,2021-02-23
253,EM-DAT,2021-0104-IDN,Indonesia,2021-02-23,2021-02-26
254,DFO,DFO-5028,Brazil,2021-02-18,2021-02-22
254,DFO,DFO-5030,Brazil,2021-02-18,2021-02-22
254,EM-DAT,2021-0087-BRA,Brazil,2021-02-10,2021-02-22
255,DFO,DFO-5024,South Africa,2021-02-14,2021-02-24
255,EM-DAT,2021-0075-ZAF,South Africa,2021-02-01,2021-02-15
256,DFO,DFO-5031,Madagascar,2021-02-14,2021-02-18
256,EM-DAT,2021-0090-MDG,Madagascar,2021-02-18,2021-02-22
257,DFO,DFO-5032,Mozambique,2021-02-10,2021-02-20
257,EM-DAT,2021-0083-MOZ,Mozambique,2021-02-12,2021-02-17
258,DFO,DFO-5026,Philippines,2021-02-08,2021-02-14
258,EM-DAT,2021-0108-PHL,Philippines,2021-02-11,2021-02-12
259,DFO,DFO-5023,India,2021-02-07,2021-02-08
259,EM-DAT,2021-0072-IND,India,2021-02-07,2021-02-08
260,DFO,DFO-5020,France,2021-01-31,2021-02-03
260,EM-DAT,2021-0063-FRA,France,2021-02-01,2021-02-10
261,DFO,DFO-5018,Paraguay,2021-01-30,2021-02-08
261,EM-DAT,2021-0067-PRY,Paraguay,2021-01-31,2021-02-02
262,DFO,DFO-5010,Indonesia,2021-01-11,2021-01-13
262,EM-DAT,2021-0023-IDN,Indonesia,2021-01-06,2021-01-08
262,EM-DAT,2021-0005-IDN,Indonesia,2021-01-15,2021-01-21
263,DFO,DFO-5007,Malaysia,2020-12-17,2020-12-28
263,DFO,DFO-5012,Malaysia,2021-01-01,2021-01-12
263,DFO,DFO-5011,Malaysia,2021-01-11,2021-01-13
263,EM-DAT,2020-0559-MYS,Malaysia,2020-12-20,2020-12-21
263,EM-DAT,2021-0028-MYS,Malaysia,2021-01-02,2021-01-08
263,EM-DAT,2021-0015-MYS,Malaysia,2021-01-11,2021-01-13
263,EM-DAT,2021-0008-MYS,Malaysia,2021-01-12,2021-01-15
264,DFO,DFO-5013,Serbia • Bulgaria,2021-01-09,2021-01-13
264,EM-DAT,2021-0020-BGR,Bulgaria,2021-01-11,2021-01-12
264,EM-DAT,2021-0020-SRB,Serbia,2021-01-11,2021-01-12
265,DFO,DFO-5009,Namibia,2021-01-01,2021-01-13
265,EM-DAT,2021-0013-NAM,Namibia,2021-01-01,2021-01-14
266,DFO,DFO-5004,Brazil,2020-12-17,2020-12-24
266,DFO,DFO-5003,Brazil,2020-12-22,2020-12-24
266,EM-DAT,2020-0560-BRA,Brazil,2020-12-17,2020-12-21
267,DFO,DFO-4996,Thailand,2020-11-15,2020-12-15
267,DFO,DFO-5005,Thailand,2020-12-17,2020-12-22
267,EM-DAT,2020-0529-THA,Thailand,2020-11-25,2020-12-14
267,EM-DAT,2020-0561-THA,Thailand,2020-12-16,2020-12-21
268,DFO,DFO-5002,Democratic Republic of the Congo,2020-12-01,2020-12-10
268,EM-DAT,2020-0531-COD,Democratic Republic of the Congo,2020-12-02,2020-12-03
269,DFO,DFO-4984,Italy,2020-11-20,2020-11-23
269,EM-DAT,2020-0540-ITA,Italy,2020-11-20,2020-11-23
269,EM-DAT,2020-0521-ITA,Italy,2020-11-28,2020-11-29
270,DFO,DFO-4982,Greece,2020-11-10,2020-11-12
270,EM-DAT,2020-0503-GRC,Greece,2020-11-10,2020-11-11
271,DFO,DFO-4990,Venezuela (Bolivarian Republic of),2020-11-10,2020-11-23
271,EM-DAT,2020-0498-VEN,Venezuela (Bolivarian Republic of),2020-11-08,2020-11-17
272,DFO,DFO-4983,New Zealand,2020-11-09,2020-11-12
272,EM-DAT,2020-0543-NZL,New Zealand,2020-11-09,2020-11-10
273,DFO,DFO-4972,Indonesia,2020-11-04,2020-11-09
273,EM-DAT,2020-0486-IDN,Indonesia,2020-10-21,2020-10-31
274,DFO,DFO-4978,Colombia,2020-10-20,2020-11-09
274,EM-DAT,2020-0477-COL,Colombia,2020-10-31,2020-11-02
275,DFO,DFO-4969,India,2020-10-16,2020-10-25
275,EM-DAT,2020-0446-IND,India,2020-10-01,2020-10-26
276,DFO,DFO-4965,Mozambique,2020-10-02,2020-10-25
276,EM-DAT,2020-0484-MOZ,Mozambique,2020-10-01,2020-10-31
277,DFO,DFO-4960,Nigeria,2020-08-05,2020-08-27
277,DFO,DFO-4967,Nigeria,2020-09-15,2020-10-25
277,EM-DAT,2020-0455-NGA,Nigeria,2020-06-24,2020-10-31
277,EM-DAT,2020-0321-NGA,Nigeria,2020-06-24,2020-07-31
278,DFO,DFO-4968,Togo,2020-09-15,2020-10-21
278,EM-DAT,2020-0426-TGO,Togo,2020-09-01,2020-10-31
279,DFO,DFO-4971,Congo,2020-09-01,2020-11-09
279,EM-DAT,2020-0509-COG,Congo,2020-11-02,2020-11-02
280,DFO,DFO-4952,Afghanistan,2020-08-25,2020-08-27
280,EM-DAT,2020-0377-AFG,Afghanistan,2020-08-25,2020-09-04
281,DFO,DFO-4953,Pakistan,2020-08-24,2020-08-27
281,EM-DAT,2020-0357-PAK,Pakistan,2020-08-01,2020-09-01
282,DFO,DFO-4921,India • Bangladesh,2020-05-19,2020-05-20
282,DFO,DFO-4919,India,2020-05-23,2020-06-03
282,DFO,DFO-4927,India,2020-06-02,2020-06-03
282,DFO,DFO-4920,India,2020-06-20,2020-07-30
282,DFO,DFO-4943,India,2020-07-12,2020-07-18
282,DFO,DFO-4961,India,2020-08-21,2020-08-27
282,EM-DAT,2020-0198-IND,India,2020-05-10,2020-05-13
282,EM-DAT,2020-0206-IND,India,2020-05-24,2020-05-26
282,EM-DAT,2020-0304-IND,India,2020-06-01,2020-08-16
282,EM-DAT,2020-0249-IND,India,2020-06-01,2020-06-09
283,DFO,DFO-4954,Chad • Cameroon,2020-08-10,2020-08-27
283,DFO,DFO-4975,Chad • Cameroon,2020-08-20,2020-11-09
283,EM-DAT,2020-0382-TCD,Chad,2020-08-01,2020-10-12
283,EM-DAT,2020-0592-CMR,Cameroon,2020-09-11,2020-09-12
284,DFO,DFO-4957,Uganda,2020-08-19,2020-08-22
284,EM-DAT,2020-0385-UGA,Uganda,2020-08-19,2020-08-19
285,DFO,DFO-4948,Republic of Korea,2020-07-29,2020-07-30
285,EM-DAT,2020-0327-KOR,Republic of Korea,2020-07-13,2020-07-30
285,EM-DAT,2020-0333-KOR,Republic of Korea,2020-08-01,2020-08-12
286,DFO,DFO-4958,Sudan • South Sudan,2020-07-28,2020-08-27
286,EM-DAT,2020-0305-SDN,Sudan,2020-06-01,2020-09-09
286,EM-DAT,2020-0362-SSD,South Sudan,2020-07-01,2020-12-01
287,DFO,DFO-4949,Myanmar,2020-07-15,2020-07-30
287,EM-DAT,2020-0329-MMR,Myanmar,2020-07-19,2020-07-30
288,DFO,DFO-4946,Indonesia,2020-07-11,2020-07-18
288,EM-DAT,2020-0325-IDN,Indonesia,2020-07-03,2020-07-31
289,DFO,DFO-4945,Colombia,2020-07-05,2020-07-18
289,EM-DAT,2020-0317-COL,Colombia,2020-07-01,2020-07-15
290,DFO,DFO-4947,Niger • Mali,2020-07-01,2020-07-30
290,EM-DAT,2020-0336-NER,Niger,2020-07-01,2020-09-10
290,EM-DAT,2020-0387-NER,Niger,2020-08-01,2020-09-10
291,DFO,DFO-4939,Bangladesh,2020-06-30,2020-07-30
291,EM-DAT,2020-0323-BGD,Bangladesh,2020-06-15,2020-09-30
292,DFO,DFO-4930,China,2020-06-15,2020-07-05
292,DFO,DFO-4938,China,2020-06-27,2020-07-30
292,DFO,DFO-4937,China,2020-06-29,2020-07-03
292,EM-DAT,2020-0322-CHN,China,2020-05-21,2020-07-30
292,EM-DAT,2020-0282-CHN,China,2020-06-22,2020-06-24
292,EM-DAT,2020-0276-CHN,China,2020-06-30,2020-07-05
292,EM-DAT,2020-0581-CHN,China,2020-08-01,2020-08-01
293,DFO,DFO-4940,Poland,2020-06-29,2020-07-05
293,EM-DAT,2020-0273-POL,Poland,2020-06-27,2020-06-29
294,DFO,DFO-4942,Japan,2020-06-29,2020-07-05
294,EM-DAT,2020-0296-JPN,Japan,2020-06-29,2020-07-10
295,DFO,DFO-4929,Côte d’Ivoire,2020-06-24,2020-06-26
295,EM-DAT,2020-0259-CIV,Côte d’Ivoire,2020-06-15,2020-06-17
296,DFO,DFO-4933,Türkiye,2020-06-23,2020-06-25
296,EM-DAT,2020-0287-TUR,Türkiye,2020-06-21,2020-06-23
297,DFO,DFO-4931,Uruguay,2020-06-22,2020-06-26
297,EM-DAT,2020-0301-URY,Uruguay,2020-06-22,2020-06-24
298,DFO,DFO-4932,Ukraine,2020-06-22,2020-06-26
298,DFO,DFO-4941,Ukraine,2020-06-22,2020-07-05
298,EM-DAT,2020-0283-UKR,Ukraine,2020-06-22,2020-06-29
299,DFO,DFO-4934,Mongolia,2020-06-21,2020-06-25
299,EM-DAT,2020-0284-MNG,Mongolia,2020-06-21,2020-06-25
299,EM-DAT,2020-0324-MNG,Mongolia,2020-07-02,2020-07-04
300,DFO,DFO-4935,Malaysia,2020-06-20,2020-06-25
300,EM-DAT,2020-0289-MYS,Malaysia,2020-06-20,2020-06-25
300,EM-DAT,2020-0272-MYS,Malaysia,2020-06-27,2020-07-01
301,DFO,DFO-4923,Oman,2020-05-27,2020-05-31
301,EM-DAT,2020-0221-OMN,Oman,2020-05-27,2020-05-31
302,DFO,DFO-4926,Indonesia,2020-05-22,2020-05-30
302,EM-DAT,2020-0245-IDN,Indonesia,2020-05-22,2020-06-04
302,EM-DAT,2020-0224-IDN,Indonesia,2020-06-03,2020-06-05
303,DFO,DFO-4925,Uganda,2020-05-21,2020-05-25
303,EM-DAT,2020-0213-UGA,Uganda,2020-05-21,2020-05-25
304,DFO,DFO-4915,United States of America,2020-05-18,2020-05-20
304,EM-DAT,2020-0212-USA,United States of America,2020-05-17,2020-05-20
305,DFO,DFO-4916,Democratic Republic of the Congo,2020-05-16,2020-05-20
305,EM-DAT,2020-0175-COD,Democratic Republic of the Congo,2020-04-16,2020-05-18
306,DFO,DFO-4913,Uzbekistan • Kazakhstan,2020-05-01,2020-05-11
306,EM-DAT,2020-0157-KAZ,Kazakhstan,2020-05-01,2020-05-04
306,EM-DAT,2020-0157-UZB,Uzbekistan,2020-05-01,2020-05-11
307,DFO,DFO-4910,Canada,2020-04-25,2020-04-27
307,EM-DAT,2020-0191-CAN,Canada,2020-04-26,2020-04-30
308,DFO,DFO-4900,United Republic of Tanzania,2020-04-24,2020-04-27
308,EM-DAT,2020-0166-TZA,United Republic of Tanzania,2020-04-22,2020-04-26
309,DFO,DFO-4893,Indonesia,2020-03-31,2020-04-03
309,DFO,DFO-4904,Indonesia,2020-04-22,2020-04-26
309,EM-DAT,2020-0121-IDN,Indonesia,2020-03-29,2020-04-01
309,EM-DAT,2020-0134-IDN,Indonesia,2020-04-04,2020-04-05
309,EM-DAT,2020-0144-IDN,Indonesia,2020-04-09,2020-04-16
309,EM-DAT,2020-0161-IDN,Indonesia,2020-04-20,2020-04-28
309,EM-DAT,2020-0151-IDN,Indonesia,2020-04-30,2020-05-05
310,DFO,DFO-4901,Djibouti,2020-04-21,2020-04-26
310,EM-DAT,2020-0150-DJI,Djibouti,2020-04-20,2020-04-26
311,DFO,DFO-4908,Yemen,2020-04-20,2020-04-22
311,EM-DAT,2020-0168-YEM,Yemen,2020-04-15,2020-04-30
312,DFO,DFO-4911,Somalia • Ethiopia,2020-04-20,2020-04-28
312,EM-DAT,2020-0159-ETH,Ethiopia,2020-04-20,2020-05-08
312,EM-DAT,2020-0159-SOM,Somalia,2020-04-20,2020-04-28
313,DFO,DFO-4912,Chad,2020-04-20,2020-04-26
313,EM-DAT,2020-0302-TCD,Chad,2020-04-20,2020-04-21
314,DFO,DFO-4902,Burkina Faso,2020-04-19,2020-04-26
314,EM-DAT,2020-0169-BFA,Burkina Faso,2020-04-19,2020-04-26
315,DFO,DFO-4903,Burundi • Rwanda,2020-04-19,2020-04-26
315,EM-DAT,2020-0172-BDI,Burundi,2020-04-13,2020-04-19
315,EM-DAT,2020-0188-RWA,Rwanda,2020-04-17,2020-05-10
315,EM-DAT,2020-0171-RWA,Rwanda,2020-04-17,2020-04-25
315,EM-DAT,2020-0156-RWA,Rwanda,2020-05-01,2020-05-04
316,DFO,DFO-4906,Angola,2020-04-18,2020-04-24
316,EM-DAT,2020-0173-AGO,Angola,2020-04-18,2020-04-24
317,DFO,DFO-4883,Iran (Islamic Republic of),2020-02-24,2020-03-10
317,DFO,DFO-4909,Iran (Islamic Republic of),2020-04-10,2020-04-16
317,EM-DAT,2020-0118-IRN,Iran (Islamic Republic of),2020-02-24,2020-04-30
317,EM-DAT,2020-0076-IRN,Iran (Islamic Republic of),2020-02-24,2020-03-12
317,EM-DAT,2020-0142-IRN,Iran (Islamic Republic of),2020-04-10,2020-04-16
318,DFO,DFO-4892,Papua New Guinea,2020-04-01,2020-04-03
318,EM-DAT,2020-0138-PNG,Papua New Guinea,2020-04-04,2020-04-07
319,DFO,DFO-4898,Peru,2020-03-28,2020-04-02
319,EM-DAT,2020-0122-PER,Peru,2020-03-28,2020-04-02
320,DFO,DFO-4897,Kenya,2020-03-27,2020-04-27
320,EM-DAT,2020-0164-KEN,Kenya,2020-04-18,2020-06-01
321,DFO,DFO-4894,Afghanistan,2020-03-21,2020-04-03
321,EM-DAT,2020-0124-AFG,Afghanistan,2020-03-28,2020-04-21
322,DFO,DFO-4896,Democratic Republic of the Congo,2020-03-17,2020-04-03
322,EM-DAT,2020-0128-COD,Democratic Republic of the Congo,2020-03-14,2020-03-18
322,EM-DAT,2020-0123-COD,Democratic Republic of the Congo,2020-03-17,2020-04-01
323,DFO,DFO-4881,Egypt,2020-03-12,2020-03-15
323,EM-DAT,2020-0102-EGY,Egypt,2020-03-11,2020-03-15
324,DFO,DFO-4880,Angola,2020-03-08,2020-03-17
324,EM-DAT,2020-0104-AGO,Angola,2020-03-16,2020-03-17
325,DFO,DFO-4879,Pakistan,2020-03-06,2020-03-17
325,EM-DAT,2020-0095-PAK,Pakistan,2020-03-04,2020-03-26
326,DFO,DFO-4889,Indonesia,2020-02-24,2020-03-10
326,DFO,DFO-4886,Indonesia,2020-03-05,2020-03-15
326,EM-DAT,2020-0059-IDN,Indonesia,2020-02-13,2020-02-26
326,EM-DAT,2020-0068-IDN,Indonesia,2020-02-26,2020-02-28
326,EM-DAT,2020-0086-IDN,Indonesia,2020-03-04,2020-03-06
326,EM-DAT,2020-0115-IDN,Indonesia,2020-03-20,2020-03-21
327,DFO,DFO-4882,Zambia,2020-03-04,2020-03-17
327,DFO,DFO-4895,Zambia,2020-03-04,2020-04-24
327,EM-DAT,2020-0110-ZMB,Zambia,2020-03-20,2020-03-26
328,DFO,DFO-4885,Rwanda,2020-03-02,2020-03-05
328,EM-DAT,2020-0098-RWA,Rwanda,2020-03-02,2020-03-10
329,DFO,DFO-4887,Bolivia (Plurinational State of),2020-03-02,2020-03-10
329,EM-DAT,2020-0091-BOL,Bolivia (Plurinational State of),2020-02-08,2020-02-29
330,DFO,DFO-4872,Mozambique,2020-02-12,2020-02-17
330,EM-DAT,2020-0062-MOZ,Mozambique,2020-02-11,2020-02-17
331,DFO,DFO-4876,United States of America,2020-02-10,2020-02-17
331,EM-DAT,2020-0089-USA,United States of America,2020-02-10,2020-02-17
332,DFO,DFO-4869,Peru,2020-02-09,2020-02-18
332,EM-DAT,2020-0094-PER,Peru,2020-02-17,2020-02-25
333,DFO,DFO-4873,Australia,2020-02-07,2020-02-17
333,EM-DAT,2020-0053-AUS,Australia,2020-02-04,2020-02-11
334,DFO,DFO-4874,Burundi,2020-02-07,2020-02-17
334,EM-DAT,2020-0055-BDI,Burundi,2020-01-28,2020-02-13
335,DFO,DFO-4875,United Republic of Tanzania,2020-02-01,2020-02-17
335,EM-DAT,2020-0037-TZA,United Republic of Tanzania,2020-01-27,2020-02-03
336,DFO,DFO-4866,Indonesia,2020-01-23,2020-01-27
336,EM-DAT,2020-0018-IDN,Indonesia,2020-01-19,2020-01-22
336,EM-DAT,2020-0033-IDN,Indonesia,2020-01-23,2020-01-28
336,EM-DAT,2020-0036-IDN,Indonesia,2020-01-28,2020-01-29
337,DFO,DFO-4867,Madagascar,2020-01-20,2020-01-27
337,EM-DAT,2020-0016-MDG,Madagascar,2020-01-01,2020-01-24
338,DFO,DFO-4868,Brazil,2020-01-20,2020-01-27
338,EM-DAT,2020-0022-BRA,Brazil,2020-01-17,2020-01-27
339,DFO,DFO-4863,Mozambique,2020-01-17,2020-01-22
339,EM-DAT,2019-0633-MOZ,Mozambique,2019-12-27,2020-01-23
340,DFO,DFO-4836,Israel,2020-01-04,2020-01-09
340,EM-DAT,2020-0001-ISR,Israel,2020-01-04,2020-01-09
341,DFO,DFO-4838,Angola,2020-01-03,2020-01-05
341,EM-DAT,2019-0666-AGO,Angola,2019-03-01,2020-01-10
342,DFO,DFO-4856,Peru,2019-12-06,2019-12-14
342,DFO,DFO-4853,Peru,2019-12-15,2019-12-31
342,DFO,DFO-4839,Peru,2020-01-01,2020-01-08
342,EM-DAT,2019-0647-PER,Peru,2019-12-15,2020-01-10
343,DFO,DFO-4860,Indonesia,2019-12-28,2019-12-30
343,DFO,DFO-4858,Indonesia,2020-01-01,2020-01-05
343,DFO,DFO-4859,Indonesia,2020-01-01,2020-01-09
343,EM-DAT,2019-0657-IDN,Indonesia,2019-12-19,2019-12-21
343,EM-DAT,2019-0632-IDN,Indonesia,2019-12-31,2020-01-03
343,EM-DAT,2020-0014-IDN,Indonesia,2020-01-14,2020-01-15
344,DFO,DFO-4855,Colombia,2019-12-25,2019-12-27
344,DFO,DFO-4840,Colombia,2019-12-30,2020-01-05
344,EM-DAT,2019-0653-COL,Colombia,2019-12-26,2019-12-26
345,DFO,DFO-4842,Zambia,2019-12-25,2020-01-08
345,EM-DAT,2020-0031-ZMB,Zambia,2020-01-01,2020-01-01
346,DFO,DFO-4844,Rwanda,2019-12-24,2019-12-26
346,EM-DAT,2019-0654-RWA,Rwanda,2019-12-25,2019-12-25
347,DFO,DFO-4845,Burundi,2019-12-20,2019-12-22
347,EM-DAT,2019-0645-BDI,Burundi,2019-12-21,2019-12-28
348,DFO,DFO-4861,Sri Lanka,2019-12-20,2019-12-27
348,EM-DAT,2019-0629-LKA,Sri Lanka,2019-12-18,2019-12-23
349,DFO,DFO-4829,Uganda,2019-11-15,2019-12-06
349,DFO,DFO-4852,Uganda,2019-12-04,2019-12-07
349,DFO,DFO-4847,Uganda,2019-12-13,2019-12-20
349,EM-DAT,2019-0599-UGA,Uganda,2019-11-29,2019-12-07
349,EM-DAT,2019-0625-UGA,Uganda,2019-12-18,2019-12-18
350,DFO,DFO-4849,South Africa,2019-12-08,2019-12-12
350,EM-DAT,2019-0607-ZAF,South Africa,2019-12-02,2019-12-11
351,DFO,DFO-4857,Colombia,2019-12-06,2019-12-12
351,EM-DAT,2019-0606-COL,Colombia,2019-12-06,2019-12-11
352,DFO,DFO-4850,Rwanda,2019-12-02,2019-12-06
352,EM-DAT,2019-0643-RWA,Rwanda,2019-11-01,2019-12-01
353,DFO,DFO-4832,India • Sri Lanka,2019-11-30,2019-12-06
353,EM-DAT,2019-0574-IND,India,2019-11-29,2019-12-04
353,EM-DAT,2019-0577-LKA,Sri Lanka,2019-11-29,2019-12-10
353,EM-DAT,2019-0656-LKA,Sri Lanka,2019-12-02,2019-12-07
354,DFO,DFO-4833,Malaysia,2019-11-30,2019-12-06
354,EM-DAT,2019-0578-MYS,Malaysia,2019-11-30,2019-12-06
355,DFO,DFO-4834,Mexico • United States of America,2019-11-27,2019-12-04
355,EM-DAT,2019-0596-MEX,Mexico,2019-11-27,2019-12-04
356,DFO,DFO-4835,Brazil,2019-11-25,2019-11-27
356,EM-DAT,2019-0580-BRA,Brazil,2019-11-25,2019-11-27
357,DFO,DFO-4826,United Kingdom of Great Britain and Northern Ireland,2019-11-07,2019-11-19
357,EM-DAT,2019-0568-GBR,United Kingdom of Great Britain and Northern Ireland,2019-11-07,2019-11-09
358,DFO,DFO-4825,Democratic Republic of the Congo • Central African Republic,2019-11-01,2019-12-06
358,DFO,DFO-4846,Congo • Democratic Republic of the Congo,2019-11-01,2020-01-09
358,EM-DAT,2019-0524-CAF,Central African Republic,2019-09-01,2019-11-13
358,EM-DAT,2019-0561-COD,Democratic Republic of the Congo,2019-11-19,2019-11-26
358,EM-DAT,2019-0561-COG,Congo,2019-11-20,2019-11-25
358,EM-DAT,2019-0664-COG,Congo,2019-12-01,2020-03-01
359,DFO,DFO-4821,Colombia,2019-10-28,2019-11-06
359,EM-DAT,2019-0595-COL,Colombia,2019-10-27,2019-11-17
360,DFO,DFO-4822,India,2019-10-25,2019-11-06
360,EM-DAT,2019-0499-IND,India,2019-10-19,2019-10-23
361,DFO,DFO-4823,Japan,2019-10-25,2019-10-31
361,EM-DAT,2019-0516-JPN,Japan,2019-10-25,2019-10-26
362,DFO,DFO-4812,Uruguay,2019-10-12,2019-10-18
362,EM-DAT,2019-0608-URY,Uruguay,2019-10-12,2019-10-18
363,DFO,DFO-4813,South Sudan,2019-10-12,2019-10-18
363,EM-DAT,2019-0486-SSD,South Sudan,2019-10-01,2019-10-18
364,DFO,DFO-4814,United Republic of Tanzania,2019-10-12,2019-12-06
364,EM-DAT,2019-0496-TZA,United Republic of Tanzania,2019-10-02,2019-10-16
364,EM-DAT,2019-0515-TZA,United Republic of Tanzania,2019-10-15,2019-10-28
364,EM-DAT,2019-0562-TZA,United Republic of Tanzania,2019-11-20,2019-11-25
365,DFO,DFO-4806,Kenya,2019-10-05,2019-10-15
365,DFO,DFO-4818,Kenya,2019-10-10,2019-12-06
365,EM-DAT,2019-0500-KEN,Kenya,2019-10-10,2019-12-13
366,DFO,DFO-4809,Venezuela (Bolivarian Republic of),2019-10-05,2019-10-15
366,EM-DAT,2019-0609-VEN,Venezuela (Bolivarian Republic of),2019-10-05,2019-10-15
367,DFO,DFO-4804,Côte d’Ivoire,2019-10-04,2019-10-12
367,EM-DAT,2019-0514-CIV,Côte d’Ivoire,2019-10-11,2019-10-13
368,DFO,DFO-4794,Nigeria • Niger,2019-09-01,2019-09-14
368,DFO,DFO-4805,Nigeria,2019-09-25,2019-10-15
368,EM-DAT,2019-0435-NGA,Nigeria,2019-08-20,2019-08-25
368,EM-DAT,2019-0415-NER,Niger,2019-09-01,2019-09-15
368,EM-DAT,2019-0415-NGA,Nigeria,2019-09-21,2019-09-27
369,DFO,DFO-4772,India,2019-06-27,2019-07-13
369,DFO,DFO-4775,India,2019-07-01,2019-07-05
369,DFO,DFO-4785,India,2019-08-05,2019-08-09
369,DFO,DFO-4784,India,2019-08-06,2019-08-09
369,DFO,DFO-4798,India,2019-09-13,2019-09-22
369,DFO,DFO-4799,India,2019-09-15,2019-09-22
369,EM-DAT,2019-0288-IND,India,2019-06-28,2019-07-04
369,EM-DAT,2019-0331-IND,India,2019-07-14,2019-09-30
369,EM-DAT,2019-0383-IND,India,2019-08-12,2019-08-15
370,DFO,DFO-4796,Spain,2019-09-12,2019-09-14
370,EM-DAT,2019-0413-ESP,Spain,2019-09-11,2019-09-14
371,DFO,DFO-4808,Senegal,2019-09-10,2019-09-20
371,EM-DAT,2019-0526-SEN,Senegal,2019-09-10,2019-09-20
372,DFO,DFO-4795,Cambodia • Lao People's Democratic Republic,2019-09-05,2019-09-14
372,EM-DAT,2019-0419-LAO,Lao People's Democratic Republic,2019-08-29,2019-09-03
372,EM-DAT,2019-0419-KHM,Cambodia,2019-09-11,2019-09-20
373,DFO,DFO-4789,Japan,2019-08-28,2019-08-29
373,EM-DAT,2019-0409-JPN,Japan,2019-08-27,2019-08-29
374,DFO,DFO-4787,Mauritania,2019-08-25,2019-08-29
374,EM-DAT,2019-0433-MRT,Mauritania,2019-08-26,2019-08-27
375,DFO,DFO-4793,Russian Federation,2019-08-25,2019-08-30
375,EM-DAT,2019-0432-RUS,Russian Federation,2019-08-28,2019-08-31
376,DFO,DFO-4788,Morocco,2019-08-20,2019-08-28
376,EM-DAT,2019-0427-MAR,Morocco,2019-08-28,2019-08-28
377,DFO,DFO-4786,Sudan,2019-08-07,2019-08-29
377,EM-DAT,2019-0392-SDN,Sudan,2019-07-01,2019-09-06
378,DFO,DFO-4778,Yemen,2019-07-30,2019-08-09
378,EM-DAT,2019-0461-YEM,Yemen,2019-07-31,2019-08-06
379,DFO,DFO-4783,Brazil,2019-07-22,2019-08-01
379,EM-DAT,2019-0368-BRA,Brazil,2019-07-23,2019-07-24
380,DFO,DFO-4781,Myanmar,2019-07-15,2019-08-09
380,EM-DAT,2019-0347-MMR,Myanmar,2019-07-14,2019-07-14
380,EM-DAT,2019-0385-MMR,Myanmar,2019-08-08,2019-08-16
381,DFO,DFO-4768,Nepal,2019-07-11,2019-07-13
381,EM-DAT,2019-0332-NPL,Nepal,2019-07-08,2019-07-29
382,DFO,DFO-4769,Bangladesh,2019-07-10,2019-07-13
382,EM-DAT,2019-0337-BGD,Bangladesh,2019-06-01,2019-07-28
383,DFO,DFO-4773,Pakistan,2019-07-07,2019-07-13
383,EM-DAT,2019-0470-PAK,Pakistan,2019-07-15,2019-07-15
383,EM-DAT,2019-0346-PAK,Pakistan,2019-07-16,2019-07-28
384,DFO,DFO-4755,China,2019-06-07,2019-06-10
384,DFO,DFO-4774,China,2019-07-01,2019-07-13
384,EM-DAT,2019-0209-CHN,China,2019-06-13,2019-07-01
384,EM-DAT,2019-0333-CHN,China,2019-07-15,2019-07-15
385,DFO,DFO-4776,Japan,2019-06-28,2019-07-10
385,EM-DAT,2019-0289-JPN,Japan,2019-06-29,2019-07-04
386,DFO,DFO-4777,Russian Federation,2019-06-25,2019-07-10
386,EM-DAT,2019-0294-RUS,Russian Federation,2019-06-28,2019-07-03
387,DFO,DFO-4764,Türkiye,2019-06-18,2019-06-20
387,EM-DAT,2019-0274-TUR,Türkiye,2019-06-18,2019-06-20
388,DFO,DFO-4766,Mongolia,2019-06-15,2019-06-19
388,EM-DAT,2019-0219-MNG,Mongolia,2019-06-15,2019-06-19
389,DFO,DFO-4767,Uruguay,2019-06-11,2019-06-24
389,EM-DAT,2019-0273-URY,Uruguay,2019-06-11,2019-06-24
390,DFO,DFO-4754,Tajikistan • Afghanistan,2019-06-04,2019-06-10
390,EM-DAT,2019-0216-TJK,Tajikistan,2019-06-01,2019-06-07
390,EM-DAT,2019-0216-AFG,Afghanistan,2019-06-11,2019-06-11
391,DFO,DFO-4757,Libya,2019-06-03,2019-06-10
391,EM-DAT,2019-0224-LBY,Libya,2019-05-28,2019-06-05
392,DFO,DFO-4765,Philippines,2019-06-03,2019-06-23
392,EM-DAT,2019-0264-PHL,Philippines,2019-06-03,2019-06-23
393,DFO,DFO-4758,Mexico,2019-06-02,2019-06-06
393,EM-DAT,2019-0225-MEX,Mexico,2019-06-02,2019-06-06
394,DFO,DFO-4759,Bosnia and Herzegovina • Serbia,2019-06-01,2019-06-05
394,EM-DAT,2019-0287-BIH,Bosnia and Herzegovina,2019-06-01,2019-06-25
394,EM-DAT,2019-0275-SRB,Serbia,2019-06-02,2019-06-07
395,DFO,DFO-4756,Romania,2019-05-31,2019-06-10
395,EM-DAT,2019-0222-ROU,Romania,2019-05-31,2019-06-07
396,DFO,DFO-4750,Saudi Arabia,2019-05-22,2019-05-27
396,EM-DAT,2019-0252-SAU,Saudi Arabia,2019-05-22,2019-05-27
397,DFO,DFO-4753,Afghanistan,2019-05-22,2019-05-26
397,EM-DAT,2019-0255-AFG,Afghanistan,2019-05-22,2019-05-27
398,DFO,DFO-4749,Italy,2019-05-12,2019-05-14
398,EM-DAT,2019-0195-ITA,Italy,2019-05-11,2019-05-13
399,DFO,DFO-4747,United States of America,2019-04-30,2019-06-10
399,EM-DAT,2019-0307-USA,United States of America,2019-06-06,2019-06-09
400,DFO,DFO-4741,South Africa,2019-04-22,2019-04-23
400,EM-DAT,2019-0176-ZAF,South Africa,2019-04-21,2019-04-25
401,DFO,DFO-4743,Argentina,2019-04-20,2019-04-23
401,EM-DAT,2019-0185-ARG,Argentina,2019-04-23,2019-04-23
402,DFO,DFO-4744,Canada,2019-04-19,2019-04-23
402,EM-DAT,2019-0171-CAN,Canada,2019-04-27,2019-05-05
403,DFO,DFO-4739,China,2019-04-11,2019-04-20
403,EM-DAT,2019-0161-CHN,China,2019-04-11,2019-04-12
404,DFO,DFO-4740,Brazil,2019-04-07,2019-04-10
404,EM-DAT,2019-0146-BRA,Brazil,2019-04-08,2019-04-09
405,DFO,DFO-4738,Colombia,2019-04-01,2019-04-20
405,EM-DAT,2019-0159-COL,Colombia,2019-04-07,2019-04-15
406,DFO,DFO-4734,Iran (Islamic Republic of) • Afghanistan,2019-03-17,2019-04-02
406,EM-DAT,2019-0082-IRN,Iran (Islamic Republic of),2019-03-09,2019-03-10
406,EM-DAT,2019-0125-AFG,Afghanistan,2019-03-18,2019-03-26
406,EM-DAT,2019-0125-IRN,Iran (Islamic Republic of),2019-03-19,2019-04-10
406,EM-DAT,2019-0143-AFG,Afghanistan,2019-03-30,2019-04-15
407,DFO,DFO-4736,Paraguay • Bolivia (Plurinational State of),2019-03-15,2019-04-02
407,EM-DAT,2019-0073-BOL,Bolivia (Plurinational State of),2019-02-24,2019-04-10
407,EM-DAT,2019-0150-PRY,Paraguay,2019-03-15,2019-04-04
407,EM-DAT,2019-0197-PRY,Paraguay,2019-04-01,2019-05-13
408,DFO,DFO-4730,United States of America,2019-03-13,2019-04-02
408,EM-DAT,2019-0116-USA,United States of America,2019-03-14,2019-03-31
409,DFO,DFO-4732,South Africa,2019-03-12,2019-03-15
409,EM-DAT,2019-0106-ZAF,South Africa,2019-03-08,2019-03-12
410,DFO,DFO-4731,Brazil,2019-03-10,2019-03-14
410,EM-DAT,2019-0100-BRA,Brazil,2019-03-10,2019-03-11
411,DFO,DFO-4729,Afghanistan • Pakistan,2019-02-26,2019-03-02
411,EM-DAT,2019-0082-PAK,Pakistan,2019-02-20,2019-03-01
411,EM-DAT,2019-0082-AFG,Afghanistan,2019-03-02,2019-03-01
412,DFO,DFO-4727,United States of America,2019-02-25,2019-03-04
412,EM-DAT,2019-0086-USA,United States of America,2019-02-25,2019-03-01
412,EM-DAT,2019-0090-USA,United States of America,2019-02-26,2019-03-04
413,DFO,DFO-4724,Zimbabwe,2019-02-12,2019-02-18
413,EM-DAT,2019-0094-ZWE,Zimbabwe,2019-02-11,2019-02-18
414,DFO,DFO-4725,Malawi • Mozambique,2019-02-11,2019-03-27
414,EM-DAT,2019-0101-MWI,Malawi,2019-03-04,2019-03-10
414,EM-DAT,2019-0099-MOZ,Mozambique,2019-03-09,2019-03-11
415,DFO,DFO-4722,Ecuador,2019-02-09,2019-02-20
415,EM-DAT,2019-0078-ECU,Ecuador,2019-02-21,2019-03-05
416,DFO,DFO-4717,Saudi Arabia,2019-01-26,2019-01-29
416,EM-DAT,2019-0033-SAU,Saudi Arabia,2019-01-27,2019-01-30
417,DFO,DFO-4719,Australia,2019-01-26,2019-01-29
417,EM-DAT,2019-0028-AUS,Australia,2019-01-27,2019-02-09
418,DFO,DFO-4726,Chile • Peru,2019-01-26,2019-02-19
418,EM-DAT,2019-0091-CHL,Chile,2019-02-01,2019-02-10
418,EM-DAT,2019-0093-PER,Peru,2019-02-07,2019-02-07
418,EM-DAT,2019-0072-PER,Peru,2019-02-21,2019-02-28
419,DFO,DFO-4716,Mozambique • Malawi,2019-01-09,2019-01-11
419,EM-DAT,2019-0048-MWI,Malawi,2019-01-01,2019-01-31
419,EM-DAT,2019-0048-MOZ,Mozambique,2019-01-01,2019-01-31
420,DFO,DFO-4714,Sri Lanka,2018-12-22,2018-12-26
420,EM-DAT,2018-0467-LKA,Sri Lanka,2018-12-22,2018-12-25
421,DFO,DFO-4709,Viet Nam,2018-12-06,2018-12-12
421,EM-DAT,2018-0448-VNM,Viet Nam,2018-12-08,2018-12-10
422,DFO,DFO-4708,Indonesia,2018-12-05,2018-12-10
422,EM-DAT,2018-0471-IDN,Indonesia,2018-11-26,2018-12-04
422,EM-DAT,2018-0472-IDN,Indonesia,2018-12-06,2018-12-10
423,DFO,DFO-4705,Iraq • Iran (Islamic Republic of),2018-11-22,2018-11-27
423,EM-DAT,2018-0427-IRQ,Iraq,2018-11-22,2018-11-23
424,DFO,DFO-4703,Paraguay,2018-10-29,2018-11-07
424,EM-DAT,2018-0442-PRY,Paraguay,2018-11-01,2018-11-19
425,DFO,DFO-4687,United States of America,2018-10-10,2018-10-12
425,DFO,DFO-4693,United States of America,2018-10-15,2018-10-17
425,DFO,DFO-4696,United States of America,2018-10-24,2018-10-27
425,EM-DAT,2018-0419-USA,United States of America,2018-10-15,2018-10-20
426,DFO,DFO-4697,Russian Federation,2018-10-23,2018-10-27
426,EM-DAT,2018-0407-RUS,Russian Federation,2018-10-24,2018-10-26
427,DFO,DFO-4688,Spain,2018-10-09,2018-10-11
427,DFO,DFO-4698,Spain,2018-10-18,2018-10-22
427,EM-DAT,2018-0361-ESP,Spain,2018-10-09,2018-10-11
428,DFO,DFO-4634,India,2018-06-12,2018-06-20
428,DFO,DFO-4641,India,2018-06-22,2018-07-02
428,DFO,DFO-4640,India • Pakistan,2018-06-25,2018-07-11
428,DFO,DFO-4644,India,2018-07-06,2018-07-11
428,DFO,DFO-4656,India,2018-07-09,2018-07-19
428,DFO,DFO-4666,Myanmar,2018-07-15,2018-08-10
428,DFO,DFO-4665,India,2018-08-02,2018-08-10
428,DFO,DFO-4663,India,2018-08-07,2018-08-10
428,DFO,DFO-4675,India • Myanmar,2018-08-15,2018-09-07
428,DFO,DFO-4673,India,2018-09-01,2018-09-07
428,DFO,DFO-4684,India,2018-09-23,2018-10-02
428,DFO,DFO-4686,India,2018-10-11,2018-10-12
428,EM-DAT,2018-0205-IND,India,2018-06-22,2018-07-03
428,EM-DAT,2018-0255-MMR,Myanmar,2018-07-15,2018-08-10
428,EM-DAT,2018-0286-IND,India,2018-07-20,2018-07-23
428,EM-DAT,2018-0267-IND,India,2018-07-26,2018-07-28
428,EM-DAT,2018-0345-IND,India,2018-08-02,2018-08-06
428,EM-DAT,2018-0295-IND,India,2018-08-07,2018-08-20
428,EM-DAT,2018-0314-MMR,Myanmar,2018-08-29,2018-08-31
428,EM-DAT,2018-0370-IND,India,2018-09-01,2018-10-06
428,EM-DAT,2018-0372-IND,India,2018-09-23,2018-09-24
429,DFO,DFO-4690,Iran (Islamic Republic of),2018-10-05,2018-10-06
429,EM-DAT,2018-0383-IRN,Iran (Islamic Republic of),2018-10-05,2018-10-06
430,DFO,DFO-4691,Colombia,2018-10-05,2018-10-21
430,EM-DAT,2018-0396-COL,Colombia,2018-10-01,2018-10-17
431,DFO,DFO-4689,Sri Lanka,2018-10-02,2018-10-04
431,EM-DAT,2018-0384-LKA,Sri Lanka,2018-10-06,2018-10-12
432,DFO,DFO-4677,Venezuela (Bolivarian Republic of),2018-09-25,2018-09-28
432,EM-DAT,2018-0386-VEN,Venezuela (Bolivarian Republic of),2018-09-25,2018-09-28
433,DFO,DFO-4670,United States of America,2018-08-22,2018-08-31
433,DFO,DFO-4669,United States of America,2018-08-31,2018-09-01
433,DFO,DFO-4672,United States of America,2018-09-01,2018-09-07
433,DFO,DFO-4676,United States of America,2018-09-15,2018-10-02
433,EM-DAT,2018-0331-USA,United States of America,2018-09-03,2018-09-11
434,DFO,DFO-4683,Ghana,2018-09-01,2018-10-02
434,EM-DAT,2018-0368-GHA,Ghana,2018-08-31,2018-10-02
435,DFO,DFO-4674,Democratic People's Republic of Korea,2018-08-24,2018-09-06
435,EM-DAT,2018-0329-PRK,Democratic People's Republic of Korea,2018-08-24,2018-09-06
436,DFO,DFO-4667,Nigeria,2018-08-20,2018-10-02
436,EM-DAT,2018-0365-NGA,Nigeria,2018-09-20,2018-10-02
437,DFO,DFO-4668,Sudan,2018-08-01,2018-09-04
437,EM-DAT,2018-0292-SDN,Sudan,2018-07-23,2018-07-30
437,EM-DAT,2018-0387-SDN,Sudan,2018-08-01,2018-09-04
438,DFO,DFO-4662,Colombia • Venezuela (Bolivarian Republic of),2018-07-26,2018-09-04
438,EM-DAT,2018-0290-VEN,Venezuela (Bolivarian Republic of),2018-08-01,2018-08-10
439,DFO,DFO-4658,Lao People's Democratic Republic,2018-07-22,2018-07-25
439,EM-DAT,2018-0222-LAO,Lao People's Democratic Republic,2018-07-23,2018-07-23
440,DFO,DFO-4652,Cambodia,2018-07-17,2018-07-23
440,EM-DAT,2018-0222-KHM,Cambodia,2018-07-23,2018-07-23
441,DFO,DFO-4649,Nigeria,2018-07-13,2018-07-17
441,EM-DAT,2018-0238-NGA,Nigeria,2018-07-13,2018-07-16
442,DFO,DFO-4613,China,2018-05-12,2018-05-14
442,DFO,DFO-4635,China • Viet Nam,2018-06-02,2018-06-10
442,DFO,DFO-4655,China,2018-07-12,2018-07-19
442,EM-DAT,2018-0198-CHN,China,2018-05-05,2018-07-31
442,EM-DAT,2018-0210-CHN,China,2018-05-07,2018-05-30
442,EM-DAT,2018-0211-CHN,China,2018-05-07,2018-05-14
442,EM-DAT,2018-0159-CHN,China,2018-05-07,2018-05-16
442,EM-DAT,2018-0282-CHN,China,2018-06-28,2018-07-05
442,EM-DAT,2018-0250-CHN,China,2018-07-07,2018-07-07
442,EM-DAT,2018-0252-CHN,China,2018-07-10,2018-07-11
443,DFO,DFO-4654,Mongolia,2018-07-11,2018-07-19
443,EM-DAT,2018-0249-MNG,Mongolia,2018-07-03,2018-07-05
444,DFO,DFO-4647,Dominican Republic,2018-07-09,2018-07-11
444,EM-DAT,2018-0218-DOM,Dominican Republic,2018-07-09,2018-07-11
445,DFO,DFO-4643,Japan,2018-07-05,2018-07-11
445,EM-DAT,2018-0190-JPN,Japan,2018-06-29,2018-07-08
446,DFO,DFO-4646,Nepal,2018-07-01,2018-07-11
446,EM-DAT,2018-0219-NPL,Nepal,2018-07-01,2018-07-11
447,DFO,DFO-4642,Bulgaria • Romania,2018-06-28,2018-07-02
447,EM-DAT,2018-0220-BGR,Bulgaria,2018-06-27,2018-07-02
447,EM-DAT,2018-0247-ROU,Romania,2018-06-28,2018-06-29
448,DFO,DFO-4631,Ghana • Côte d’Ivoire,2018-06-18,2018-06-19
448,EM-DAT,2018-0185-CIV,Côte d’Ivoire,2018-06-18,2018-06-19
449,DFO,DFO-4639,Sudan,2018-06-18,2018-06-27
449,EM-DAT,2018-0221-SDN,Sudan,2018-06-18,2018-06-27
450,DFO,DFO-4632,Myanmar,2018-06-15,2018-06-20
450,EM-DAT,2018-0203-MMR,Myanmar,2018-06-05,2018-06-14
451,DFO,DFO-4636,New Zealand,2018-06-11,2018-06-13
451,EM-DAT,2018-0485-NZL,New Zealand,2018-06-11,2018-06-11
452,DFO,DFO-4622,India,2018-05-29,2018-05-30
452,EM-DAT,2018-0216-IND,India,2018-05-29,2018-05-31
453,DFO,DFO-4617,Bangladesh,2018-05-20,2018-05-22
453,EM-DAT,2018-0158-BGD,Bangladesh,2018-05-20,2018-05-22
454,DFO,DFO-4611,Sri Lanka,2018-05-12,2018-05-14
454,DFO,DFO-4619,Sri Lanka,2018-05-20,2018-05-22
454,EM-DAT,2018-0278-LKA,Sri Lanka,2018-05-19,2018-05-26
455,DFO,DFO-4606,Somalia,2018-04-23,2018-05-02
455,DFO,DFO-4624,Somalia • Yemen,2018-05-19,2018-05-21
455,EM-DAT,2018-0133-SOM,Somalia,2018-04-01,2018-05-31
456,DFO,DFO-4620,Guatemala,2018-05-18,2018-05-22
456,EM-DAT,2018-0157-GTM,Guatemala,2018-05-18,2018-05-22
457,DFO,DFO-4612,Canada • United States of America,2018-05-10,2018-05-14
457,EM-DAT,2018-0160-CAN,Canada,2018-05-10,2018-05-14
458,DFO,DFO-4621,Afghanistan,2018-05-09,2018-05-22
458,EM-DAT,2018-0212-AFG,Afghanistan,2018-05-07,2018-05-15
458,EM-DAT,2018-0156-AFG,Afghanistan,2018-05-09,2018-05-22
459,DFO,DFO-4602,Burundi,2018-04-28,2018-05-01
459,EM-DAT,2018-0163-BDI,Burundi,2018-04-28,2018-05-01
459,EM-DAT,2018-0479-BDI,Burundi,2018-05-04,2018-05-09
460,DFO,DFO-4604,Algeria,2018-04-24,2018-04-28
460,EM-DAT,2018-0162-DZA,Algeria,2018-04-24,2018-04-28
461,DFO,DFO-4608,Israel • Egypt,2018-04-24,2018-04-27
461,EM-DAT,2018-0128-ISR,Israel,2018-04-24,2018-04-27
462,DFO,DFO-4603,Rwanda,2018-04-23,2018-04-25
462,EM-DAT,2018-0477-RWA,Rwanda,2018-04-01,2018-04-16
462,EM-DAT,2018-0135-RWA,Rwanda,2018-04-23,2018-04-24
463,DFO,DFO-4605,Kenya,2018-04-15,2018-05-02
463,EM-DAT,2018-0132-KEN,Kenya,2018-03-14,2018-05-31
463,EM-DAT,2018-0148-KEN,Kenya,2018-05-09,2018-05-10
464,DFO,DFO-4598,United Republic of Tanzania,2018-04-14,2018-04-17
464,EM-DAT,2018-0125-TZA,United Republic of Tanzania,2018-04-14,2018-04-18
465,DFO,DFO-4594,United States of America,2018-04-03,2018-04-08
465,DFO,DFO-4601,United States of America,2018-04-14,2018-04-17
465,EM-DAT,2018-0130-USA,United States of America,2018-04-14,2018-04-15
466,DFO,DFO-4599,Malawi,2018-04-11,2018-04-17
466,EM-DAT,2018-0164-MWI,Malawi,2018-04-11,2018-04-17
467,DFO,DFO-4596,Russian Federation,2018-03-26,2018-03-31
467,EM-DAT,2018-0113-RUS,Russian Federation,2018-03-25,2018-04-16
468,DFO,DFO-4591,Brazil,2018-03-20,2018-03-22
468,EM-DAT,2018-0112-BRA,Brazil,2018-03-20,2018-03-21
469,DFO,DFO-4587,Romania,2018-03-14,2018-03-16
469,EM-DAT,2018-0165-ROU,Romania,2018-03-14,2018-03-16
470,DFO,DFO-4581,Croatia • Bosnia and Herzegovina,2018-03-10,2018-03-14
470,EM-DAT,2018-0087-HRV,Croatia,2018-03-10,2018-03-18
471,DFO,DFO-4578,Kazakhstan,2018-03-09,2018-03-14
471,EM-DAT,2018-0167-KAZ,Kazakhstan,2018-03-09,2018-03-14
472,DFO,DFO-4580,Albania,2018-03-07,2018-03-14
472,EM-DAT,2018-0082-ALB,Albania,2018-03-07,2018-03-14
473,DFO,DFO-4579,Australia,2018-03-05,2018-03-26
473,EM-DAT,2018-0123-AUS,Australia,2018-03-09,2018-03-11
474,DFO,DFO-4584,Indonesia,2018-03-05,2018-03-06
474,EM-DAT,2018-0166-IDN,Indonesia,2018-03-05,2018-03-06
475,DFO,DFO-4585,Malawi,2018-03-03,2018-03-14
475,EM-DAT,2018-0104-MWI,Malawi,2018-02-22,2018-03-07
476,DFO,DFO-4586,Angola,2018-03-01,2018-03-14
476,EM-DAT,2018-0104-AGO,Angola,2018-02-22,2018-03-03
477,DFO,DFO-4569,Argentina,2018-02-01,2018-02-21
477,DFO,DFO-4607,Argentina,2018-02-28,2018-04-29
477,EM-DAT,2018-0038-ARG,Argentina,2018-01-31,2018-02-21
478,DFO,DFO-4576,Brazil,2018-02-14,2018-02-16
478,EM-DAT,2018-0040-BRA,Brazil,2018-02-14,2018-02-16
479,DFO,DFO-4577,Bolivia (Plurinational State of),2018-02-10,2018-02-21
479,EM-DAT,2018-0062-BOL,Bolivia (Plurinational State of),2018-02-10,2018-02-21
480,DFO,DFO-4567,Malaysia,2018-02-03,2018-02-12
480,EM-DAT,2018-0063-MYS,Malaysia,2018-02-03,2018-02-12
481,DFO,DFO-4570,Malawi,2018-02-01,2018-02-14
481,EM-DAT,2018-0064-MWI,Malawi,2018-02-01,2018-02-14
482,DFO,DFO-4566,France,2018-01-24,2018-01-29
482,EM-DAT,2018-0037-FRA,France,2018-01-21,2018-02-01
483,DFO,DFO-4564,Mozambique,2018-01-14,2018-02-21
483,EM-DAT,2018-0048-MOZ,Mozambique,2018-01-16,2018-01-22
484,DFO,DFO-4565,Burundi,2018-01-14,2018-01-24
484,EM-DAT,2018-0065-BDI,Burundi,2018-01-14,2018-01-24
485,DFO,DFO-4562,Paraguay,2018-01-13,2018-01-22
485,EM-DAT,2018-0066-PRY,Paraguay,2018-01-13,2018-01-22
486,DFO,DFO-4556,Democratic Republic of the Congo • Congo,2018-01-03,2018-01-05
486,EM-DAT,2018-0005-COD,Democratic Republic of the Congo,2018-01-03,2018-01-07
487,DFO,DFO-4558,Malaysia,2018-01-01,2018-01-05
487,EM-DAT,2018-0068-MYS,Malaysia,2018-01-01,2018-01-05
488,DFO,DFO-4554,Oman • United Arab Emirates,2017-12-16,2017-12-17
488,EM-DAT,2017-0548-ARE,United Arab Emirates,2017-12-16,2017-12-16
488,EM-DAT,2017-0548-OMN,Oman,2017-12-16,2017-12-17
489,DFO,DFO-4551,Italy,2017-12-12,2017-12-13
489,EM-DAT,2017-0544-ITA,Italy,2017-12-11,2017-12-12
490,DFO,DFO-4548,Albania,2017-11-30,2017-12-04
490,EM-DAT,2017-0504-ALB,Albania,2017-11-30,2017-12-04
491,DFO,DFO-4544,Indonesia,2017-11-27,2017-11-29
491,EM-DAT,2017-0576-IDN,Indonesia,2017-11-19,2017-11-24
492,DFO,DFO-4545,Malaysia,2017-11-25,2017-11-29
492,EM-DAT,2017-0516-MYS,Malaysia,2017-11-25,2017-12-03
493,DFO,DFO-4546,Thailand,2017-11-25,2017-12-17
493,EM-DAT,2017-0516-THA,Thailand,2017-11-25,2017-12-03
494,DFO,DFO-4543,United Kingdom of Great Britain and Northern Ireland • Ireland,2017-11-22,2017-11-26
494,DFO,DFO-4547,United Kingdom of Great Britain and Northern Ireland,2017-11-22,2017-11-25
494,EM-DAT,2017-0490-GBR,United Kingdom of Great Britain and Northern Ireland,2017-11-22,2017-11-26
494,EM-DAT,2017-0490-IRL,Ireland,2017-11-22,2017-11-23
495,DFO,DFO-4542,Saudi Arabia,2017-11-21,2017-11-22
495,EM-DAT,2017-0491-SAU,Saudi Arabia,2017-11-21,2017-11-22
496,DFO,DFO-4541,Viet Nam,2017-11-19,2017-11-24
496,EM-DAT,2017-0492-VNM,Viet Nam,2017-11-19,2017-11-24
497,DFO,DFO-4540,Greece,2017-11-14,2017-11-15
497,EM-DAT,2017-0444-GRC,Greece,2017-11-14,2017-11-15
498,DFO,DFO-4537,Colombia,2017-11-07,2017-11-10
498,EM-DAT,2017-0478-COL,Colombia,2017-11-09,2017-11-09
499,DFO,DFO-4534,Malaysia,2017-11-03,2017-11-08
499,EM-DAT,2017-0477-MYS,Malaysia,2017-11-03,2017-11-08
500,DFO,DFO-4538,Indonesia,2017-11-03,2017-11-11
500,EM-DAT,2017-0494-IDN,Indonesia,2017-11-03,2017-11-17
501,DFO,DFO-4539,Sri Lanka,2017-11-03,2017-11-13
501,EM-DAT,2017-0493-LKA,Sri Lanka,2017-11-03,2017-11-13
502,DFO,DFO-4532,India,2017-10-30,2017-11-08
502,EM-DAT,2017-0495-IND,India,2017-10-30,2017-11-08
503,DFO,DFO-4531,Nicaragua • Honduras,2017-10-27,2017-11-08
503,EM-DAT,2017-0449-HND,Honduras,2017-10-23,2017-10-29
503,EM-DAT,2017-0449-NIC,Nicaragua,2017-10-27,2017-10-27
504,DFO,DFO-4536,Bulgaria,2017-10-24,2017-10-26
504,EM-DAT,2017-0430-BGR,Bulgaria,2017-10-24,2017-10-26
505,DFO,DFO-4529,Thailand,2017-10-15,2017-11-08
505,EM-DAT,2017-0465-THA,Thailand,2017-10-10,2017-11-08
506,DFO,DFO-4525,Mexico,2017-09-26,2017-10-07
506,EM-DAT,2017-0498-MEX,Mexico,2017-09-26,2017-10-07
507,DFO,DFO-4526,China,2017-09-24,2017-10-07
507,EM-DAT,2017-0398-CHN,China,2017-09-24,2017-10-07
507,EM-DAT,2017-0463-CHN,China,2017-10-01,2017-10-10
508,DFO,DFO-4518,Viet Nam • Philippines,2017-09-15,2017-09-19
508,DFO,DFO-4527,Philippines,2017-09-22,2017-09-24
508,EM-DAT,2017-0497-PHL,Philippines,2017-09-22,2017-09-24
509,DFO,DFO-4517,Nigeria,2017-09-01,2017-09-19
509,EM-DAT,2017-0378-NGA,Nigeria,2017-08-15,2017-09-19
510,DFO,DFO-4519,Niger,2017-08-26,2017-09-15
510,EM-DAT,2017-0370-NER,Niger,2017-08-26,2017-09-15
511,DFO,DFO-4515,China,2017-08-23,2017-08-26
511,EM-DAT,2017-0476-CHN,China,2017-08-11,2017-08-16
512,DFO,DFO-4513,United Kingdom of Great Britain and Northern Ireland • Ireland,2017-08-22,2017-08-26
512,EM-DAT,2017-0373-IRL,Ireland,2017-08-22,2017-08-26
513,DFO,DFO-4509,Nepal,2017-08-11,2017-08-26
513,EM-DAT,2017-0342-NPL,Nepal,2017-08-10,2017-09-07
514,DFO,DFO-4483,India,2017-06-02,2017-07-03
514,DFO,DFO-4498,India,2017-07-15,2017-07-20
514,DFO,DFO-4499,India,2017-07-27,2017-08-10
514,DFO,DFO-4507,India,2017-08-10,2017-08-26
514,EM-DAT,2017-0294-IND,India,2017-06-01,2017-08-01
514,EM-DAT,2017-0257-IND,India,2017-06-01,2017-06-30
514,EM-DAT,2017-0180-IND,India,2017-06-04,2017-06-06
514,EM-DAT,2017-0289-IND,India,2017-06-25,2017-07-24
514,EM-DAT,2017-0290-IND,India,2017-07-01,2017-07-01
514,EM-DAT,2017-0342-IND,India,2017-08-11,2017-08-31
514,EM-DAT,2017-0517-IND,India,2017-08-16,2017-08-23
514,EM-DAT,2017-0364-IND,India,2017-08-29,2017-08-29
515,DFO,DFO-4508,Bangladesh,2017-08-10,2017-08-26
515,EM-DAT,2017-0342-BGD,Bangladesh,2017-08-10,2017-08-31
516,DFO,DFO-4489,Pakistan,2017-06-25,2017-07-03
516,DFO,DFO-4501,Pakistan,2017-08-03,2017-08-10
516,EM-DAT,2017-0243-PAK,Pakistan,2017-06-26,2017-09-11
517,DFO,DFO-4500,Viet Nam,2017-08-02,2017-08-10
517,EM-DAT,2017-0337-VNM,Viet Nam,2017-08-03,2017-08-03
518,DFO,DFO-4496,Thailand,2017-08-01,2017-08-10
518,EM-DAT,2017-0316-THA,Thailand,2017-07-05,2017-08-02
519,DFO,DFO-4503,Germany,2017-07-25,2017-07-29
519,EM-DAT,2017-0310-DEU,Germany,2017-07-24,2017-07-27
520,DFO,DFO-4493,United States of America,2017-07-15,2017-07-16
520,DFO,DFO-4494,United States of America,2017-07-22,2017-07-23
520,EM-DAT,2017-0282-USA,United States of America,2017-07-15,2017-07-15
521,DFO,DFO-4492,Nigeria,2017-07-08,2017-07-15
521,EM-DAT,2017-0272-NGA,Nigeria,2017-07-08,2017-07-09
522,DFO,DFO-4490,Nepal,2017-06-30,2017-07-03
522,EM-DAT,2017-0321-NPL,Nepal,2017-06-30,2017-07-03
523,DFO,DFO-4488,China,2017-06-22,2017-07-03
523,EM-DAT,2017-0187-CHN,China,2017-06-15,2017-06-21
523,EM-DAT,2017-0245-CHN,China,2017-06-22,2017-07-07
523,EM-DAT,2017-0261-CHN,China,2017-07-06,2017-07-09
523,EM-DAT,2017-0264-CHN,China,2017-07-08,2017-07-11
524,DFO,DFO-4487,Chile,2017-06-14,2017-06-20
524,EM-DAT,2017-0185-CHL,Chile,2017-06-16,2017-06-17
525,DFO,DFO-4486,Niger,2017-06-13,2017-07-03
525,EM-DAT,2017-0186-NER,Niger,2017-06-13,2017-06-19
526,DFO,DFO-4491,France,2017-06-13,2017-06-15
526,EM-DAT,2017-0320-FRA,France,2017-06-13,2017-06-14
527,DFO,DFO-4481,Honduras,2017-06-10,2017-06-14
527,EM-DAT,2017-0196-HND,Honduras,2017-06-10,2017-06-11
528,DFO,DFO-4482,Taiwan (Province of China),2017-06-02,2017-06-05
528,EM-DAT,2017-0169-TWN,Taiwan (Province of China),2017-05-31,2017-06-05
529,DFO,DFO-4475,Uruguay,2017-05-25,2017-06-14
529,EM-DAT,2017-0195-URY,Uruguay,2017-05-29,2017-06-14
530,DFO,DFO-4479,Brazil,2017-05-25,2017-06-10
530,EM-DAT,2017-0202-BRA,Brazil,2017-05-26,2017-06-10
531,DFO,DFO-4474,Sri Lanka,2017-05-23,2017-06-14
531,EM-DAT,2017-0153-LKA,Sri Lanka,2017-05-25,2017-05-31
532,DFO,DFO-4478,Guyana,2017-05-20,2017-05-25
532,EM-DAT,2017-0216-GUY,Guyana,2017-05-20,2017-05-25
533,DFO,DFO-4476,South Africa,2017-05-14,2017-05-19
533,EM-DAT,2017-0217-ZAF,South Africa,2017-05-14,2017-05-19
534,DFO,DFO-4473,Chile,2017-05-11,2017-05-15
534,EM-DAT,2017-0218-CHL,Chile,2017-05-11,2017-05-15
535,DFO,DFO-4472,Kenya,2017-05-08,2017-05-15
535,EM-DAT,2017-0205-KEN,Kenya,2017-05-08,2017-05-16
536,DFO,DFO-4470,Canada,2017-05-05,2017-05-15
536,EM-DAT,2017-0126-CAN,Canada,2017-05-05,2017-05-20
537,DFO,DFO-4469,United States of America,2017-04-26,2017-05-02
537,DFO,DFO-4468,United States of America,2017-04-28,2017-05-02
537,EM-DAT,2017-0136-USA,United States of America,2017-04-28,2017-05-01
538,DFO,DFO-4459,Bangladesh,2017-03-30,2017-04-18
538,DFO,DFO-4466,Bangladesh • India,2017-04-16,2017-05-02
538,EM-DAT,2017-0138-BGD,Bangladesh,2017-03-28,2017-04-15
539,DFO,DFO-4463,Iran (Islamic Republic of),2017-04-15,2017-04-21
539,EM-DAT,2017-0096-IRN,Iran (Islamic Republic of),2017-04-15,2017-04-16
540,DFO,DFO-4465,Kazakhstan,2017-04-14,2017-04-21
540,EM-DAT,2017-0220-KAZ,Kazakhstan,2017-04-14,2017-04-21
541,DFO,DFO-4458,Australia • New Zealand,2017-03-28,2017-04-08
541,DFO,DFO-4461,New Zealand,2017-04-05,2017-04-21
541,EM-DAT,2017-0222-NZL,New Zealand,2017-04-05,2017-04-21
542,DFO,DFO-4462,Argentina,2017-04-05,2017-04-21
542,DFO,DFO-4464,Argentina,2017-04-05,2017-04-21
542,EM-DAT,2017-0104-ARG,Argentina,2017-03-27,2017-04-07
542,EM-DAT,2017-0221-ARG,Argentina,2017-04-05,2017-04-21
543,DFO,DFO-4460,Malawi,2017-04-04,2017-04-18
543,EM-DAT,2017-0123-MWI,Malawi,2017-04-19,2017-05-03
544,DFO,DFO-4456,Colombia,2017-04-01,2017-04-08
544,EM-DAT,2017-0215-COL,Colombia,2017-03-17,2017-03-27
545,DFO,DFO-4457,Angola,2017-03-21,2017-04-08
545,EM-DAT,2017-0109-AGO,Angola,2017-03-21,2017-04-08
546,DFO,DFO-4445,Chile,2017-02-24,2017-03-03
546,EM-DAT,2017-0055-CHL,Chile,2017-02-24,2017-03-03
547,DFO,DFO-4448,Colombia,2017-02-23,2017-03-03
547,EM-DAT,2017-0223-COL,Colombia,2017-02-23,2017-03-03
548,DFO,DFO-4447,Indonesia,2017-02-21,2017-03-03
548,EM-DAT,2017-0059-IDN,Indonesia,2017-02-21,2017-02-21
548,EM-DAT,2017-0111-IDN,Indonesia,2017-03-03,2017-03-03
549,DFO,DFO-4444,United States of America,2017-02-16,2017-03-03
549,EM-DAT,2017-0058-USA,United States of America,2017-02-22,2017-02-22
550,DFO,DFO-4436,Philippines,2017-01-16,2017-01-21
550,DFO,DFO-4440,Philippines,2017-02-01,2017-02-07
550,EM-DAT,2017-0028-PHL,Philippines,2017-01-16,2017-01-31
550,EM-DAT,2017-0226-PHL,Philippines,2017-02-01,2017-02-07
551,DFO,DFO-4441,Peru,2017-02-01,2017-02-07
551,DFO,DFO-4450,Peru,2017-02-01,2017-03-22
551,EM-DAT,2017-0036-PER,Peru,2017-01-14,2017-02-01
551,EM-DAT,2017-0052-PER,Peru,2017-02-01,2017-02-07
551,EM-DAT,2017-0084-PER,Peru,2017-03-15,2017-03-19
552,DFO,DFO-4431,Malaysia,2016-12-31,2017-01-05
552,DFO,DFO-4443,Malaysia,2017-01-23,2017-02-07
552,EM-DAT,2016-0516-MYS,Malaysia,2016-12-26,2017-01-23
552,EM-DAT,2017-0224-MYS,Malaysia,2017-01-23,2017-02-07
553,DFO,DFO-4437,Honduras,2017-01-07,2017-01-21
553,EM-DAT,2017-0227-HND,Honduras,2017-01-07,2017-01-21
554,DFO,DFO-4442,Colombia,2017-01-05,2017-02-07
554,EM-DAT,2017-0225-COL,Colombia,2017-01-05,2017-02-07
555,DFO,DFO-4439,Mozambique,2017-01-01,2017-02-07
555,EM-DAT,2016-0529-MOZ,Mozambique,2016-10-01,2017-01-01
556,DFO,DFO-4432,Thailand,2016-12-31,2017-02-07
556,EM-DAT,2017-0006-THA,Thailand,2017-01-01,2017-01-31
557,DFO,DFO-4427,Argentina,2016-12-26,2017-01-05
557,EM-DAT,2016-0519-ARG,Argentina,2016-12-25,2016-12-26
558,DFO,DFO-4422,Viet Nam,2016-11-30,2016-12-07
558,DFO,DFO-4429,Viet Nam,2016-12-13,2017-01-02
558,EM-DAT,2016-0497-VNM,Viet Nam,2016-12-12,2016-12-20
559,DFO,DFO-4421,Bolivia (Plurinational State of),2016-12-03,2016-12-07
559,EM-DAT,2016-0522-BOL,Bolivia (Plurinational State of),2016-11-26,2016-12-05
560,DFO,DFO-4420,Colombia,2016-12-01,2016-12-07
560,EM-DAT,2016-0522-COL,Colombia,2016-11-26,2016-12-05
561,DFO,DFO-4423,Thailand,2016-12-01,2016-12-07
561,EM-DAT,2016-0472-THA,Thailand,2016-12-01,2016-12-10
562,DFO,DFO-4424,Malaysia,2016-11-28,2016-12-07
562,EM-DAT,2016-0489-MYS,Malaysia,2016-11-28,2016-12-07
563,DFO,DFO-4416,Dominican Republic,2016-11-07,2016-11-10
563,EM-DAT,2016-0423-DOM,Dominican Republic,2016-11-07,2016-11-10
564,DFO,DFO-4417,Albania • Montenegro,2016-11-07,2016-11-10
564,EM-DAT,2016-0420-ALB,Albania,2016-11-07,2016-11-10
565,DFO,DFO-4415,Haiti,2016-11-05,2016-11-10
565,EM-DAT,2016-0418-HTI,Haiti,2016-11-05,2016-11-10
566,DFO,DFO-4414,Mexico,2016-11-03,2016-11-10
566,EM-DAT,2016-0424-MEX,Mexico,2016-11-03,2016-11-10
567,DFO,DFO-4413,Indonesia,2016-10-23,2016-11-10
567,EM-DAT,2016-0425-IDN,Indonesia,2016-10-23,2016-11-10
567,EM-DAT,2016-0479-IDN,Indonesia,2016-11-13,2016-11-15
568,DFO,DFO-4406,Ukraine,2016-10-12,2016-10-16
568,EM-DAT,2016-0427-UKR,Ukraine,2016-10-12,2016-10-16
569,DFO,DFO-4408,Romania • Albania,2016-10-09,2016-10-16
569,EM-DAT,2016-0426-ROU,Romania,2016-10-11,2016-10-16
570,DFO,DFO-4410,Viet Nam,2016-10-09,2016-11-10
570,EM-DAT,2016-0400-VNM,Viet Nam,2016-10-09,2016-10-16
570,EM-DAT,2016-0517-VNM,Viet Nam,2016-10-30,2016-11-05
571,DFO,DFO-4403,Thailand,2016-10-06,2016-10-16
571,EM-DAT,2016-0360-THA,Thailand,2016-10-06,2016-10-16
572,DFO,DFO-4392,Mexico,2016-09-14,2016-09-22
572,DFO,DFO-4401,Mexico,2016-09-29,2016-10-05
572,EM-DAT,2016-0332-MEX,Mexico,2016-09-14,2016-09-22
572,EM-DAT,2016-0333-MEX,Mexico,2016-09-29,2016-10-05
573,DFO,DFO-4371,India,2016-06-29,2016-08-26
573,DFO,DFO-4378,India,2016-07-07,2016-08-03
573,DFO,DFO-4384,India,2016-07-15,2016-09-22
573,DFO,DFO-4383,India,2016-08-01,2016-08-03
573,DFO,DFO-4405,India,2016-09-21,2016-10-16
573,EM-DAT,2016-0239-IND,India,2016-06-25,2016-07-01
573,EM-DAT,2016-0276-IND,India,2016-07-09,2016-08-22
573,EM-DAT,2016-0271-IND,India,2016-07-15,2016-09-12
573,EM-DAT,2016-0554-IND,India,2016-07-17,2016-07-19
573,EM-DAT,2016-0267-IND,India,2016-07-28,2016-07-30
573,EM-DAT,2016-0304-IND,India,2016-08-01,2016-08-03
573,EM-DAT,2016-0391-IND,India,2016-09-21,2016-09-29
574,DFO,DFO-4394,Indonesia,2016-09-20,2016-09-22
574,EM-DAT,2016-0345-IDN,Indonesia,2016-09-20,2016-09-22
575,DFO,DFO-4396,China • Taiwan (Province of China),2016-09-17,2016-09-22
575,EM-DAT,2016-0389-CHN,China,2016-09-18,2016-09-22
576,DFO,DFO-4399,Australia,2016-09-10,2016-09-22
576,EM-DAT,2016-0428-AUS,Australia,2016-09-10,2016-09-22
577,DFO,DFO-4397,Democratic People's Republic of Korea,2016-09-05,2016-09-22
577,EM-DAT,2016-0321-PRK,Democratic People's Republic of Korea,2016-08-29,2016-09-06
578,DFO,DFO-4398,Greece,2016-09-05,2016-09-08
578,EM-DAT,2016-0334-GRC,Greece,2016-09-06,2016-09-07
579,DFO,DFO-4390,Thailand,2016-08-15,2016-08-26
579,EM-DAT,2016-0378-THA,Thailand,2016-08-15,2016-08-16
580,DFO,DFO-4388,United States of America,2016-08-14,2016-08-26
580,EM-DAT,2016-0292-USA,United States of America,2016-08-09,2016-08-16
581,DFO,DFO-4385,Philippines,2016-07-29,2016-08-03
581,EM-DAT,2016-0377-PHL,Philippines,2016-08-08,2016-08-16
582,DFO,DFO-4381,South Africa,2016-07-25,2016-08-03
582,EM-DAT,2016-0305-ZAF,South Africa,2016-07-25,2016-08-03
583,DFO,DFO-4382,Bangladesh,2016-07-25,2016-08-26
583,EM-DAT,2016-0288-BGD,Bangladesh,2016-07-19,2016-08-02
584,DFO,DFO-4376,Malaysia,2016-07-18,2016-07-19
584,EM-DAT,2016-0307-MYS,Malaysia,2016-07-18,2016-07-19
585,DFO,DFO-4369,Sudan,2016-06-30,2016-07-06
585,DFO,DFO-4374,Sudan,2016-07-11,2016-08-26
585,EM-DAT,2016-0274-SDN,Sudan,2016-06-01,2016-09-08
586,DFO,DFO-4377,Indonesia,2016-07-11,2016-07-19
586,EM-DAT,2016-0306-IDN,Indonesia,2016-07-11,2016-07-19
587,DFO,DFO-4373,Nepal,2016-07-04,2016-08-03
587,EM-DAT,2016-0275-NPL,Nepal,2016-06-29,2016-07-05
587,EM-DAT,2016-0267-NPL,Nepal,2016-07-25,2016-07-27
588,DFO,DFO-4372,Pakistan,2016-07-03,2016-07-06
588,EM-DAT,2016-0240-PAK,Pakistan,2016-07-03,2016-07-06
589,DFO,DFO-4356,China,2016-05-08,2016-06-21
589,DFO,DFO-4370,China,2016-06-28,2016-08-03
589,EM-DAT,2016-0194-CHN,China,2016-05-18,2016-05-21
589,EM-DAT,2016-0198-CHN,China,2016-05-21,2016-05-29
589,EM-DAT,2016-0233-CHN,China,2016-06-09,2016-06-16
589,EM-DAT,2016-0236-CHN,China,2016-06-18,2016-06-23
589,EM-DAT,2016-0238-CHN,China,2016-06-23,2016-06-30
589,EM-DAT,2016-0241-CHN,China,2016-06-28,2016-07-13
589,EM-DAT,2016-0257-CHN,China,2016-07-18,2016-07-25
589,EM-DAT,2016-0376-CHN,China,2016-08-05,2016-08-10
590,DFO,DFO-4363,Japan,2016-06-20,2016-06-21
590,EM-DAT,2016-0221-JPN,Japan,2016-06-20,2016-06-23
591,DFO,DFO-4380,Niger • Senegal,2016-06-15,2016-08-26
591,EM-DAT,2016-0269-NER,Niger,2016-06-01,2016-09-07
591,EM-DAT,2016-0219-NER,Niger,2016-06-20,2016-10-01
591,EM-DAT,2016-0449-SEN,Senegal,2016-07-01,2016-09-11
592,DFO,DFO-4362,Canada,2016-06-14,2016-06-21
592,EM-DAT,2016-0243-CAN,Canada,2016-06-14,2016-06-21
593,DFO,DFO-4361,Ghana,2016-06-12,2016-06-21
593,EM-DAT,2016-0212-GHA,Ghana,2016-06-10,2016-06-14
594,DFO,DFO-4365,Myanmar,2016-06-01,2016-08-16
594,EM-DAT,2016-0232-MMR,Myanmar,2016-06-01,2016-06-24
594,EM-DAT,2016-0369-MMR,Myanmar,2016-07-01,2016-08-01
595,DFO,DFO-4366,France,2016-06-01,2016-06-21
595,EM-DAT,2016-0179-FRA,France,2016-05-28,2016-06-21
596,DFO,DFO-4360,Germany,2016-05-27,2016-05-30
596,EM-DAT,2016-0179-DEU,Germany,2016-05-27,2016-06-07
597,DFO,DFO-4359,United States of America,2016-05-26,2016-06-24
597,EM-DAT,2016-0183-USA,United States of America,2016-05-27,2016-06-02
598,DFO,DFO-4354,Dominican Republic • Haiti,2016-05-08,2016-05-11
598,EM-DAT,2016-0165-HTI,Haiti,2016-05-02,2016-05-02
598,EM-DAT,2016-0184-HTI,Haiti,2016-05-07,2016-05-08
598,EM-DAT,2016-0184-DOM,Dominican Republic,2016-05-07,2016-05-08
599,DFO,DFO-4352,Kenya • United Republic of Tanzania,2016-04-13,2016-04-22
599,DFO,DFO-4357,United Republic of Tanzania,2016-04-22,2016-05-30
599,EM-DAT,2016-0244-TZA,United Republic of Tanzania,2016-04-22,2016-04-24
599,EM-DAT,2016-0161-KEN,Kenya,2016-04-29,2016-05-02
600,DFO,DFO-4355,India • Bangladesh,2016-04-20,2016-05-01
600,EM-DAT,2016-0139-IND,India,2016-04-22,2016-04-25
601,DFO,DFO-4351,Angola,2016-04-19,2016-04-22
601,EM-DAT,2016-0131-AGO,Angola,2016-04-16,2016-04-22
602,DFO,DFO-4348,United States of America,2016-04-18,2016-04-22
602,EM-DAT,2016-0124-USA,United States of America,2016-04-16,2016-04-19
603,DFO,DFO-4349,Russian Federation,2016-04-15,2016-04-22
603,DFO,DFO-4358,Russian Federation,2016-04-15,2016-05-30
603,EM-DAT,2016-0128-RUS,Russian Federation,2016-04-16,2016-04-22
603,EM-DAT,2016-0227-RUS,Russian Federation,2016-06-04,2016-06-10
604,DFO,DFO-4346,Uruguay • Argentina,2016-04-01,2016-04-13
604,DFO,DFO-4350,Uruguay,2016-04-12,2016-05-11
604,EM-DAT,2016-0127-ARG,Argentina,2016-04-04,2016-04-15
604,EM-DAT,2016-0115-URY,Uruguay,2016-04-12,2016-05-11
605,DFO,DFO-4347,Oman • Saudi Arabia,2016-04-08,2016-04-13
605,EM-DAT,2016-0105-SAU,Saudi Arabia,2016-04-08,2016-04-15
605,EM-DAT,2016-0120-SAU,Saudi Arabia,2016-04-08,2016-04-10
605,EM-DAT,2016-0120-OMN,Oman,2016-04-08,2016-04-15
606,DFO,DFO-4344,Malawi,2016-04-06,2016-04-13
606,EM-DAT,2016-0129-MWI,Malawi,2016-04-06,2016-04-11
607,DFO,DFO-4345,Somalia,2016-04-06,2016-04-13
607,EM-DAT,2016-0129-SOM,Somalia,2016-04-06,2016-04-11
608,DFO,DFO-4343,Ethiopia,2016-04-04,2016-04-13
608,EM-DAT,2016-0101-ETH,Ethiopia,2016-04-02,2016-04-07
609,DFO,DFO-4342,New Zealand,2016-03-23,2016-03-25
609,EM-DAT,2016-0096-NZL,New Zealand,2016-03-23,2016-03-24
610,DFO,DFO-4338,China,2016-03-19,2016-03-25
610,EM-DAT,2016-0095-CHN,China,2016-03-19,2016-03-22
611,DFO,DFO-4339,Pakistan,2016-03-12,2016-04-13
611,EM-DAT,2016-0553-PAK,Pakistan,2016-03-09,2016-03-29
611,EM-DAT,2016-0112-PAK,Pakistan,2016-04-02,2016-04-08
612,DFO,DFO-4336,United States of America,2016-03-05,2016-03-10
612,DFO,DFO-4337,United States of America,2016-03-08,2016-03-25
612,EM-DAT,2016-0552-USA,United States of America,2016-03-08,2016-03-13
613,DFO,DFO-4334,Serbia,2016-03-06,2016-03-10
613,EM-DAT,2016-0076-SRB,Serbia,2016-03-06,2016-03-07
614,DFO,DFO-4333,Angola,2016-03-01,2016-03-10
614,EM-DAT,2016-0056-AGO,Angola,2016-02-29,2016-03-01
614,EM-DAT,2016-0247-AGO,Angola,2016-03-01,2016-03-10
614,EM-DAT,2016-0088-AGO,Angola,2016-03-03,2016-03-06
615,DFO,DFO-4335,Bolivia (Plurinational State of),2016-02-28,2016-03-10
615,EM-DAT,2016-0246-BOL,Bolivia (Plurinational State of),2016-02-28,2016-03-03
616,DFO,DFO-4326,Ecuador • Colombia,2016-01-19,2016-01-29
616,EM-DAT,2016-0032-ECU,Ecuador,2016-01-01,2016-01-25
616,EM-DAT,2016-0039-ECU,Ecuador,2016-01-24,2016-01-26
617,DFO,DFO-4330,Indonesia • Malaysia,2016-01-18,2016-03-10
617,EM-DAT,2016-0040-IDN,Indonesia,2016-02-07,2016-02-12
617,EM-DAT,2016-0057-IDN,Indonesia,2016-02-19,2016-02-24
617,EM-DAT,2016-0057-MYS,Malaysia,2016-02-19,2016-02-24
617,EM-DAT,2016-0092-IDN,Indonesia,2016-03-07,2016-03-08
617,EM-DAT,2016-0094-IDN,Indonesia,2016-03-08,2016-03-13
618,DFO,DFO-4325,Brazil,2016-01-05,2016-01-29
618,DFO,DFO-4323,Brazil,2016-01-09,2016-01-29
618,DFO,DFO-4322,Brazil,2016-01-15,2016-01-29
618,EM-DAT,2016-0033-BRA,Brazil,2016-01-09,2016-01-15
619,DFO,DFO-4324,United Republic of Tanzania,2016-01-14,2016-01-29
619,EM-DAT,2016-0028-TZA,United Republic of Tanzania,2016-01-17,2016-01-18
620,DFO,DFO-4321,Mozambique,2016-01-05,2016-01-29
620,EM-DAT,2016-0248-MOZ,Mozambique,2016-01-05,2016-01-29
621,DFO,DFO-4314,United States of America,2015-12-15,2016-01-29
621,EM-DAT,2015-0565-USA,United States of America,2015-12-15,2016-01-06
622,DFO,DFO-4319,United Kingdom of Great Britain and Northern Ireland • Ireland,2015-12-05,2016-01-26
622,EM-DAT,2015-0561-GBR,United Kingdom of Great Britain and Northern Ireland,2015-12-26,2015-12-26
623,DFO,DFO-4315,Paraguay • Uruguay,2015-12-01,2016-01-29
623,EM-DAT,2015-0551-PRY,Paraguay,2015-11-01,2016-01-27
623,EM-DAT,2015-0551-URY,Uruguay,2015-12-20,2015-12-26
624,DFO,DFO-4317,Kenya,2015-12-01,2016-01-06
624,EM-DAT,2015-0564-KEN,Kenya,2015-12-01,2016-01-06
625,DFO,DFO-4310,Qatar • Saudi Arabia,2015-11-25,2015-12-04
625,EM-DAT,2015-0507-SAU,Saudi Arabia,2015-11-17,2015-11-18
626,DFO,DFO-4313,Albania,2015-11-21,2015-12-04
626,EM-DAT,2015-0542-ALB,Albania,2015-11-21,2015-11-27
627,DFO,DFO-4309,India,2015-11-10,2015-12-04
627,EM-DAT,2015-0504-IND,India,2015-11-08,2015-12-04
628,DFO,DFO-4303,Algeria,2015-10-16,2015-10-28
628,EM-DAT,2015-0482-DZA,Algeria,2015-10-16,2015-10-28
629,DFO,DFO-4304,Somalia • Ethiopia,2015-10-15,2015-10-28
629,EM-DAT,2015-0477-SOM,Somalia,2015-10-27,2015-10-27
629,EM-DAT,2015-0548-ETH,Ethiopia,2015-11-01,2015-11-01
630,DFO,DFO-4301,Uruguay,2015-10-14,2015-10-28
630,EM-DAT,2015-0498-URY,Uruguay,2015-10-14,2015-10-28
631,DFO,DFO-4296,France,2015-10-03,2015-10-07
631,EM-DAT,2015-0451-FRA,France,2015-10-03,2015-10-04
632,DFO,DFO-4297,Guatemala,2015-10-02,2015-10-03
632,EM-DAT,2015-0446-GTM,Guatemala,2015-09-27,2015-09-28
633,DFO,DFO-4292,Japan,2015-09-09,2015-09-11
633,EM-DAT,2015-0418-JPN,Japan,2015-09-09,2015-09-11
634,DFO,DFO-4293,Viet Nam • Lao People's Democratic Republic,2015-09-07,2015-09-11
634,EM-DAT,2015-0460-LAO,Lao People's Democratic Republic,2015-09-07,2015-09-11
634,EM-DAT,2015-0460-VNM,Viet Nam,2015-09-07,2015-09-11
635,DFO,DFO-4294,Nigeria,2015-08-30,2015-09-11
635,EM-DAT,2015-0448-NGA,Nigeria,2015-09-05,2015-09-24
636,DFO,DFO-4289,Uruguay,2015-08-17,2015-08-19
636,EM-DAT,2015-0363-URY,Uruguay,2015-08-17,2015-08-19
637,DFO,DFO-4282,India,2015-07-15,2015-08-19
637,DFO,DFO-4288,India,2015-08-13,2015-09-11
637,EM-DAT,2015-0333-IND,India,2015-07-07,2015-07-13
637,EM-DAT,2015-0413-IND,India,2015-07-14,2015-07-16
637,EM-DAT,2015-0317-IND,India,2015-07-15,2015-08-19
637,EM-DAT,2015-0374-IND,India,2015-08-13,2015-08-19
637,EM-DAT,2015-0406-IND,India,2015-08-28,2015-08-30
638,DFO,DFO-4290,Argentina,2015-08-10,2015-08-19
638,EM-DAT,2015-0349-ARG,Argentina,2015-08-05,2015-08-12
639,DFO,DFO-4284,North Macedonia,2015-08-03,2015-08-05
639,EM-DAT,2015-0318-MKD,North Macedonia,2015-08-03,2015-08-05
640,DFO,DFO-4286,China,2015-08-02,2015-08-05
640,EM-DAT,2015-0303-CHN,China,2015-07-20,2015-07-29
640,EM-DAT,2015-0395-CHN,China,2015-08-02,2015-08-04
641,DFO,DFO-4287,Philippines,2015-08-02,2015-08-05
641,EM-DAT,2015-0359-PHL,Philippines,2015-07-30,2015-08-05
641,EM-DAT,2015-0323-PHL,Philippines,2015-08-05,2015-08-05
642,DFO,DFO-4285,Guinea,2015-07-26,2015-08-05
642,EM-DAT,2015-0480-GIN,Guinea,2015-07-24,2015-08-03
643,DFO,DFO-4280,Viet Nam,2015-07-25,2015-08-05
643,EM-DAT,2015-0292-VNM,Viet Nam,2015-07-25,2015-08-05
644,DFO,DFO-4281,Paraguay,2015-07-25,2015-08-05
644,EM-DAT,2015-0310-PRY,Paraguay,2015-07-25,2015-08-05
645,DFO,DFO-4291,Niger,2015-07-25,2015-08-19
645,EM-DAT,2015-0368-NER,Niger,2015-07-25,2015-10-01
646,DFO,DFO-4279,United States of America,2015-07-17,2015-07-21
646,DFO,DFO-4274,United States of America,2015-07-18,2015-07-21
646,EM-DAT,2015-0399-USA,United States of America,2015-07-24,2015-08-05
647,DFO,DFO-4275,Guyana,2015-07-16,2015-07-21
647,EM-DAT,2015-0313-GUY,Guyana,2015-07-15,2015-07-21
648,DFO,DFO-4272,Pakistan,2015-07-15,2015-08-19
648,EM-DAT,2015-0333-PAK,Pakistan,2015-07-07,2015-07-13
648,EM-DAT,2015-0291-PAK,Pakistan,2015-07-15,2015-08-19
649,DFO,DFO-4273,Tajikistan,2015-07-15,2015-07-21
649,EM-DAT,2015-0286-TJK,Tajikistan,2015-07-15,2015-07-21
650,DFO,DFO-4283,Myanmar,2015-07-15,2015-08-19
650,EM-DAT,2015-0308-MMR,Myanmar,2015-07-15,2015-08-19
651,DFO,DFO-4277,Iran (Islamic Republic of),2015-07-14,2015-07-21
651,EM-DAT,2015-0258-IRN,Iran (Islamic Republic of),2015-07-14,2015-07-21
652,DFO,DFO-4278,Philippines,2015-07-12,2015-07-21
652,EM-DAT,2015-0283-PHL,Philippines,2015-07-07,2015-07-10
652,EM-DAT,2015-0284-PHL,Philippines,2015-07-12,2015-07-21
653,DFO,DFO-4276,Brazil,2015-07-10,2015-07-21
653,EM-DAT,2015-0285-BRA,Brazil,2015-07-10,2015-07-21
654,DFO,DFO-4266,Russian Federation,2015-06-25,2015-06-29
654,EM-DAT,2015-0235-RUS,Russian Federation,2015-06-25,2015-06-25
655,DFO,DFO-4270,Pakistan,2015-06-25,2015-06-29
655,EM-DAT,2015-0288-PAK,Pakistan,2015-06-25,2015-06-29
656,DFO,DFO-4263,Bangladesh,2015-06-24,2015-06-29
656,EM-DAT,2015-0253-BGD,Bangladesh,2015-06-23,2015-06-30
657,DFO,DFO-4259,India,2015-06-02,2015-06-29
657,DFO,DFO-4265,India,2015-06-24,2015-06-29
657,EM-DAT,2015-0249-IND,India,2015-06-19,2015-06-20
657,EM-DAT,2015-0253-IND,India,2015-06-23,2015-06-30
658,DFO,DFO-4264,New Zealand,2015-06-22,2015-06-29
658,EM-DAT,2015-0256-NZL,New Zealand,2015-06-22,2015-06-29
659,DFO,DFO-4271,Cameroon,2015-06-22,2015-06-29
659,EM-DAT,2015-0287-CMR,Cameroon,2015-06-22,2015-06-29
660,DFO,DFO-4269,Costa Rica,2015-06-21,2015-06-29
660,EM-DAT,2015-0237-CRI,Costa Rica,2015-06-27,2015-07-09
661,DFO,DFO-4261,Georgia,2015-06-13,2015-06-15
661,EM-DAT,2015-0227-GEO,Georgia,2015-06-07,2015-06-15
662,DFO,DFO-4260,Ghana • Togo,2015-06-02,2015-06-15
662,EM-DAT,2015-0217-GHA,Ghana,2015-06-02,2015-06-15
663,DFO,DFO-4257,Romania,2015-05-25,2015-06-02
663,EM-DAT,2015-0203-ROU,Romania,2015-05-25,2015-06-02
664,DFO,DFO-4251,India,2015-05-17,2015-05-21
664,EM-DAT,2015-0207-IND,India,2015-05-17,2015-05-21
665,DFO,DFO-4255,Chile,2015-05-17,2015-05-21
665,EM-DAT,2015-0204-CHL,Chile,2015-05-17,2015-05-21
666,DFO,DFO-4249,China,2015-05-13,2015-06-29
666,EM-DAT,2015-0219-CHN,China,2015-05-13,2015-05-17
666,EM-DAT,2015-0185-CHN,China,2015-05-13,2015-06-01
666,EM-DAT,2015-0220-CHN,China,2015-05-28,2015-06-01
666,EM-DAT,2015-0247-CHN,China,2015-06-01,2015-06-06
666,EM-DAT,2015-0248-CHN,China,2015-06-07,2015-06-11
666,EM-DAT,2015-0240-CHN,China,2015-06-16,2015-06-17
666,EM-DAT,2015-0255-CHN,China,2015-06-26,2015-07-02
667,DFO,DFO-4253,New Zealand,2015-05-13,2015-05-21
667,EM-DAT,2015-0206-NZL,New Zealand,2015-05-13,2015-05-21
668,DFO,DFO-4256,Tajikistan,2015-05-11,2015-05-21
668,EM-DAT,2015-0194-TJK,Tajikistan,2015-05-11,2015-05-13
669,DFO,DFO-4254,United Republic of Tanzania,2015-05-07,2015-05-21
669,EM-DAT,2015-0205-TZA,United Republic of Tanzania,2015-05-07,2015-05-21
670,DFO,DFO-4252,United States of America,2015-05-05,2015-06-29
670,EM-DAT,2015-0212-USA,United States of America,2015-05-23,2015-05-30
670,EM-DAT,2015-0186-USA,United States of America,2015-05-24,2015-05-24
671,DFO,DFO-4244,Australia,2015-04-20,2015-04-28
671,DFO,DFO-4247,Australia,2015-05-01,2015-05-02
671,EM-DAT,2015-0576-AUS,Australia,2015-04-30,2015-05-03
672,DFO,DFO-4248,Kenya,2015-04-27,2015-05-02
672,EM-DAT,2015-0159-KEN,Kenya,2015-04-27,2015-05-02
673,DFO,DFO-4245,Pakistan,2015-04-26,2015-04-28
673,EM-DAT,2015-0145-PAK,Pakistan,2015-04-26,2015-04-28
674,DFO,DFO-4236,Kenya • United Republic of Tanzania,2015-04-05,2015-04-15
674,EM-DAT,2015-0158-KEN,Kenya,2015-04-04,2015-04-10
675,DFO,DFO-4243,Haiti,2015-04-04,2015-04-06
675,EM-DAT,2015-0116-HTI,Haiti,2015-04-04,2015-04-06
676,DFO,DFO-4237,Brazil,2015-02-23,2015-04-15
676,DFO,DFO-4246,Brazil,2015-04-01,2015-05-02
676,EM-DAT,2015-0208-BRA,Brazil,2015-04-01,2015-05-02
677,DFO,DFO-4238,Chile,2015-03-25,2015-04-08
677,EM-DAT,2015-0106-CHL,Chile,2015-03-25,2015-04-08
678,DFO,DFO-4242,Kazakhstan,2015-03-23,2015-04-15
678,EM-DAT,2015-0154-KAZ,Kazakhstan,2015-04-08,2015-04-12
679,DFO,DFO-4239,India,2015-03-20,2015-03-31
679,EM-DAT,2015-0107-IND,India,2015-03-20,2015-03-31
680,DFO,DFO-4231,Indonesia,2015-03-15,2015-03-23
680,EM-DAT,2015-0129-IDN,Indonesia,2015-03-15,2015-03-23
681,DFO,DFO-4229,Mexico,2015-03-13,2015-03-23
681,EM-DAT,2015-0382-MEX,Mexico,2015-03-13,2015-03-23
682,DFO,DFO-4232,Angola,2015-03-09,2015-03-23
682,DFO,DFO-4233,Angola,2015-03-09,2015-03-23
682,EM-DAT,2015-0090-AGO,Angola,2015-03-09,2015-03-23
682,EM-DAT,2015-0091-AGO,Angola,2015-03-09,2015-03-23
683,DFO,DFO-4241,Madagascar,2015-03-05,2015-04-15
683,EM-DAT,2015-0057-MDG,Madagascar,2015-02-27,2015-02-27
684,DFO,DFO-4225,Bolivia (Plurinational State of) • Peru,2015-02-20,2015-02-24
684,EM-DAT,2015-0383-BOL,Bolivia (Plurinational State of),2015-02-20,2015-02-24
685,DFO,DFO-4227,Dominican Republic,2015-02-20,2015-02-24
685,EM-DAT,2015-0060-DOM,Dominican Republic,2015-02-20,2015-02-24
686,DFO,DFO-4222,Indonesia,2015-02-05,2015-02-09
686,EM-DAT,2015-0076-IDN,Indonesia,2015-01-30,2015-02-02
686,EM-DAT,2015-0056-IDN,Indonesia,2015-02-05,2015-02-09
686,EM-DAT,2015-0077-IDN,Indonesia,2015-02-08,2015-02-13
687,DFO,DFO-4221,Greece • Albania,2015-02-01,2015-02-09
687,EM-DAT,2015-0038-GRC,Greece,2015-01-30,2015-02-09
687,EM-DAT,2015-0023-ALB,Albania,2015-01-31,2015-02-23
688,DFO,DFO-4220,Bolivia (Plurinational State of),2015-01-05,2015-02-09
688,EM-DAT,2014-0532-BOL,Bolivia (Plurinational State of),2014-10-01,2015-02-01
688,EM-DAT,2014-0529-BOL,Bolivia (Plurinational State of),2015-01-15,2015-01-31
689,DFO,DFO-4219,Malawi • Mozambique,2015-01-01,2015-02-09
689,EM-DAT,2015-0011-MOZ,Mozambique,2015-01-01,2015-02-09
689,EM-DAT,2015-0011-MWI,Malawi,2015-01-01,2015-01-21
690,DFO,DFO-4215,Sri Lanka,2014-12-20,2015-01-01
690,EM-DAT,2014-0495-LKA,Sri Lanka,2014-12-01,2015-01-05
691,DFO,DFO-4216,Malaysia • Thailand,2014-12-20,2015-01-01
691,EM-DAT,2014-0522-THA,Thailand,2014-12-13,2014-12-31
691,EM-DAT,2014-0494-MYS,Malaysia,2014-12-16,2014-12-30
692,DFO,DFO-4208,United States of America,2014-12-01,2014-12-05
692,DFO,DFO-4213,United States of America,2014-12-11,2014-12-14
692,EM-DAT,2014-0491-USA,United States of America,2014-12-02,2014-12-05
693,DFO,DFO-4209,France,2014-11-29,2014-12-05
693,EM-DAT,2014-0488-FRA,France,2014-11-25,2014-12-05
694,DFO,DFO-4207,Morocco,2014-11-24,2014-12-05
694,EM-DAT,2014-0490-MAR,Morocco,2014-11-28,2014-11-30
695,DFO,DFO-4204,Indonesia,2014-11-14,2014-11-16
695,EM-DAT,2014-0473-IDN,Indonesia,2014-11-22,2014-11-24
696,DFO,DFO-4203,France,2014-11-13,2014-11-16
696,EM-DAT,2014-0462-FRA,France,2014-11-15,2014-11-16
697,DFO,DFO-4206,Thailand,2014-11-07,2014-11-16
697,EM-DAT,2014-0471-THA,Thailand,2014-11-07,2014-11-16
698,DFO,DFO-4214,Colombia,2014-11-01,2014-12-20
698,EM-DAT,2014-0505-COL,Colombia,2014-11-01,2014-12-20
699,DFO,DFO-4202,Greece,2014-10-25,2014-10-27
699,EM-DAT,2014-0419-GRC,Greece,2014-10-24,2014-10-25
700,DFO,DFO-4201,Somalia • Ethiopia,2014-10-24,2014-11-16
700,EM-DAT,2014-0456-SOM,Somalia,2014-10-24,2014-11-16
701,DFO,DFO-4193,Nicaragua,2014-10-09,2014-10-11
701,DFO,DFO-4194,Nicaragua • Honduras,2014-10-15,2014-10-27
701,EM-DAT,2014-0447-HND,Honduras,2014-10-15,2014-10-17
701,EM-DAT,2014-0447-NIC,Nicaragua,2014-10-15,2014-10-17
702,DFO,DFO-4165,India,2014-07-20,2014-07-29
702,DFO,DFO-4171,India,2014-08-11,2014-09-08
702,DFO,DFO-4174,India,2014-08-14,2014-09-08
702,DFO,DFO-4176,India,2014-08-15,2014-09-08
702,DFO,DFO-4179,Pakistan • India,2014-09-01,2014-10-11
702,DFO,DFO-4188,India,2014-09-24,2014-10-11
702,DFO,DFO-4198,India,2014-10-12,2014-10-27
702,EM-DAT,2014-0268-IND,India,2014-07-16,2014-07-22
702,EM-DAT,2014-0313-IND,India,2014-08-03,2014-08-04
702,EM-DAT,2014-0409-IND,India,2014-08-09,2014-08-16
702,EM-DAT,2014-0408-IND,India,2014-08-16,2014-09-01
702,EM-DAT,2014-0343-PAK,Pakistan,2014-09-01,2014-10-11
702,EM-DAT,2014-0343-IND,India,2014-09-01,2014-09-01
702,EM-DAT,2014-0391-IND,India,2014-09-24,2014-10-11
703,DFO,DFO-4192,Italy,2014-10-10,2014-10-11
703,EM-DAT,2014-0448-ITA,Italy,2014-10-08,2014-10-11
704,DFO,DFO-4183,Bulgaria,2014-09-05,2014-09-08
704,EM-DAT,2014-0368-BGR,Bulgaria,2014-09-04,2014-09-06
705,DFO,DFO-4184,Thailand,2014-09-01,2014-09-08
705,EM-DAT,2014-0345-THA,Thailand,2014-09-01,2014-09-08
706,DFO,DFO-4172,China,2014-08-11,2014-08-19
706,DFO,DFO-4185,China,2014-09-01,2014-09-08
706,EM-DAT,2014-0321-CHN,China,2014-08-11,2014-08-19
706,EM-DAT,2014-0323-CHN,China,2014-08-22,2014-08-28
706,EM-DAT,2014-0344-CHN,China,2014-09-01,2014-09-08
706,EM-DAT,2014-0389-CHN,China,2014-09-10,2014-09-17
707,DFO,DFO-4182,Republic of Korea • Japan,2014-08-24,2014-09-04
707,EM-DAT,2014-0324-KOR,Republic of Korea,2014-08-25,2014-09-04
708,DFO,DFO-4178,Bangladesh,2014-08-20,2014-09-08
708,EM-DAT,2014-0290-BGD,Bangladesh,2014-08-11,2014-09-10
708,EM-DAT,2014-0581-BGD,Bangladesh,2014-09-01,2014-09-01
709,DFO,DFO-4181,Panama,2014-08-18,2014-09-04
709,EM-DAT,2014-0278-PAN,Panama,2014-08-18,2014-09-04
710,DFO,DFO-4175,Niger,2014-08-13,2014-08-19
710,EM-DAT,2014-0289-NER,Niger,2014-06-01,2014-10-03
711,DFO,DFO-4170,Nepal,2014-08-12,2014-09-08
711,EM-DAT,2014-0272-NPL,Nepal,2014-08-11,2014-08-25
712,DFO,DFO-4177,United States of America,2014-08-10,2014-08-19
712,EM-DAT,2014-0317-USA,United States of America,2014-08-11,2014-08-13
713,DFO,DFO-4164,South Sudan • Sudan,2014-07-20,2014-09-08
713,EM-DAT,2014-0264-SDN,Sudan,2014-07-25,2014-09-01
714,DFO,DFO-4167,China • Viet Nam,2014-07-18,2014-07-29
714,EM-DAT,2014-0267-CHN,China,2014-07-13,2014-07-18
715,DFO,DFO-4127,Paraguay,2014-02-25,2014-03-10
715,DFO,DFO-4159,Brazil,2014-05-22,2014-07-29
715,DFO,DFO-4150,Paraguay • Brazil,2014-06-03,2014-07-14
715,DFO,DFO-4163,Brazil • Uruguay,2014-07-03,2014-07-29
715,EM-DAT,2014-0142-PRY,Paraguay,2014-02-25,2014-03-10
715,EM-DAT,2014-0188-PRY,Paraguay,2014-03-01,2014-07-01
715,EM-DAT,2014-0188-BRA,Brazil,2014-06-07,2014-06-30
715,EM-DAT,2014-0245-BRA,Brazil,2014-07-03,2014-07-14
716,DFO,DFO-4162,Nepal,2014-07-01,2014-07-14
716,EM-DAT,2014-0246-NPL,Nepal,2014-07-01,2014-07-14
716,EM-DAT,2014-0268-NPL,Nepal,2014-07-16,2014-07-22
717,DFO,DFO-4154,India,2014-06-23,2014-06-25
717,EM-DAT,2014-0218-IND,India,2014-06-26,2014-06-28
718,DFO,DFO-4151,Bulgaria,2014-06-19,2014-06-25
718,EM-DAT,2014-0210-BGR,Bulgaria,2014-06-19,2014-06-25
719,DFO,DFO-4153,Philippines,2014-06-17,2014-06-25
719,EM-DAT,2014-0250-PHL,Philippines,2014-06-13,2014-07-03
720,DFO,DFO-4146,China,2014-05-30,2014-06-10
720,DFO,DFO-4155,China,2014-06-05,2014-06-25
720,EM-DAT,2014-0180-CHN,China,2014-05-24,2014-06-03
720,EM-DAT,2014-0212-CHN,China,2014-06-01,2014-06-07
720,EM-DAT,2014-0550-CHN,China,2014-06-04,2014-06-28
720,EM-DAT,2014-0215-CHN,China,2014-06-17,2014-06-21
720,EM-DAT,2014-0217-CHN,China,2014-06-25,2014-06-30
721,DFO,DFO-4145,Sri Lanka,2014-06-04,2014-06-10
721,EM-DAT,2014-0181-LKA,Sri Lanka,2014-06-04,2014-06-10
722,DFO,DFO-4149,Russian Federation,2014-06-04,2014-06-10
722,EM-DAT,2014-0193-RUS,Russian Federation,2014-05-29,2014-06-10
723,DFO,DFO-4144,Afghanistan,2014-06-03,2014-06-10
723,EM-DAT,2014-0185-AFG,Afghanistan,2014-06-03,2014-06-10
724,DFO,DFO-4147,Iran (Islamic Republic of),2014-06-01,2014-06-10
724,EM-DAT,2014-0171-IRN,Iran (Islamic Republic of),2014-06-01,2014-06-10
725,DFO,DFO-4139,Serbia • Bosnia and Herzegovina,2014-05-12,2014-05-16
725,EM-DAT,2014-0164-BIH,Bosnia and Herzegovina,2014-05-12,2014-05-22
725,EM-DAT,2014-0164-SRB,Serbia,2014-05-12,2014-05-28
726,DFO,DFO-4143,China,2014-05-12,2014-05-16
726,EM-DAT,2014-0549-CHN,China,2014-05-12,2014-05-16
727,DFO,DFO-4142,Tajikistan,2014-05-10,2014-05-16
727,EM-DAT,2014-0204-TJK,Tajikistan,2014-05-10,2014-05-16
728,DFO,DFO-4141,Italy,2014-05-02,2014-05-10
728,EM-DAT,2014-0252-ITA,Italy,2014-05-02,2014-05-04
729,DFO,DFO-4136,Afghanistan,2014-04-20,2014-05-16
729,EM-DAT,2014-0134-AFG,Afghanistan,2014-04-24,2014-05-02
730,DFO,DFO-4137,United Republic of Tanzania,2014-04-18,2014-05-01
730,EM-DAT,2014-0119-TZA,United Republic of Tanzania,2014-04-18,2014-05-01
731,DFO,DFO-4138,Romania • Bulgaria,2014-04-17,2014-05-01
731,EM-DAT,2014-0128-BGR,Bulgaria,2014-04-17,2014-05-01
731,EM-DAT,2014-0128-ROU,Romania,2014-04-19,2014-05-07
732,DFO,DFO-4132,Solomon Islands,2014-04-01,2014-04-08
732,EM-DAT,2014-0091-SLB,Solomon Islands,2014-04-01,2014-04-08
733,DFO,DFO-4133,Argentina,2014-04-01,2014-04-08
733,EM-DAT,2014-0139-ARG,Argentina,2014-04-01,2014-04-08
734,DFO,DFO-4131,South Africa • Namibia,2014-03-01,2014-03-30
734,EM-DAT,2014-0099-ZAF,South Africa,2014-03-01,2014-03-18
735,DFO,DFO-4123,Mozambique,2014-02-24,2014-03-10
735,EM-DAT,2014-0425-MOZ,Mozambique,2014-01-01,2014-05-01
736,DFO,DFO-4126,Burundi,2014-02-19,2014-03-10
736,EM-DAT,2014-0063-BDI,Burundi,2014-02-19,2014-03-10
737,DFO,DFO-4118,Zimbabwe,2014-01-15,2014-02-07
737,DFO,DFO-4119,Zimbabwe,2014-01-15,2014-02-07
737,DFO,DFO-4128,Zimbabwe,2014-02-01,2014-03-30
737,EM-DAT,2014-0066-ZWE,Zimbabwe,2014-01-20,2014-02-10
738,DFO,DFO-4122,France • Italy,2014-01-20,2014-02-07
738,EM-DAT,2014-0027-FRA,France,2014-01-16,2014-02-19
738,EM-DAT,2014-0026-ITA,Italy,2014-01-18,2014-01-20
738,EM-DAT,2014-0045-ITA,Italy,2014-01-31,2014-02-01
739,DFO,DFO-4117,Bolivia (Plurinational State of),2014-01-10,2014-05-01
739,EM-DAT,2013-0544-BOL,Bolivia (Plurinational State of),2013-10-01,2014-02-01
740,DFO,DFO-4112,Indonesia,2013-12-29,2014-01-04
740,DFO,DFO-4121,Indonesia,2014-01-08,2014-02-07
740,EM-DAT,2013-0541-IDN,Indonesia,2013-12-28,2013-12-30
740,EM-DAT,2014-0056-IDN,Indonesia,2014-01-08,2014-02-07
740,EM-DAT,2014-0018-IDN,Indonesia,2014-01-14,2014-01-17
740,EM-DAT,2014-0057-IDN,Indonesia,2014-01-19,2014-01-22
740,EM-DAT,2014-0038-IDN,Indonesia,2014-01-24,2014-01-28
741,DFO,DFO-4116,Peru,2014-01-01,2014-01-04
741,EM-DAT,2014-0534-PER,Peru,2014-01-01,2014-01-20
742,DFO,DFO-4111,United Kingdom of Great Britain and Northern Ireland • Ireland,2013-12-27,2014-02-07
742,EM-DAT,2013-0572-GBR,United Kingdom of Great Britain and Northern Ireland,2013-12-23,2014-02-28
742,EM-DAT,2014-0039-GBR,United Kingdom of Great Britain and Northern Ireland,2014-01-03,2014-02-04
743,DFO,DFO-4114,Saint Vincent and the Grenadines • Saint Lucia,2013-12-26,2014-01-04
743,EM-DAT,2013-0531-LCA,Saint Lucia,2013-12-23,2013-12-25
743,EM-DAT,2013-0531-VCT,Saint Vincent and the Grenadines,2013-12-23,2013-12-25
744,DFO,DFO-4113,Brazil,2013-12-23,2014-01-04
744,EM-DAT,2013-0552-BRA,Brazil,2013-12-17,2014-01-04
745,DFO,DFO-4115,United States of America,2013-12-22,2014-01-04
745,EM-DAT,2013-0558-USA,United States of America,2013-12-22,2013-12-31
746,DFO,DFO-4107,Malaysia,2013-12-01,2013-12-08
746,EM-DAT,2013-0535-MYS,Malaysia,2013-12-01,2013-12-08
747,DFO,DFO-4109,Cuba,2013-12-01,2013-12-08
747,EM-DAT,2013-0511-CUB,Cuba,2013-12-01,2013-12-08
748,DFO,DFO-4110,Thailand,2013-11-20,2013-12-08
748,EM-DAT,2013-0533-THA,Thailand,2013-11-20,2013-12-08
749,DFO,DFO-4102,Italy,2013-11-18,2013-11-19
749,EM-DAT,2013-0441-ITA,Italy,2013-11-18,2013-11-19
750,DFO,DFO-4104,Saudi Arabia,2013-11-18,2013-11-19
750,EM-DAT,2013-0445-SAU,Saudi Arabia,2013-11-16,2013-11-19
751,DFO,DFO-4103,Viet Nam,2013-11-14,2013-11-19
751,EM-DAT,2013-0443-VNM,Viet Nam,2013-11-14,2013-11-20
752,DFO,DFO-4108,Niger,2013-11-03,2013-12-08
752,EM-DAT,2013-0534-NER,Niger,2013-11-03,2013-12-08
753,DFO,DFO-4101,United States of America,2013-10-31,2013-11-10
753,EM-DAT,2013-0510-USA,United States of America,2013-10-31,2013-11-10
754,DFO,DFO-4091,India,2013-10-12,2013-10-14
754,DFO,DFO-4098,India,2013-10-12,2013-11-10
754,EM-DAT,2013-0400-IND,India,2013-10-21,2013-10-26
755,DFO,DFO-4093,Philippines,2013-10-12,2013-10-14
755,EM-DAT,2013-0434-PHL,Philippines,2013-10-04,2013-10-10
756,DFO,DFO-4097,Peru,2013-10-11,2013-10-14
756,EM-DAT,2013-0578-PER,Peru,2013-10-19,2013-10-22
757,DFO,DFO-4096,Indonesia,2013-10-07,2013-10-14
757,EM-DAT,2013-0428-IDN,Indonesia,2013-10-07,2013-10-14
758,DFO,DFO-4092,Thailand,2013-09-30,2013-10-14
758,EM-DAT,2013-0431-THA,Thailand,2013-09-30,2013-10-14
759,DFO,DFO-4090,Cambodia,2013-09-27,2013-10-14
759,EM-DAT,2013-0380-KHM,Cambodia,2013-09-24,2013-10-14
760,DFO,DFO-4089,United States of America,2013-09-12,2013-09-20
760,EM-DAT,2013-0354-USA,United States of America,2013-09-12,2013-09-19
761,DFO,DFO-4087,Romania,2013-09-11,2013-09-16
761,EM-DAT,2013-0347-ROU,Romania,2013-09-12,2013-09-16
762,DFO,DFO-4071,China,2013-07-05,2013-07-15
762,DFO,DFO-4073,China,2013-07-11,2013-07-15
762,DFO,DFO-4072,China,2013-07-13,2013-07-15
762,DFO,DFO-4079,Russian Federation • China,2013-08-01,2013-08-07
762,DFO,DFO-4083,China • Russian Federation,2013-08-07,2013-10-14
762,DFO,DFO-4086,China,2013-08-15,2013-08-21
762,DFO,DFO-4085,China,2013-08-18,2013-08-21
762,EM-DAT,2013-0257-CHN,China,2013-06-29,2013-07-03
762,EM-DAT,2013-0259-CHN,China,2013-07-07,2013-07-17
762,EM-DAT,2013-0262-CHN,China,2013-07-21,2013-07-25
762,EM-DAT,2013-0264-CHN,China,2013-07-25,2013-08-01
762,EM-DAT,2013-0278-RUS,Russian Federation,2013-08-01,2013-08-07
762,EM-DAT,2013-0317-CHN,China,2013-08-12,2013-09-05
762,EM-DAT,2013-0273-CHN,China,2013-08-18,2013-08-21
762,EM-DAT,2013-0416-CHN,China,2013-09-16,2013-09-18
763,DFO,DFO-4084,Philippines,2013-08-13,2013-08-21
763,EM-DAT,2013-0340-PHL,Philippines,2013-08-01,2013-08-09
763,EM-DAT,2013-0274-PHL,Philippines,2013-08-13,2013-08-21
764,DFO,DFO-4078,Pakistan • Afghanistan,2013-08-01,2013-08-07
764,DFO,DFO-4082,Pakistan,2013-08-07,2013-08-21
764,EM-DAT,2013-0279-AFG,Afghanistan,2013-08-01,2013-08-07
764,EM-DAT,2013-0276-PAK,Pakistan,2013-08-07,2013-08-21
764,EM-DAT,2013-0343-AFG,Afghanistan,2013-08-10,2013-08-14
765,DFO,DFO-4076,Kenya,2013-08-05,2013-08-07
765,EM-DAT,2013-0281-KEN,Kenya,2013-08-05,2013-08-07
766,DFO,DFO-4080,United States of America,2013-08-05,2013-08-07
766,EM-DAT,2013-0277-USA,United States of America,2013-08-05,2013-08-12
767,DFO,DFO-4077,Sudan,2013-08-01,2013-08-21
767,EM-DAT,2013-0280-SDN,Sudan,2013-08-01,2013-08-21
768,DFO,DFO-4081,Myanmar • Thailand,2013-07-25,2013-08-07
768,EM-DAT,2013-0263-THA,Thailand,2013-07-25,2013-07-27
768,EM-DAT,2013-0263-MMR,Myanmar,2013-07-25,2013-08-07
769,DFO,DFO-4074,Democratic People's Republic of Korea,2013-07-10,2013-07-15
769,EM-DAT,2013-0243-PRK,Democratic People's Republic of Korea,2013-07-12,2013-07-23
770,DFO,DFO-4075,Paraguay,2013-07-04,2013-07-15
770,EM-DAT,2013-0214-PRY,Paraguay,2013-06-20,2013-07-18
771,DFO,DFO-4067,India,2013-06-11,2013-06-18
771,DFO,DFO-4065,India,2013-06-12,2013-06-27
771,DFO,DFO-4069,India,2013-06-23,2013-07-15
771,EM-DAT,2013-0192-IND,India,2013-06-12,2013-06-27
771,EM-DAT,2013-0282-IND,India,2013-06-23,2013-07-15
771,EM-DAT,2013-0260-IND,India,2013-07-09,2013-07-10
772,DFO,DFO-4070,Lao People's Democratic Republic,2013-06-23,2013-06-27
772,EM-DAT,2013-0338-LAO,Lao People's Democratic Republic,2013-06-01,2013-08-01
773,DFO,DFO-4068,Canada,2013-06-20,2013-06-27
773,EM-DAT,2013-0190-CAN,Canada,2013-06-20,2013-06-27
774,DFO,DFO-4063,Germany • Czechia,2013-05-28,2013-06-18
774,EM-DAT,2013-0205-DEU,Germany,2013-05-28,2013-06-20
774,EM-DAT,2013-0205-CZE,Czechia,2013-05-28,2013-06-21
775,DFO,DFO-4060,United States of America,2013-05-25,2013-05-28
775,DFO,DFO-4061,United States of America,2013-05-25,2013-06-03
775,DFO,DFO-4064,United States of America,2013-05-25,2013-06-03
775,EM-DAT,2013-0286-USA,United States of America,2013-05-25,2013-05-28
776,DFO,DFO-4062,Norway,2013-05-22,2013-05-28
776,EM-DAT,2013-0284-NOR,Norway,2013-05-22,2013-05-28
777,DFO,DFO-4057,China,2013-05-12,2013-05-28
777,EM-DAT,2013-0199-CHN,China,2013-05-06,2013-05-10
777,EM-DAT,2013-0200-CHN,China,2013-05-12,2013-05-28
777,EM-DAT,2013-0201-CHN,China,2013-05-19,2013-05-23
777,EM-DAT,2013-0202-CHN,China,2013-05-24,2013-05-27
778,DFO,DFO-4048,Somalia,2013-04-05,2013-04-29
778,DFO,DFO-4055,Somalia,2013-05-01,2013-05-16
778,EM-DAT,2013-0288-SOM,Somalia,2013-05-01,2013-05-16
779,DFO,DFO-4050,United States of America,2013-04-22,2013-04-29
779,DFO,DFO-4051,United States of America • Canada,2013-04-27,2013-04-29
779,EM-DAT,2013-0291-USA,United States of America,2013-04-22,2013-04-29
780,DFO,DFO-4049,Saudi Arabia • Oman,2013-04-25,2013-05-16
780,EM-DAT,2013-0159-SAU,Saudi Arabia,2013-05-02,2013-05-02
781,DFO,DFO-4052,Afghanistan,2013-04-23,2013-04-29
781,EM-DAT,2013-0178-AFG,Afghanistan,2013-04-25,2013-04-29
782,DFO,DFO-4046,Argentina,2013-04-01,2013-04-07
782,EM-DAT,2013-0119-ARG,Argentina,2013-04-01,2013-04-07
783,DFO,DFO-4045,Mauritius,2013-03-31,2013-04-03
783,EM-DAT,2013-0079-MUS,Mauritius,2013-03-30,2013-04-03
784,DFO,DFO-4043,Kenya • Uganda,2013-03-28,2013-04-29
784,EM-DAT,2013-0123-KEN,Kenya,2013-03-10,2013-04-30
784,EM-DAT,2013-0197-UGA,Uganda,2013-05-01,2013-05-05
785,DFO,DFO-4047,Albania,2013-03-15,2013-04-12
785,EM-DAT,2013-0293-ALB,Albania,2013-03-14,2013-04-04
786,DFO,DFO-4039,France,2013-03-09,2013-03-17
786,EM-DAT,2013-0297-FRA,France,2013-03-05,2013-03-07
787,DFO,DFO-4037,Namibia,2013-03-01,2013-03-17
787,EM-DAT,2013-0011-NAM,Namibia,2013-01-10,2013-03-31
788,DFO,DFO-4036,North Macedonia,2013-02-25,2013-03-04
788,EM-DAT,2013-0061-MKD,North Macedonia,2013-02-24,2013-03-04
789,DFO,DFO-4031,Russian Federation,2013-02-20,2013-03-04
789,EM-DAT,2013-0303-RUS,Russian Federation,2013-02-20,2013-03-04
790,DFO,DFO-4029,Indonesia,2013-02-16,2013-02-18
790,DFO,DFO-4030,Indonesia,2013-02-16,2013-02-18
790,DFO,DFO-4032,Indonesia,2013-02-20,2013-03-04
790,EM-DAT,2013-0063-IDN,Indonesia,2013-02-15,2013-02-22
790,EM-DAT,2013-0560-IDN,Indonesia,2013-02-26,2013-02-28
791,DFO,DFO-4017,Peru,2013-01-04,2013-01-10
791,DFO,DFO-4027,Peru • Bolivia (Plurinational State of),2013-02-08,2013-02-12
791,EM-DAT,2013-0056-PER,Peru,2013-01-01,2013-02-20
791,EM-DAT,2013-0057-BOL,Bolivia (Plurinational State of),2013-01-28,2013-02-27
792,DFO,DFO-4026,Botswana • South Africa,2013-01-15,2013-02-01
792,EM-DAT,2013-0031-BWA,Botswana,2013-01-16,2013-01-23
793,DFO,DFO-4013,Indonesia,2013-01-03,2013-01-10
793,DFO,DFO-4020,Indonesia,2013-01-13,2013-01-22
793,EM-DAT,2013-0034-IDN,Indonesia,2013-01-03,2013-01-10
793,EM-DAT,2013-0007-IDN,Indonesia,2013-01-17,2013-01-31
794,DFO,DFO-4022,Kenya,2013-01-13,2013-01-17
794,EM-DAT,2013-0305-KEN,Kenya,2013-01-13,2013-01-17
795,DFO,DFO-4018,Sri Lanka,2013-01-08,2013-01-17
795,EM-DAT,2013-0039-LKA,Sri Lanka,2013-01-08,2013-01-16
796,DFO,DFO-4019,State of Palestine • Syrian Arab Republic,2013-01-08,2013-01-10
796,EM-DAT,2013-0040-PSE,State of Palestine,2013-01-08,2013-01-10
797,DFO,DFO-4015,Philippines,2013-01-03,2013-01-10
797,DFO,DFO-4016,Philippines,2013-01-04,2013-01-10
797,EM-DAT,2013-0019-PHL,Philippines,2013-01-15,2013-01-23
798,DFO,DFO-4010,Sri Lanka,2012-12-16,2012-12-18
798,EM-DAT,2012-0537-LKA,Sri Lanka,2012-12-17,2012-12-19
799,DFO,DFO-4028,Papua New Guinea,2012-12-01,2013-02-12
799,EM-DAT,2013-0028-PNG,Papua New Guinea,2013-01-01,2013-01-01
800,DFO,DFO-4007,Argentina,2012-11-20,2012-12-04
800,EM-DAT,2012-0593-ARG,Argentina,2012-11-20,2012-12-04
801,DFO,DFO-4009,United Kingdom of Great Britain and Northern Ireland,2012-11-20,2012-12-18
801,EM-DAT,2012-0552-GBR,United Kingdom of Great Britain and Northern Ireland,2012-11-21,2012-12-18
801,EM-DAT,2012-0488-GBR,United Kingdom of Great Britain and Northern Ireland,2012-12-23,2012-12-23
802,DFO,DFO-4021,Malawi,2012-11-15,2013-01-22
802,EM-DAT,2012-0598-MWI,Malawi,2012-12-15,2013-02-01
802,EM-DAT,2013-0011-MWI,Malawi,2013-01-01,2013-01-01
803,DFO,DFO-4003,Spain,2012-11-13,2012-11-18
803,EM-DAT,2012-0467-ESP,Spain,2012-11-13,2012-11-18
804,DFO,DFO-4004,Italy,2012-11-11,2012-11-18
804,EM-DAT,2012-0466-ITA,Italy,2012-11-11,2012-11-18
805,DFO,DFO-3999,South Africa,2012-10-24,2012-10-29
805,EM-DAT,2012-0469-ZAF,South Africa,2012-10-24,2012-10-29
806,DFO,DFO-3993,Iran (Islamic Republic of),2012-10-12,2012-10-15
806,EM-DAT,2012-0471-IRN,Iran (Islamic Republic of),2012-10-12,2012-10-15
807,DFO,DFO-3996,Russian Federation,2012-10-09,2012-10-15
807,EM-DAT,2012-0444-RUS,Russian Federation,2012-10-09,2012-10-15
808,DFO,DFO-3990,United Kingdom of Great Britain and Northern Ireland,2012-09-23,2012-09-26
808,EM-DAT,2012-0446-GBR,United Kingdom of Great Britain and Northern Ireland,2012-09-23,2012-09-27
809,DFO,DFO-3992,Somalia,2012-09-22,2012-10-03
809,EM-DAT,2012-0508-SOM,Somalia,2012-09-27,2012-09-28
810,DFO,DFO-3983,India,2012-09-16,2012-09-18
810,DFO,DFO-3987,India,2012-09-19,2012-10-15
810,EM-DAT,2012-0354-IND,India,2012-09-16,2012-09-18
810,EM-DAT,2012-0382-IND,India,2012-09-19,2012-09-23
811,DFO,DFO-3954,Nigeria,2012-07-22,2012-07-25
811,DFO,DFO-3964,Nigeria,2012-08-02,2012-08-06
811,DFO,DFO-3972,Nigeria,2012-08-24,2012-08-29
811,DFO,DFO-3976,Nigeria • Cameroon,2012-08-25,2012-09-26
811,DFO,DFO-3988,Nigeria,2012-09-15,2012-10-29
811,EM-DAT,2012-0366-NGA,Nigeria,2012-07-01,2012-10-31
811,EM-DAT,2012-0362-CMR,Cameroon,2012-08-25,2012-08-31
811,EM-DAT,2012-0436-CMR,Cameroon,2012-08-27,2012-08-27
812,DFO,DFO-3967,Niger,2012-08-06,2012-09-07
812,DFO,DFO-3994,Niger,2012-09-15,2012-10-15
812,EM-DAT,2012-0302-NER,Niger,2012-07-15,2012-10-15
813,DFO,DFO-3995,Chad,2012-09-15,2012-10-15
813,EM-DAT,2012-0347-TCD,Chad,2012-07-15,2012-09-24
813,EM-DAT,2012-0384-TCD,Chad,2012-09-15,2012-10-15
814,DFO,DFO-3985,Thailand,2012-09-12,2012-09-26
814,EM-DAT,2012-0375-THA,Thailand,2012-08-15,2012-09-30
815,DFO,DFO-3974,Pakistan,2012-08-23,2012-08-29
815,DFO,DFO-3984,Pakistan,2012-09-10,2012-10-29
815,EM-DAT,2012-0363-PAK,Pakistan,2012-08-01,2012-10-29
815,EM-DAT,2012-0475-PAK,Pakistan,2012-08-23,2012-08-29
815,EM-DAT,2012-0325-PAK,Pakistan,2012-09-04,2012-09-04
816,DFO,DFO-3986,China,2012-09-09,2012-09-18
816,EM-DAT,2012-0505-CHN,China,2012-09-07,2012-09-13
817,DFO,DFO-3991,South Sudan • Sudan,2012-09-07,2012-10-03
817,EM-DAT,2012-0473-SSD,South Sudan,2012-09-07,2012-10-03
818,DFO,DFO-3978,Viet Nam,2012-09-02,2012-09-07
818,EM-DAT,2012-0351-VNM,Viet Nam,2012-09-02,2012-09-11
819,DFO,DFO-3965,China,2012-08-14,2012-08-20
819,DFO,DFO-3975,China,2012-08-25,2012-08-29
819,EM-DAT,2012-0603-CHN,China,2012-08-14,2012-08-20
819,EM-DAT,2012-0610-CHN,China,2012-08-28,2012-08-30
820,DFO,DFO-3971,Senegal,2012-08-24,2012-08-29
820,EM-DAT,2012-0318-SEN,Senegal,2012-08-15,2012-08-31
821,DFO,DFO-3980,Uganda,2012-08-20,2012-09-07
821,EM-DAT,2012-0380-UGA,Uganda,2012-08-20,2012-09-07
822,DFO,DFO-3960,India,2012-08-03,2012-08-06
822,DFO,DFO-3959,India,2012-08-04,2012-08-06
822,DFO,DFO-3966,India,2012-08-16,2012-08-20
822,EM-DAT,2012-0334-IND,India,2012-08-04,2012-08-09
822,EM-DAT,2012-0322-IND,India,2012-08-21,2012-08-23
822,EM-DAT,2012-0584-IND,India,2012-08-21,2012-08-23
823,DFO,DFO-3968,South Sudan • Sudan,2012-08-01,2012-08-29
823,DFO,DFO-3961,Sudan,2012-08-04,2012-08-06
823,EM-DAT,2012-0280-SDN,Sudan,2012-08-01,2012-08-12
823,EM-DAT,2012-0476-SSD,South Sudan,2012-08-01,2012-08-29
824,DFO,DFO-3942,China,2012-06-22,2012-07-02
824,DFO,DFO-3949,China,2012-07-09,2012-07-25
824,DFO,DFO-3950,China,2012-07-21,2012-07-25
824,DFO,DFO-3958,China,2012-07-25,2012-07-30
824,DFO,DFO-3963,China,2012-08-03,2012-08-06
824,EM-DAT,2012-0173-CHN,China,2012-06-22,2012-07-02
824,EM-DAT,2012-0200-CHN,China,2012-07-01,2012-07-01
824,EM-DAT,2012-0477-CHN,China,2012-07-09,2012-07-25
824,EM-DAT,2012-0199-CHN,China,2012-07-11,2012-07-11
824,EM-DAT,2012-0292-CHN,China,2012-07-21,2012-07-24
824,EM-DAT,2012-0581-CHN,China,2012-07-27,2012-08-02
825,DFO,DFO-3956,Philippines,2012-07-28,2012-08-06
825,EM-DAT,2012-0272-PHL,Philippines,2012-08-06,2012-08-08
826,DFO,DFO-3957,Costa Rica,2012-07-28,2012-07-30
826,EM-DAT,2012-0281-CRI,Costa Rica,2012-07-29,2012-07-29
827,DFO,DFO-3952,Indonesia,2012-07-20,2012-07-23
827,EM-DAT,2012-0266-IDN,Indonesia,2012-07-24,2012-07-24
828,DFO,DFO-3955,Democratic People's Republic of Korea,2012-07-20,2012-08-06
828,EM-DAT,2012-0258-PRK,Democratic People's Republic of Korea,2012-07-18,2012-07-29
829,DFO,DFO-3970,Myanmar,2012-07-15,2012-08-29
829,EM-DAT,2012-0319-MMR,Myanmar,2012-07-15,2012-08-29
830,DFO,DFO-3943,Russian Federation,2012-07-06,2012-07-16
830,EM-DAT,2012-0213-RUS,Russian Federation,2012-07-11,2012-07-11
831,DFO,DFO-3934,India,2012-06-06,2012-07-16
831,DFO,DFO-3945,India,2012-07-04,2012-07-23
831,EM-DAT,2012-0179-IND,India,2012-06-26,2012-07-13
832,DFO,DFO-3947,Japan,2012-07-04,2012-07-16
832,EM-DAT,2012-0195-JPN,Japan,2012-07-12,2012-07-13
833,DFO,DFO-3944,Türkiye,2012-07-03,2012-07-09
833,EM-DAT,2012-0194-TUR,Türkiye,2012-07-04,2012-07-04
834,DFO,DFO-3939,Bangladesh,2012-06-24,2012-07-02
834,EM-DAT,2012-0175-BGD,Bangladesh,2012-06-24,2012-07-02
835,DFO,DFO-3941,Afghanistan,2012-06-23,2012-06-26
835,EM-DAT,2012-0226-AFG,Afghanistan,2012-06-18,2012-06-20
836,DFO,DFO-3936,Taiwan (Province of China),2012-06-09,2012-06-12
836,EM-DAT,2012-0178-TWN,Taiwan (Province of China),2012-06-09,2012-06-12
837,DFO,DFO-3937,United States of America,2012-06-09,2012-06-12
837,EM-DAT,2012-0177-USA,United States of America,2012-06-09,2012-06-12
838,DFO,DFO-3935,Philippines,2012-06-08,2012-06-12
838,EM-DAT,2012-0172-PHL,Philippines,2012-06-09,2012-06-12
838,EM-DAT,2012-0171-PHL,Philippines,2012-06-11,2012-06-11
838,EM-DAT,2012-0602-PHL,Philippines,2012-06-12,2012-06-13
839,DFO,DFO-3928,Georgia,2012-05-12,2012-05-16
839,EM-DAT,2012-0165-GEO,Georgia,2012-05-12,2012-05-16
840,DFO,DFO-3924,Afghanistan,2012-05-01,2012-05-07
840,DFO,DFO-3929,Afghanistan,2012-05-12,2012-05-16
840,EM-DAT,2012-0183-AFG,Afghanistan,2012-05-12,2012-05-16
840,EM-DAT,2012-0143-AFG,Afghanistan,2012-05-18,2012-05-18
840,EM-DAT,2012-0154-AFG,Afghanistan,2012-05-20,2012-05-20
841,DFO,DFO-3926,China,2012-05-08,2012-05-16
841,EM-DAT,2012-0197-CHN,China,2012-04-28,2012-05-15
841,EM-DAT,2012-0136-CHN,China,2012-05-08,2012-05-16
841,EM-DAT,2012-0576-CHN,China,2012-05-20,2012-05-24
842,DFO,DFO-3923,Nepal,2012-05-05,2012-05-07
842,EM-DAT,2012-0186-NPL,Nepal,2012-05-05,2012-05-07
843,DFO,DFO-3925,Brazil,2012-05-01,2012-05-07
843,EM-DAT,2012-0185-BRA,Brazil,2012-05-01,2012-05-20
844,DFO,DFO-3917,Kenya,2012-04-09,2012-04-26
844,DFO,DFO-3921,Kenya,2012-04-20,2012-05-16
844,EM-DAT,2012-0166-KEN,Kenya,2012-04-20,2012-05-16
845,DFO,DFO-3922,Colombia,2012-04-20,2012-04-26
845,EM-DAT,2012-0238-COL,Colombia,2012-03-15,2012-05-14
845,EM-DAT,2012-0187-COL,Colombia,2012-04-20,2012-04-26
846,DFO,DFO-3920,Saudi Arabia • Oman,2012-04-14,2012-04-18
846,EM-DAT,2012-0188-SAU,Saudi Arabia,2012-04-14,2012-04-18
847,DFO,DFO-3918,Rwanda,2012-04-09,2012-04-18
847,EM-DAT,2012-0130-RWA,Rwanda,2012-04-09,2012-04-18
848,DFO,DFO-3915,Haiti • Dominican Republic,2012-04-08,2012-04-26
848,EM-DAT,2012-0114-HTI,Haiti,2012-04-08,2012-04-26
848,EM-DAT,2012-0114-DOM,Dominican Republic,2012-04-23,2012-04-25
848,EM-DAT,2012-0237-HTI,Haiti,2012-05-01,2012-05-01
849,DFO,DFO-3916,Russian Federation,2012-04-08,2012-04-26
849,EM-DAT,2012-0243-RUS,Russian Federation,2012-04-10,2012-04-10
849,EM-DAT,2012-0111-RUS,Russian Federation,2012-04-22,2012-04-27
850,DFO,DFO-3919,Paraguay • Argentina,2012-04-05,2012-04-26
850,EM-DAT,2012-0089-PRY,Paraguay,2012-03-15,2012-04-01
851,DFO,DFO-3912,Fiji,2012-03-29,2012-04-18
851,EM-DAT,2012-0069-FJI,Fiji,2012-03-29,2012-03-30
852,DFO,DFO-3914,Philippines,2012-03-26,2012-03-30
852,EM-DAT,2012-0396-PHL,Philippines,2012-03-27,2012-03-27
853,DFO,DFO-3913,Canada,2012-03-25,2012-03-30
853,EM-DAT,2012-0068-CAN,Canada,2012-03-25,2012-03-30
854,DFO,DFO-3906,State of Palestine,2012-03-04,2012-03-07
854,EM-DAT,2012-0066-PSE,State of Palestine,2012-02-28,2012-03-02
855,DFO,DFO-3908,United Republic of Tanzania,2012-03-01,2012-03-07
855,EM-DAT,2012-0072-TZA,United Republic of Tanzania,2012-03-01,2012-03-07
856,DFO,DFO-3910,Ecuador,2012-03-01,2012-03-26
856,EM-DAT,2012-0071-ECU,Ecuador,2012-01-01,2012-03-26
857,DFO,DFO-3911,Chile,2012-03-01,2012-03-15
857,EM-DAT,2012-0070-CHL,Chile,2012-03-01,2012-03-15
858,DFO,DFO-3898,Philippines,2012-02-12,2012-02-14
858,DFO,DFO-3900,Philippines,2012-02-20,2012-02-27
858,EM-DAT,2012-0042-PHL,Philippines,2012-02-14,2012-02-16
858,EM-DAT,2012-0078-PHL,Philippines,2012-02-20,2012-02-27
859,DFO,DFO-3903,Brazil • Bolivia (Plurinational State of),2012-02-20,2012-03-26
859,EM-DAT,2012-0075-BRA,Brazil,2012-02-20,2012-03-26
860,DFO,DFO-3897,Greece,2012-02-03,2012-02-06
860,EM-DAT,2012-0080-GRC,Greece,2012-02-05,2012-02-07
861,DFO,DFO-3896,Bulgaria,2012-02-01,2012-02-06
861,EM-DAT,2012-0033-BGR,Bulgaria,2012-02-05,2012-02-09
862,DFO,DFO-3893,Fiji,2012-01-22,2012-02-06
862,EM-DAT,2012-0024-FJI,Fiji,2012-01-22,2012-02-06
863,DFO,DFO-3894,Australia,2012-01-22,2012-03-07
863,EM-DAT,2012-0029-AUS,Australia,2012-01-22,2012-03-07
863,EM-DAT,2012-0037-AUS,Australia,2012-02-24,2012-03-16
864,DFO,DFO-3850,Thailand,2011-08-05,2012-01-09
864,DFO,DFO-3889,Thailand,2012-01-01,2012-01-09
864,EM-DAT,2011-0326-THA,Thailand,2011-08-05,2012-01-04
865,DFO,DFO-3890,Brazil,2012-01-01,2012-01-09
865,EM-DAT,2011-0626-BRA,Brazil,2011-12-01,2012-01-01
866,DFO,DFO-3886,United Republic of Tanzania,2011-12-20,2011-12-22
866,EM-DAT,2011-0535-TZA,United Republic of Tanzania,2011-12-20,2011-12-22
867,DFO,DFO-3882,Indonesia,2011-12-12,2011-12-17
867,DFO,DFO-3888,Indonesia,2011-12-18,2012-01-04
867,EM-DAT,2011-0603-IDN,Indonesia,2011-12-18,2011-12-22
868,DFO,DFO-3884,Philippines,2011-12-16,2011-12-22
868,EM-DAT,2011-0542-PHL,Philippines,2011-12-21,2011-12-21
868,EM-DAT,2011-0540-PHL,Philippines,2011-12-25,2011-12-28
869,DFO,DFO-3891,Angola,2011-12-15,2012-01-09
869,EM-DAT,2011-0523-AGO,Angola,2011-12-15,2012-01-09
870,DFO,DFO-3881,Kenya,2011-11-29,2011-12-22
870,EM-DAT,2011-0504-KEN,Kenya,2011-11-29,2011-12-22
871,DFO,DFO-3877,Philippines,2011-11-10,2011-11-15
871,EM-DAT,2011-0469-PHL,Philippines,2011-11-09,2011-11-14
871,EM-DAT,2011-0468-PHL,Philippines,2011-11-14,2011-11-17
872,DFO,DFO-3874,Kenya • Somalia,2011-11-09,2011-11-15
872,EM-DAT,2011-0476-SOM,Somalia,2011-11-04,2011-11-04
872,EM-DAT,2011-0476-KEN,Kenya,2011-11-04,2011-11-04
873,DFO,DFO-3876,Colombia,2011-11-09,2011-12-22
873,EM-DAT,2011-0386-COL,Colombia,2011-09-01,2011-12-29
874,DFO,DFO-3872,Ghana,2011-10-26,2011-10-29
874,EM-DAT,2011-0413-GHA,Ghana,2011-10-26,2011-10-29
875,DFO,DFO-3873,Italy,2011-10-26,2011-11-01
875,EM-DAT,2011-0416-ITA,Italy,2011-10-25,2011-10-26
875,EM-DAT,2011-0436-ITA,Italy,2011-11-04,2011-11-06
876,DFO,DFO-3871,Mexico • Guatemala,2011-10-10,2011-11-01
876,EM-DAT,2011-0386-GTM,Guatemala,2011-10-12,2011-11-01
876,EM-DAT,2011-0392-MEX,Mexico,2011-10-20,2011-10-20
877,DFO,DFO-3869,Algeria,2011-10-01,2011-10-02
877,EM-DAT,2011-0408-DZA,Algeria,2011-10-01,2011-10-02
878,DFO,DFO-3867,Philippines,2011-09-28,2011-10-02
878,EM-DAT,2011-0380-PHL,Philippines,2011-10-07,2011-10-07
879,DFO,DFO-3816,India,2011-06-01,2011-06-13
879,DFO,DFO-3825,India,2011-06-18,2011-06-21
879,DFO,DFO-3834,India,2011-07-01,2011-07-22
879,DFO,DFO-3835,India,2011-07-01,2011-07-22
879,DFO,DFO-3838,Nepal,2011-07-02,2011-07-22
879,DFO,DFO-3845,India • Nepal,2011-07-23,2011-08-09
879,DFO,DFO-3852,India • Bangladesh,2011-08-10,2011-09-13
879,DFO,DFO-3854,India • Nepal,2011-08-15,2011-10-02
879,DFO,DFO-3856,India,2011-08-15,2011-09-08
879,DFO,DFO-3864,India,2011-08-25,2011-09-13
879,DFO,DFO-3866,India,2011-09-05,2011-10-02
879,EM-DAT,2011-0317-NPL,Nepal,2011-06-01,2011-07-01
879,EM-DAT,2011-0647-IND,India,2011-06-15,2011-07-16
879,EM-DAT,2011-0215-NPL,Nepal,2011-07-02,2011-07-19
879,EM-DAT,2011-0428-IND,India,2011-07-23,2011-08-09
879,EM-DAT,2011-0327-IND,India,2011-08-10,2011-09-13
879,EM-DAT,2011-0422-IND,India,2011-08-15,2011-09-08
879,EM-DAT,2011-0424-IND,India,2011-08-15,2011-10-02
879,EM-DAT,2011-0473-IND,India,2011-09-05,2011-09-15
879,EM-DAT,2011-0371-IND,India,2011-09-23,2011-10-23
880,DFO,DFO-3860,Nigeria,2011-08-26,2011-09-08
880,EM-DAT,2011-0343-NGA,Nigeria,2011-08-26,2011-09-08
881,DFO,DFO-3857,Pakistan,2011-08-12,2011-11-01
881,DFO,DFO-3859,Pakistan,2011-08-25,2011-08-29
881,EM-DAT,2011-0347-PAK,Pakistan,2011-08-12,2011-11-01
882,DFO,DFO-3855,Kenya,2011-08-15,2011-09-08
882,DFO,DFO-3863,Uganda • Kenya,2011-08-20,2011-09-08
882,EM-DAT,2011-0423-KEN,Kenya,2011-08-15,2011-09-08
882,EM-DAT,2011-0376-UGA,Uganda,2011-08-20,2011-09-08
883,DFO,DFO-3853,Cambodia • Viet Nam,2011-08-10,2011-11-15
883,EM-DAT,2011-0364-KHM,Cambodia,2011-08-10,2011-11-01
883,EM-DAT,2011-0394-VNM,Viet Nam,2011-09-01,2011-12-01
883,EM-DAT,2011-0359-VNM,Viet Nam,2011-09-14,2011-09-14
883,EM-DAT,2011-0396-VNM,Viet Nam,2011-10-21,2011-10-21
884,DFO,DFO-3862,Niger,2011-08-10,2011-09-08
884,EM-DAT,2011-0419-NER,Niger,2011-08-10,2011-09-08
884,EM-DAT,2011-0598-NER,Niger,2011-08-17,2011-09-02
885,DFO,DFO-3849,United States of America,2011-08-06,2011-08-09
885,EM-DAT,2011-0425-USA,United States of America,2011-08-06,2011-08-09
886,DFO,DFO-3858,China,2011-08-01,2011-09-08
886,EM-DAT,2011-0421-CHN,China,2011-08-01,2011-09-08
886,EM-DAT,2011-0370-CHN,China,2011-09-01,2011-09-22
887,DFO,DFO-3847,Republic of Korea • Democratic People's Republic of Korea,2011-07-27,2011-08-09
887,EM-DAT,2011-0331-PRK,Democratic People's Republic of Korea,2011-07-25,2011-07-28
887,EM-DAT,2011-0426-KOR,Republic of Korea,2011-07-27,2011-08-09
888,DFO,DFO-3840,Brazil,2011-07-15,2011-07-22
888,DFO,DFO-3846,Brazil,2011-07-23,2011-07-29
888,EM-DAT,2011-0213-BRA,Brazil,2011-07-15,2011-07-19
888,EM-DAT,2011-0427-BRA,Brazil,2011-07-23,2011-07-29
889,DFO,DFO-3844,Ghana,2011-07-22,2011-07-29
889,EM-DAT,2011-0270-GHA,Ghana,2011-07-22,2011-07-29
890,DFO,DFO-3843,Bangladesh,2011-07-21,2011-07-29
890,EM-DAT,2011-0262-BGD,Bangladesh,2011-07-21,2011-07-29
891,DFO,DFO-3839,Nigeria,2011-07-15,2011-07-22
891,EM-DAT,2011-0214-NGA,Nigeria,2011-07-15,2011-07-19
892,DFO,DFO-3842,China,2011-07-11,2011-07-22
892,EM-DAT,2011-0212-CHN,China,2011-07-11,2011-07-19
893,DFO,DFO-3820,Philippines,2011-06-05,2011-06-21
893,DFO,DFO-3830,Philippines,2011-06-28,2011-06-29
893,EM-DAT,2011-0204-PHL,Philippines,2011-05-31,2011-06-19
893,EM-DAT,2011-0221-PHL,Philippines,2011-06-28,2011-06-29
894,DFO,DFO-3833,Lao People's Democratic Republic,2011-06-23,2011-06-29
894,EM-DAT,2011-0218-LAO,Lao People's Democratic Republic,2011-06-23,2011-06-29
895,DFO,DFO-3625,United States of America,2010-03-10,2010-03-24
895,DFO,DFO-3629,United States of America,2010-03-27,2010-03-31
895,DFO,DFO-3799,United States of America • Canada,2010-04-01,2011-05-24
895,DFO,DFO-3659,United States of America,2010-06-11,2010-06-11
895,DFO,DFO-3762,United States of America,2010-12-19,2010-12-28
895,DFO,DFO-3802,United States of America,2011-04-18,2011-04-25
895,DFO,DFO-3809,United States of America,2011-05-01,2011-06-09
895,DFO,DFO-3812,Canada • United States of America,2011-05-04,2011-06-09
895,DFO,DFO-3813,United States of America,2011-05-22,2011-06-21
895,DFO,DFO-3819,Canada,2011-06-01,2011-07-06
895,DFO,DFO-3815,United States of America,2011-06-04,2011-07-29
895,DFO,DFO-3832,United States of America • Canada,2011-06-20,2011-07-06
895,EM-DAT,2010-0162-USA,United States of America,2010-03-27,2010-03-31
895,EM-DAT,2010-0225-USA,United States of America,2010-06-10,2010-06-11
895,EM-DAT,2010-0651-USA,United States of America,2010-12-19,2010-12-19
895,EM-DAT,2011-0131-CAN,Canada,2011-04-04,2011-05-31
895,EM-DAT,2011-0610-USA,United States of America,2011-04-18,2011-05-23
895,EM-DAT,2011-0166-USA,United States of America,2011-05-01,2011-05-24
895,EM-DAT,2011-0646-USA,United States of America,2011-05-15,2011-06-30
896,DFO,DFO-3826,Georgia,2011-06-18,2011-06-21
896,EM-DAT,2011-0295-GEO,Georgia,2011-06-12,2011-06-22
897,DFO,DFO-3821,China,2011-06-01,2011-06-29
897,DFO,DFO-3828,China,2011-06-15,2011-06-21
897,DFO,DFO-3831,Russian Federation • China,2011-06-15,2011-06-29
897,EM-DAT,2011-0227-CHN,China,2011-06-01,2011-06-29
897,EM-DAT,2011-0202-CHN,China,2011-06-01,2011-06-01
898,DFO,DFO-3817,Haiti • Dominican Republic,2011-06-04,2011-06-13
898,EM-DAT,2011-0199-DOM,Dominican Republic,2011-06-01,2011-06-01
898,EM-DAT,2011-0199-HTI,Haiti,2011-06-06,2011-06-07
899,DFO,DFO-3806,Colombia,2011-04-01,2011-05-19
899,DFO,DFO-3822,Colombia,2011-06-02,2011-06-13
899,EM-DAT,2011-0132-COL,Colombia,2011-04-01,2011-07-01
900,DFO,DFO-3814,Serbia,2011-05-23,2011-05-24
900,EM-DAT,2011-0185-SRB,Serbia,2011-05-22,2011-05-29
901,DFO,DFO-3810,Brazil,2011-05-08,2011-05-11
901,EM-DAT,2011-0187-BRA,Brazil,2011-05-08,2011-05-11
902,DFO,DFO-3811,Philippines,2011-05-08,2011-05-11
902,EM-DAT,2011-0562-PHL,Philippines,2011-05-05,2011-05-05
903,DFO,DFO-3805,Brazil,2011-04-21,2011-04-25
903,EM-DAT,2011-0142-BRA,Brazil,2011-04-21,2011-04-24
904,DFO,DFO-3807,Venezuela (Bolivarian Republic of),2011-04-15,2011-04-25
904,EM-DAT,2011-0619-VEN,Venezuela (Bolivarian Republic of),2011-04-15,2011-04-25
905,DFO,DFO-3803,United Republic of Tanzania,2011-04-09,2011-05-19
905,EM-DAT,2011-0617-TZA,United Republic of Tanzania,2011-04-09,2011-05-19
906,DFO,DFO-3784,Indonesia,2011-03-10,2011-03-11
906,DFO,DFO-3796,Indonesia,2011-03-31,2011-04-01
906,DFO,DFO-3800,Indonesia,2011-04-01,2011-04-10
906,EM-DAT,2011-0088-IDN,Indonesia,2011-03-10,2011-03-11
906,EM-DAT,2011-0645-IDN,Indonesia,2011-03-17,2011-03-31
906,EM-DAT,2011-0575-IDN,Indonesia,2011-04-01,2011-04-10
907,DFO,DFO-3801,Kazakhstan • Russian Federation,2011-04-01,2011-04-19
907,EM-DAT,2011-0178-KAZ,Kazakhstan,2011-04-09,2011-04-15
908,DFO,DFO-3795,Thailand,2011-03-23,2011-04-10
908,EM-DAT,2011-0083-THA,Thailand,2011-03-23,2011-04-05
909,DFO,DFO-3786,Australia,2011-03-07,2011-03-28
909,DFO,DFO-3792,Australia,2011-03-14,2011-03-18
909,DFO,DFO-3793,Australia,2011-03-22,2011-03-28
909,EM-DAT,2011-0080-AUS,Australia,2011-03-14,2011-03-18
910,DFO,DFO-3791,Namibia,2011-03-01,2011-03-18
910,DFO,DFO-3798,Namibia • Angola,2011-03-15,2011-04-19
910,EM-DAT,2011-0081-NAM,Namibia,2011-03-01,2011-04-12
911,DFO,DFO-3789,Philippines,2011-03-14,2011-03-18
911,EM-DAT,2011-0087-PHL,Philippines,2011-03-14,2011-03-18
912,DFO,DFO-3790,Brazil,2011-03-12,2011-03-18
912,EM-DAT,2011-0086-BRA,Brazil,2011-03-12,2011-03-18
913,DFO,DFO-3782,Bolivia (Plurinational State of) • Peru,2011-02-14,2011-02-26
913,EM-DAT,2011-0040-BOL,Bolivia (Plurinational State of),2011-02-14,2011-04-11
914,DFO,DFO-3779,Afghanistan,2011-02-10,2011-02-16
914,EM-DAT,2011-0042-AFG,Afghanistan,2011-02-10,2011-02-16
915,DFO,DFO-3776,Sri Lanka,2011-02-01,2011-02-14
915,EM-DAT,2011-0049-LKA,Sri Lanka,2011-02-01,2011-02-10
916,DFO,DFO-3765,Philippines,2011-01-01,2011-01-18
916,DFO,DFO-3773,Philippines,2011-01-25,2011-01-31
916,DFO,DFO-3777,Philippines,2011-02-01,2011-02-04
916,EM-DAT,2010-0659-PHL,Philippines,2010-12-24,2011-01-25
916,EM-DAT,2011-0021-PHL,Philippines,2011-01-25,2011-02-07
916,EM-DAT,2011-0044-PHL,Philippines,2011-02-01,2011-02-04
917,DFO,DFO-3778,Lesotho,2011-02-01,2011-02-16
917,EM-DAT,2011-0043-LSO,Lesotho,2011-02-01,2011-02-16
918,DFO,DFO-3774,Malaysia,2011-01-28,2011-01-31
918,DFO,DFO-3780,Malaysia,2011-02-01,2011-02-16
918,EM-DAT,2011-0020-MYS,Malaysia,2011-01-28,2011-01-31
919,DFO,DFO-3771,Saudi Arabia,2011-01-26,2011-01-31
919,EM-DAT,2011-0022-SAU,Saudi Arabia,2011-01-25,2011-01-31
920,DFO,DFO-3770,Indonesia,2011-01-16,2011-01-18
920,EM-DAT,2011-0023-IDN,Indonesia,2011-01-16,2011-01-20
921,DFO,DFO-3768,Sri Lanka,2011-01-05,2011-01-18
921,EM-DAT,2011-0024-LKA,Sri Lanka,2011-01-05,2011-01-18
922,DFO,DFO-3766,Brazil,2011-01-01,2011-01-18
922,EM-DAT,2010-0674-BRA,Brazil,2010-11-01,2011-01-01
922,EM-DAT,2011-0014-BRA,Brazil,2011-01-11,2011-01-12
923,DFO,DFO-3767,South Africa • Mozambique,2011-01-01,2011-02-04
923,EM-DAT,2011-0072-MOZ,Mozambique,2011-01-01,2011-02-01
923,EM-DAT,2011-0100-ZAF,South Africa,2011-01-01,2011-02-04
924,DFO,DFO-3752,Australia,2010-11-27,2010-12-20
924,DFO,DFO-3763,Australia,2010-12-17,2010-12-28
924,DFO,DFO-3764,Australia,2010-12-25,2011-02-04
924,EM-DAT,2010-0624-AUS,Australia,2010-11-27,2010-12-06
924,EM-DAT,2010-0656-AUS,Australia,2010-12-25,2011-02-04
925,DFO,DFO-3759,Panama,2010-12-08,2010-12-17
925,EM-DAT,2010-0666-PAN,Panama,2010-12-08,2010-12-17
926,DFO,DFO-3758,Spain,2010-12-06,2010-12-10
926,EM-DAT,2010-0647-ESP,Spain,2010-12-06,2010-12-10
927,DFO,DFO-3756,Greece • Albania,2010-12-03,2010-12-17
927,EM-DAT,2010-0619-ALB,Albania,2010-11-22,2010-12-05
927,EM-DAT,2010-0619-GRC,Greece,2010-12-04,2010-12-05
928,DFO,DFO-3755,Serbia • Montenegro,2010-12-01,2010-12-17
928,EM-DAT,2010-0619-SRB,Serbia,2010-12-01,2010-12-03
928,EM-DAT,2010-0619-MNE,Montenegro,2010-12-01,2010-12-03
929,DFO,DFO-3753,Morocco,2010-11-29,2010-11-30
929,EM-DAT,2010-0613-MAR,Morocco,2010-11-25,2010-12-06
930,DFO,DFO-3754,Venezuela (Bolivarian Republic of),2010-11-25,2010-12-20
930,EM-DAT,2010-0616-VEN,Venezuela (Bolivarian Republic of),2010-11-25,2010-12-06
931,DFO,DFO-3749,United Kingdom of Great Britain and Northern Ireland,2010-11-16,2010-11-20
931,EM-DAT,2010-0610-GBR,United Kingdom of Great Britain and Northern Ireland,2010-11-16,2010-11-17
932,DFO,DFO-3750,Colombia,2010-11-15,2010-12-20
932,EM-DAT,2010-0168-COL,Colombia,2010-04-06,2011-03-07
933,DFO,DFO-3757,India,2010-11-15,2010-12-07
933,EM-DAT,2010-0629-IND,India,2010-11-15,2010-12-07
934,DFO,DFO-3748,Belgium,2010-11-12,2010-11-15
934,EM-DAT,2010-0601-BEL,Belgium,2010-11-11,2010-11-15
935,DFO,DFO-3745,Sri Lanka,2010-11-11,2010-11-27
935,EM-DAT,2010-0583-LKA,Sri Lanka,2010-11-10,2010-12-11
936,DFO,DFO-3746,Italy,2010-11-08,2010-11-11
936,EM-DAT,2010-0582-ITA,Italy,2010-11-08,2010-11-11
937,DFO,DFO-3738,Philippines,2010-11-02,2010-11-05
937,EM-DAT,2010-0585-PHL,Philippines,2010-11-01,2010-11-10
938,DFO,DFO-3744,Indonesia,2010-11-02,2010-11-05
938,EM-DAT,2010-0576-IDN,Indonesia,2010-11-02,2010-11-05
939,DFO,DFO-3739,Viet Nam,2010-10-30,2010-11-05
939,DFO,DFO-3751,Viet Nam,2010-11-02,2010-11-27
939,EM-DAT,2010-0573-VNM,Viet Nam,2010-10-29,2010-11-10
939,EM-DAT,2010-0597-VNM,Viet Nam,2010-11-12,2010-11-17
940,DFO,DFO-3740,Costa Rica,2010-11-01,2010-11-05
940,EM-DAT,2010-0575-CRI,Costa Rica,2010-11-01,2010-11-05
941,DFO,DFO-3735,Russian Federation,2010-10-16,2010-10-19
941,EM-DAT,2010-0547-RUS,Russian Federation,2010-10-16,2010-10-16
942,DFO,DFO-3727,Viet Nam,2010-10-02,2010-10-12
942,DFO,DFO-3733,Viet Nam,2010-10-15,2010-10-21
942,EM-DAT,2010-0515-VNM,Viet Nam,2010-10-01,2010-10-06
942,EM-DAT,2010-0539-VNM,Viet Nam,2010-10-14,2010-10-18
943,DFO,DFO-3737,Thailand,2010-10-10,2010-11-15
943,EM-DAT,2010-0552-THA,Thailand,2010-10-10,2010-12-10
944,DFO,DFO-3729,China,2010-10-04,2010-10-12
944,EM-DAT,2010-0530-CHN,China,2010-10-06,2010-10-06
945,DFO,DFO-3726,Indonesia,2010-10-02,2010-10-06
945,EM-DAT,2010-0512-IDN,Indonesia,2010-10-02,2010-10-06
946,DFO,DFO-3716,Bangladesh,2010-09-09,2010-09-30
946,DFO,DFO-3732,Bangladesh,2010-10-01,2010-10-12
946,EM-DAT,2010-0676-BGD,Bangladesh,2010-10-01,2010-10-12
947,DFO,DFO-3712,India,2010-09-01,2010-09-17
947,DFO,DFO-3710,India,2010-09-05,2010-09-28
947,DFO,DFO-3713,India,2010-09-05,2010-09-17
947,DFO,DFO-3717,India,2010-09-18,2010-09-30
947,DFO,DFO-3718,India,2010-09-18,2010-09-20
947,EM-DAT,2010-0416-IND,India,2010-09-05,2010-09-17
947,EM-DAT,2010-0493-IND,India,2010-09-09,2010-09-09
947,EM-DAT,2010-0492-IND,India,2010-09-18,2010-09-30
948,DFO,DFO-3707,Mexico,2010-08-15,2010-10-06
948,DFO,DFO-3721,Mexico,2010-09-18,2010-09-30
948,EM-DAT,2010-0467-MEX,Mexico,2010-09-20,2010-09-20
949,DFO,DFO-3715,Nigeria,2010-09-13,2010-09-30
949,EM-DAT,2010-0509-NGA,Nigeria,2010-09-13,2010-09-30
950,DFO,DFO-3730,Benin,2010-09-12,2010-11-15
950,EM-DAT,2010-0527-BEN,Benin,2010-07-01,2010-11-01
951,DFO,DFO-3708,Australia,2010-09-01,2010-09-15
951,EM-DAT,2010-0465-AUS,Australia,2010-09-01,2010-09-15
952,DFO,DFO-3705,Democratic People's Republic of Korea,2010-08-26,2010-09-01
952,EM-DAT,2010-0415-PRK,Democratic People's Republic of Korea,2010-08-21,2010-08-21
953,DFO,DFO-3714,Chad,2010-08-15,2010-09-17
953,EM-DAT,2010-0300-TCD,Chad,2010-08-15,2010-09-17
954,DFO,DFO-3700,India,2010-08-06,2010-08-08
954,EM-DAT,2010-0373-IND,India,2010-08-06,2010-08-08
955,DFO,DFO-3703,Niger,2010-08-01,2010-09-10
955,EM-DAT,2010-0379-NER,Niger,2010-08-01,2010-08-11
956,DFO,DFO-3683,Sudan,2010-07-10,2010-08-11
956,DFO,DFO-3706,Sudan,2010-08-01,2010-09-20
956,EM-DAT,2010-0579-SDN,Sudan,2010-07-01,2010-10-07
956,EM-DAT,2010-0319-SDN,Sudan,2010-07-10,2010-07-15
957,DFO,DFO-3687,Pakistan,2010-07-21,2010-07-23
957,DFO,DFO-3696,Pakistan,2010-07-27,2010-11-15
957,EM-DAT,2010-0293-PAK,Pakistan,2010-07-21,2010-07-23
957,EM-DAT,2010-0341-PAK,Pakistan,2010-07-28,2010-08-07
958,DFO,DFO-3697,Afghanistan,2010-07-27,2010-08-03
958,EM-DAT,2010-0367-AFG,Afghanistan,2010-07-27,2010-08-03
959,DFO,DFO-3698,Germany,2010-07-27,2010-08-08
959,EM-DAT,2010-0380-DEU,Germany,2010-08-06,2010-08-08
960,DFO,DFO-3651,China,2010-05-15,2010-06-28
960,DFO,DFO-3678,China,2010-07-01,2010-07-15
960,DFO,DFO-3676,China,2010-07-06,2010-07-13
960,DFO,DFO-3681,China,2010-07-07,2010-07-23
960,DFO,DFO-3688,China,2010-07-21,2010-07-23
960,DFO,DFO-3692,China,2010-07-23,2010-08-03
960,DFO,DFO-3699,China,2010-07-27,2010-08-11
960,EM-DAT,2010-0239-CHN,China,2010-05-29,2010-08-31
960,EM-DAT,2010-0344-CHN,China,2010-06-01,2010-08-01
960,EM-DAT,2010-0405-CHN,China,2010-08-13,2010-08-16
961,DFO,DFO-3701,Democratic People's Republic of Korea,2010-07-27,2010-08-08
961,EM-DAT,2010-0369-PRK,Democratic People's Republic of Korea,2010-07-27,2010-08-08
962,DFO,DFO-3690,Nepal,2010-07-25,2010-07-25
962,EM-DAT,2010-0333-NPL,Nepal,2010-07-25,2010-07-25
963,DFO,DFO-3691,Indonesia,2010-07-23,2010-07-25
963,EM-DAT,2010-0301-IDN,Indonesia,2010-07-23,2010-07-25
964,DFO,DFO-3694,Saudi Arabia,2010-07-23,2010-07-25
964,EM-DAT,2010-0297-SAU,Saudi Arabia,2010-07-23,2010-07-25
965,DFO,DFO-3695,Burkina Faso,2010-07-21,2010-07-25
965,EM-DAT,2010-0300-BFA,Burkina Faso,2010-07-21,2010-09-01
966,DFO,DFO-3680,Japan,2010-07-12,2010-07-13
966,EM-DAT,2010-0311-JPN,Japan,2010-07-18,2010-07-18
967,DFO,DFO-3674,India,2010-07-05,2010-07-15
967,DFO,DFO-3682,India,2010-07-12,2010-07-14
967,EM-DAT,2010-0276-IND,India,2010-07-05,2010-07-15
967,EM-DAT,2010-0321-IND,India,2010-07-13,2010-07-13
968,DFO,DFO-3686,Philippines,2010-07-12,2010-07-15
968,EM-DAT,2010-0371-PHL,Philippines,2010-07-13,2010-07-31
969,DFO,DFO-3677,Saudi Arabia,2010-07-10,2010-07-12
969,EM-DAT,2010-0338-SAU,Saudi Arabia,2010-07-10,2010-07-12
970,DFO,DFO-3685,Yemen,2010-07-10,2010-07-15
970,EM-DAT,2010-0320-YEM,Yemen,2010-07-10,2010-07-15
971,DFO,DFO-3675,Republic of Moldova,2010-07-05,2010-07-07
971,EM-DAT,2010-0278-MDA,Republic of Moldova,2010-07-05,2010-07-07
972,DFO,DFO-3679,Bangladesh,2010-07-01,2010-07-13
972,EM-DAT,2010-0269-BGD,Bangladesh,2010-06-24,2010-06-24
973,DFO,DFO-3672,Ukraine,2010-06-27,2010-07-02
973,EM-DAT,2010-0275-UKR,Ukraine,2010-06-27,2010-07-02
974,DFO,DFO-3669,Liberia,2010-06-25,2010-06-27
974,EM-DAT,2010-0280-LBR,Liberia,2010-06-25,2010-06-27
975,DFO,DFO-3663,Ghana,2010-06-22,2010-06-26
975,EM-DAT,2010-0246-GHA,Ghana,2010-06-20,2010-07-05
976,DFO,DFO-3664,Romania,2010-06-22,2010-07-12
976,EM-DAT,2010-0251-ROU,Romania,2010-06-21,2010-07-12
977,DFO,DFO-3665,Bosnia and Herzegovina,2010-06-22,2010-06-26
977,EM-DAT,2010-0252-BIH,Bosnia and Herzegovina,2010-06-22,2010-06-30
978,DFO,DFO-3666,Pakistan,2010-06-22,2010-06-24
978,EM-DAT,2010-0282-PAK,Pakistan,2010-06-22,2010-06-24
979,DFO,DFO-3667,Brazil,2010-06-22,2010-06-30
979,EM-DAT,2010-0248-BRA,Brazil,2010-06-19,2010-06-23
980,DFO,DFO-3661,France,2010-06-16,2010-06-17
980,EM-DAT,2010-0233-FRA,France,2010-06-15,2010-06-17
981,DFO,DFO-3656,Philippines,2010-05-29,2010-06-01
981,EM-DAT,2010-0232-PHL,Philippines,2010-05-28,2010-06-01
981,EM-DAT,2010-0281-PHL,Philippines,2010-06-01,2010-06-01
982,DFO,DFO-3657,Hungary,2010-05-29,2010-06-11
982,EM-DAT,2010-0193-HUN,Hungary,2010-05-15,2010-06-07
983,DFO,DFO-3650,India,2010-05-15,2010-06-26
983,DFO,DFO-3652,India,2010-05-18,2010-05-24
983,EM-DAT,2010-0283-IND,India,2010-05-18,2010-05-24
984,DFO,DFO-3648,Czechia,2010-05-15,2010-05-24
984,EM-DAT,2010-0193-CZE,Czechia,2010-05-15,2010-06-03
985,DFO,DFO-3621,Kenya,2010-03-07,2010-05-03
985,DFO,DFO-3646,Kenya,2010-05-08,2010-05-24
985,EM-DAT,2010-0094-KEN,Kenya,2010-03-01,2010-05-14
985,EM-DAT,2010-0285-KEN,Kenya,2010-05-08,2010-05-24
986,DFO,DFO-3649,Sri Lanka,2010-05-08,2010-05-23
986,EM-DAT,2010-0191-LKA,Sri Lanka,2010-05-14,2010-05-20
987,DFO,DFO-3644,Tajikistan,2010-05-06,2010-05-08
987,EM-DAT,2010-0175-TJK,Tajikistan,2010-05-06,2010-05-10
988,DFO,DFO-3642,Yemen,2010-05-05,2010-05-06
988,EM-DAT,2010-0183-YEM,Yemen,2010-05-05,2010-05-05
989,DFO,DFO-3643,Afghanistan,2010-05-04,2010-05-14
989,EM-DAT,2010-0176-AFG,Afghanistan,2010-05-05,2010-05-08
990,DFO,DFO-3632,Brazil,2010-04-04,2010-04-07
990,EM-DAT,2010-0147-BRA,Brazil,2010-04-04,2010-04-12
991,DFO,DFO-3628,Russian Federation,2010-03-26,2010-03-31
991,EM-DAT,2010-0153-RUS,Russian Federation,2010-03-22,2010-03-26
992,DFO,DFO-3624,Kazakhstan,2010-03-11,2010-03-26
992,EM-DAT,2010-0291-KAZ,Kazakhstan,2010-03-17,2010-03-24
993,DFO,DFO-3583,Peru,2009-12-20,2009-12-21
993,DFO,DFO-3597,Peru,2010-01-25,2010-01-30
993,DFO,DFO-3609,Peru,2010-02-10,2010-02-17
993,DFO,DFO-3619,Peru,2010-03-02,2010-03-04
993,EM-DAT,2009-0660-PER,Peru,2009-12-01,2010-03-01
993,EM-DAT,2010-0065-PER,Peru,2010-02-10,2010-02-17
994,DFO,DFO-3616,Zambia,2010-03-01,2010-03-17
994,EM-DAT,2010-0116-ZMB,Zambia,2010-03-01,2010-03-17
995,DFO,DFO-3617,Ethiopia,2010-03-01,2010-03-11
995,EM-DAT,2010-0115-ETH,Ethiopia,2010-03-01,2010-03-11
996,DFO,DFO-3618,Serbia,2010-03-01,2010-03-02
996,EM-DAT,2010-0101-SRB,Serbia,2010-03-01,2010-03-02
997,DFO,DFO-3623,Angola,2010-03-01,2010-03-31
997,EM-DAT,2010-0105-AGO,Angola,2010-03-01,2010-03-17
997,EM-DAT,2010-0126-AGO,Angola,2010-03-21,2010-03-22
998,DFO,DFO-3613,Haiti,2010-02-28,2010-03-02
998,EM-DAT,2010-0092-HTI,Haiti,2010-02-18,2010-03-02
999,DFO,DFO-3615,Australia,2010-02-28,2010-03-17
999,EM-DAT,2010-0103-AUS,Australia,2010-02-28,2010-03-17
1000,DFO,DFO-3611,Spain,2010-02-23,2010-02-24
1000,EM-DAT,2010-0117-ESP,Spain,2010-02-19,2010-02-24
1001,DFO,DFO-3614,Mozambique,2010-02-22,2010-03-28
1001,EM-DAT,2010-0097-MOZ,Mozambique,2010-02-22,2010-03-11
1002,DFO,DFO-3610,Portugal,2010-02-19,2010-02-20
1002,EM-DAT,2010-0068-PRT,Portugal,2010-02-20,2010-02-21
1003,DFO,DFO-3603,Australia,2010-02-05,2010-02-07
1003,DFO,DFO-3608,Australia,2010-02-13,2010-02-16
1003,DFO,DFO-3606,Australia,2010-02-15,2010-02-16
1003,EM-DAT,2010-0066-AUS,Australia,2010-02-13,2010-02-16
1004,DFO,DFO-3605,Dominican Republic,2010-02-14,2010-02-15
1004,EM-DAT,2010-0067-DOM,Dominican Republic,2010-02-14,2010-02-15
1005,DFO,DFO-3602,Mexico,2010-01-26,2010-02-13
1005,EM-DAT,2010-0058-MEX,Mexico,2010-01-26,2010-02-13
1006,DFO,DFO-3594,Egypt,2010-01-18,2010-01-19
1006,EM-DAT,2010-0021-EGY,Egypt,2010-01-18,2010-01-19
1007,DFO,DFO-3592,Panama,2010-01-11,2010-01-13
1007,EM-DAT,2010-0028-PAN,Panama,2010-01-11,2010-01-13
1008,DFO,DFO-3591,Albania,2010-01-04,2010-01-13
1008,EM-DAT,2009-0631-ALB,Albania,2009-12-20,2010-01-08
1009,DFO,DFO-3586,Australia,2009-12-25,2009-12-28
1009,DFO,DFO-3590,Australia,2010-01-01,2010-01-13
1009,EM-DAT,2009-0589-AUS,Australia,2009-12-25,2009-12-28
1010,DFO,DFO-3593,Bolivia (Plurinational State of),2010-01-01,2010-01-13
1010,EM-DAT,2010-0023-BOL,Bolivia (Plurinational State of),2010-01-01,2010-01-13
1011,DFO,DFO-3584,United Republic of Tanzania,2009-12-25,2009-12-27
1011,EM-DAT,2009-0591-TZA,United Republic of Tanzania,2009-12-25,2010-01-10
1012,DFO,DFO-3585,Morocco,2009-12-25,2009-12-26
1012,EM-DAT,2009-0590-MAR,Morocco,2009-12-25,2009-12-26
1013,DFO,DFO-3589,Kenya,2009-12-21,2010-01-13
1013,EM-DAT,2009-0597-KEN,Kenya,2009-12-24,2010-01-12
1014,DFO,DFO-3582,Sri Lanka,2009-12-14,2009-12-16
1014,EM-DAT,2009-0551-LKA,Sri Lanka,2009-12-14,2009-12-16
1015,DFO,DFO-3579,Saudi Arabia,2009-11-24,2009-11-26
1015,EM-DAT,2009-0522-SAU,Saudi Arabia,2009-11-24,2009-11-26
1016,DFO,DFO-3576,Sri Lanka,2009-11-21,2009-11-22
1016,EM-DAT,2009-0501-LKA,Sri Lanka,2009-11-21,2009-11-22
1017,DFO,DFO-3577,Uruguay,2009-11-21,2009-12-08
1017,EM-DAT,2009-0531-URY,Uruguay,2009-11-21,2009-11-30
1018,DFO,DFO-3570,Malaysia,2009-11-10,2009-11-16
1018,DFO,DFO-3578,Malaysia,2009-11-21,2009-11-27
1018,EM-DAT,2009-0610-MYS,Malaysia,2009-11-20,2009-11-27
1018,EM-DAT,2009-0511-MYS,Malaysia,2009-11-23,2009-11-26
1019,DFO,DFO-3573,United Kingdom of Great Britain and Northern Ireland,2009-11-19,2009-12-05
1019,EM-DAT,2009-0497-GBR,United Kingdom of Great Britain and Northern Ireland,2009-11-18,2009-11-23
1020,DFO,DFO-3572,Argentina,2009-11-14,2009-11-22
1020,EM-DAT,2009-0509-ARG,Argentina,2009-11-14,2009-11-22
1021,DFO,DFO-3568,Brazil,2009-11-12,2009-11-13
1021,EM-DAT,2009-0512-BRA,Brazil,2009-11-12,2009-11-13
1022,DFO,DFO-3569,United Republic of Tanzania,2009-11-10,2009-11-13
1022,EM-DAT,2009-0484-TZA,United Republic of Tanzania,2009-11-10,2009-11-13
1023,DFO,DFO-3565,Thailand,2009-11-07,2009-11-08
1023,EM-DAT,2009-0513-THA,Thailand,2009-11-07,2009-11-08
1024,DFO,DFO-3566,India,2009-11-03,2009-11-08
1024,EM-DAT,2009-0483-IND,India,2009-11-03,2009-11-08
1025,DFO,DFO-3562,Mexico,2009-11-01,2009-11-12
1025,EM-DAT,2009-0515-MEX,Mexico,2009-11-01,2009-11-12
1026,DFO,DFO-3559,Paraguay,2009-10-26,2009-10-28
1026,EM-DAT,2009-0450-PRY,Paraguay,2009-09-22,2009-10-23
1027,DFO,DFO-3557,Kenya,2009-10-20,2009-10-28
1027,EM-DAT,2009-0494-KEN,Kenya,2009-10-29,2009-11-04
1028,DFO,DFO-3553,Nepal,2009-10-04,2009-10-12
1028,EM-DAT,2009-0434-NPL,Nepal,2009-10-04,2009-10-12
1029,DFO,DFO-3550,Italy,2009-10-01,2009-10-02
1029,EM-DAT,2009-0428-ITA,Italy,2009-10-01,2009-10-06
1030,DFO,DFO-3545,Viet Nam,2009-09-25,2009-09-28
1030,DFO,DFO-3548,Viet Nam,2009-09-28,2009-10-01
1030,EM-DAT,2009-0611-VNM,Viet Nam,2009-09-25,2009-09-28
1031,DFO,DFO-3551,India,2009-09-25,2009-10-12
1031,EM-DAT,2009-0429-IND,India,2009-09-25,2009-10-12
1031,EM-DAT,2009-0443-IND,India,2009-10-09,2009-10-09
1032,DFO,DFO-3544,United States of America,2009-09-21,2009-09-28
1032,EM-DAT,2009-0405-USA,United States of America,2009-09-20,2009-09-21
1033,DFO,DFO-3542,Ghana,2009-09-17,2009-09-21
1033,EM-DAT,2009-0376-GHA,Ghana,2009-09-17,2009-09-21
1034,DFO,DFO-3541,Indonesia,2009-09-15,2009-09-16
1034,EM-DAT,2009-0352-IDN,Indonesia,2009-09-15,2009-09-18
1035,DFO,DFO-3540,Nigeria,2009-09-10,2009-09-18
1035,EM-DAT,2009-0375-NGA,Nigeria,2009-09-10,2009-09-18
1036,DFO,DFO-3538,Mexico,2009-09-01,2009-09-10
1036,DFO,DFO-3543,Mexico,2009-09-10,2009-09-19
1036,EM-DAT,2009-0367-MEX,Mexico,2009-09-01,2009-09-10
1036,EM-DAT,2009-0377-MEX,Mexico,2009-09-10,2009-09-19
1037,DFO,DFO-3536,Türkiye,2009-09-07,2009-09-10
1037,EM-DAT,2009-0355-TUR,Türkiye,2009-09-07,2009-09-10
1038,DFO,DFO-3497,India,2009-07-01,2009-07-06
1038,DFO,DFO-3496,India,2009-07-03,2009-07-06
1038,DFO,DFO-3504,India,2009-07-11,2009-07-17
1038,DFO,DFO-3519,India,2009-08-01,2009-08-04
1038,DFO,DFO-3529,India,2009-08-15,2009-08-27
1038,DFO,DFO-3530,India,2009-08-18,2009-08-27
1038,DFO,DFO-3539,India,2009-09-06,2009-09-10
1038,EM-DAT,2009-0409-IND,India,2009-07-01,2009-09-01
1038,EM-DAT,2009-0303-IND,India,2009-07-29,2009-07-29
1038,EM-DAT,2009-0638-IND,India,2009-08-26,2009-08-28
1039,DFO,DFO-3535,China,2009-08-28,2009-09-01
1039,EM-DAT,2009-0378-CHN,China,2009-08-28,2009-09-01
1040,DFO,DFO-3531,Senegal,2009-08-24,2009-08-26
1040,EM-DAT,2009-0344-SEN,Senegal,2009-08-24,2009-08-25
1041,DFO,DFO-3533,Sudan,2009-08-16,2009-08-22
1041,EM-DAT,2009-0379-SDN,Sudan,2009-08-16,2009-08-26
1042,DFO,DFO-3526,Pakistan,2009-08-15,2009-08-17
1042,EM-DAT,2009-0335-PAK,Pakistan,2009-08-15,2009-08-17
1043,DFO,DFO-3528,Sri Lanka,2009-08-15,2009-08-16
1043,EM-DAT,2009-0336-LKA,Sri Lanka,2009-08-15,2009-08-16
1044,DFO,DFO-3527,Lao People's Democratic Republic,2009-08-10,2009-08-11
1044,EM-DAT,2009-0612-LAO,Lao People's Democratic Republic,2009-08-10,2009-08-11
1045,DFO,DFO-3534,Mauritania,2009-08-10,2009-09-02
1045,EM-DAT,2009-0350-MRT,Mauritania,2009-08-28,2009-08-29
1046,DFO,DFO-3524,Sierra Leone,2009-08-09,2009-08-10
1046,EM-DAT,2009-0332-SLE,Sierra Leone,2009-08-13,2009-08-20
1047,DFO,DFO-3506,Philippines,2009-07-16,2009-07-18
1047,DFO,DFO-3518,Philippines,2009-07-25,2009-08-04
1047,DFO,DFO-3520,Philippines,2009-08-07,2009-08-08
1047,EM-DAT,2009-0289-PHL,Philippines,2009-07-04,2009-08-10
1047,EM-DAT,2009-0267-PHL,Philippines,2009-07-17,2009-07-17
1047,EM-DAT,2009-0311-PHL,Philippines,2009-08-05,2009-08-05
1048,DFO,DFO-3514,China,2009-07-26,2009-08-04
1048,DFO,DFO-3521,China,2009-08-07,2009-08-10
1048,EM-DAT,2009-0613-CHN,China,2009-07-26,2009-08-04
1049,DFO,DFO-3516,Nepal,2009-07-26,2009-07-28
1049,EM-DAT,2009-0608-NPL,Nepal,2009-07-26,2009-07-28
1050,DFO,DFO-3513,Türkiye,2009-07-20,2009-07-22
1050,EM-DAT,2009-0262-TUR,Türkiye,2009-07-10,2009-07-16
1051,DFO,DFO-3508,Pakistan,2009-07-17,2009-07-19
1051,EM-DAT,2009-0266-PAK,Pakistan,2009-07-17,2009-07-19
1052,DFO,DFO-3509,Austria,2009-07-16,2009-07-19
1052,EM-DAT,2009-0279-AUT,Austria,2009-07-16,2009-07-19
1053,DFO,DFO-3511,Mongolia,2009-07-16,2009-07-19
1053,EM-DAT,2009-0269-MNG,Mongolia,2009-07-16,2009-07-26
1054,DFO,DFO-3502,Mexico,2009-07-14,2009-07-16
1054,EM-DAT,2009-0614-MEX,Mexico,2009-07-14,2009-07-16
1055,DFO,DFO-3503,South Africa,2009-07-12,2009-07-16
1055,EM-DAT,2009-0261-ZAF,South Africa,2009-07-12,2009-07-16
1056,DFO,DFO-3507,Bosnia and Herzegovina,2009-07-07,2009-07-15
1056,EM-DAT,2009-0268-BIH,Bosnia and Herzegovina,2009-07-07,2009-07-15
1057,DFO,DFO-3501,Ghana,2009-07-06,2009-07-17
1057,EM-DAT,2009-0236-GHA,Ghana,2009-06-06,2009-07-08
1058,DFO,DFO-3495,Bangladesh,2009-07-03,2009-07-06
1058,EM-DAT,2009-0294-BGD,Bangladesh,2009-07-03,2009-07-06
1059,DFO,DFO-3498,China,2009-07-01,2009-07-06
1059,EM-DAT,2009-0292-CHN,China,2009-07-01,2009-07-08
1059,EM-DAT,2009-0227-CHN,China,2009-07-01,2009-07-01
1060,DFO,DFO-3499,Benin,2009-07-01,2009-07-17
1060,EM-DAT,2009-0243-BEN,Benin,2009-06-22,2009-07-03
1061,DFO,DFO-3493,Botswana,2009-06-21,2009-06-28
1061,EM-DAT,2009-0233-BWA,Botswana,2009-05-10,2009-07-01
1062,DFO,DFO-3489,China,2009-06-20,2009-06-22
1062,EM-DAT,2009-0235-CHN,China,2009-06-19,2009-06-22
1063,DFO,DFO-3490,Guatemala,2009-06-19,2009-06-22
1063,EM-DAT,2009-0234-GTM,Guatemala,2009-06-19,2009-06-22
1064,DFO,DFO-3491,Austria,2009-06-19,2009-06-22
1064,EM-DAT,2009-0228-AUT,Austria,2009-06-22,2009-06-29
1065,DFO,DFO-3492,Czechia,2009-06-19,2009-06-24
1065,EM-DAT,2009-0228-CZE,Czechia,2009-06-21,2009-07-04
1066,DFO,DFO-3481,China,2009-05-19,2009-05-28
1066,EM-DAT,2009-0219-CHN,China,2009-04-01,2009-06-08
1067,DFO,DFO-3482,Tajikistan,2009-05-19,2009-05-21
1067,EM-DAT,2009-0176-TJK,Tajikistan,2009-04-21,2009-06-01
1068,DFO,DFO-3483,Haiti,2009-05-18,2009-05-21
1068,EM-DAT,2009-0198-HTI,Haiti,2009-05-15,2009-05-21
1069,DFO,DFO-3464,United States of America • Canada,2009-03-17,2009-03-19
1069,DFO,DFO-3469,United States of America,2009-03-30,2009-03-31
1069,DFO,DFO-3474,United States of America,2009-04-17,2009-04-27
1069,DFO,DFO-3476,United States of America,2009-04-22,2009-05-14
1069,DFO,DFO-3478,United States of America,2009-05-03,2009-05-08
1069,DFO,DFO-3484,United States of America,2009-05-15,2009-05-21
1069,EM-DAT,2009-0106-USA,United States of America,2009-03-24,2009-04-20
1069,EM-DAT,2009-0190-USA,United States of America,2009-04-06,2009-04-09
1069,EM-DAT,2009-0184-USA,United States of America,2009-05-03,2009-05-10
1070,DFO,DFO-3494,Viet Nam,2009-05-10,2009-07-01
1070,EM-DAT,2009-0247-VNM,Viet Nam,2009-07-03,2009-07-06
1071,DFO,DFO-3471,Afghanistan,2009-04-01,2009-04-09
1071,DFO,DFO-3479,Afghanistan,2009-05-03,2009-05-10
1071,EM-DAT,2009-0168-AFG,Afghanistan,2009-03-25,2009-05-24
1071,EM-DAT,2009-0139-AFG,Afghanistan,2009-04-04,2009-04-15
1072,DFO,DFO-3477,Philippines,2009-05-01,2009-06-07
1072,EM-DAT,2009-0194-PHL,Philippines,2009-05-18,2009-05-18
1072,EM-DAT,2009-0195-PHL,Philippines,2009-05-18,2009-05-18
1073,DFO,DFO-3475,Brazil,2009-04-20,2009-04-29
1073,EM-DAT,2009-0163-BRA,Brazil,2009-04-22,2009-05-14
1074,DFO,DFO-3470,Canada,2009-04-06,2009-04-09
1074,EM-DAT,2009-0189-CAN,Canada,2009-04-01,2009-04-09
1075,DFO,DFO-3472,Burundi,2009-04-06,2009-04-30
1075,EM-DAT,2009-0147-BDI,Burundi,2009-04-12,2009-04-15
1076,DFO,DFO-3465,Indonesia,2009-03-24,2009-04-20
1076,DFO,DFO-3466,Indonesia,2009-03-30,2009-03-31
1076,EM-DAT,2009-0121-IDN,Indonesia,2009-03-26,2009-03-27
1077,DFO,DFO-3467,Zambia,2009-03-27,2009-03-27
1077,EM-DAT,2009-0103-ZMB,Zambia,2009-02-27,2009-03-27
1078,DFO,DFO-3461,Mozambique,2009-03-06,2009-03-13
1078,EM-DAT,2009-0092-MOZ,Mozambique,2009-02-01,2009-03-01
1079,DFO,DFO-3462,Angola,2009-03-04,2009-03-09
1079,EM-DAT,2009-0092-AGO,Angola,2009-03-01,2009-04-16
1080,DFO,DFO-3428,Australia,2009-01-03,2009-01-13
1080,DFO,DFO-3439,Australia,2009-01-22,2009-02-02
1080,DFO,DFO-3438,Australia,2009-01-26,2009-01-27
1080,DFO,DFO-3468,Australia,2009-02-27,2009-04-25
1080,EM-DAT,2009-0615-AUS,Australia,2009-01-13,2009-02-25
1081,DFO,DFO-3459,South Africa,2009-02-23,2009-03-09
1081,EM-DAT,2009-0108-ZAF,South Africa,2009-02-28,2009-03-03
1082,DFO,DFO-3454,Angola,2009-02-15,2009-02-17
1082,EM-DAT,2009-0037-AGO,Angola,2009-02-14,2009-02-16
1083,DFO,DFO-3452,Colombia,2009-02-12,2009-02-16
1083,EM-DAT,2009-0035-COL,Colombia,2009-02-15,2009-02-17
1084,DFO,DFO-3450,Solomon Islands,2009-02-09,2009-02-10
1084,EM-DAT,2009-0039-SLB,Solomon Islands,2009-01-29,2009-02-06
1085,DFO,DFO-3445,Morocco,2009-02-07,2009-02-09
1085,EM-DAT,2009-0043-MAR,Morocco,2009-02-01,2009-02-12
1086,DFO,DFO-3456,Bosnia and Herzegovina,2009-02-05,2009-02-16
1086,EM-DAT,2009-0081-BIH,Bosnia and Herzegovina,2009-02-01,2009-02-16
1087,DFO,DFO-3435,Dominican Republic,2009-01-23,2009-01-26
1087,DFO,DFO-3446,Dominican Republic,2009-02-01,2009-02-12
1087,EM-DAT,2009-0016-DOM,Dominican Republic,2009-01-08,2009-01-16
1087,EM-DAT,2009-0042-DOM,Dominican Republic,2009-02-02,2009-02-12
1088,DFO,DFO-3457,Bolivia (Plurinational State of),2009-02-01,2009-02-16
1088,EM-DAT,2009-0110-BOL,Bolivia (Plurinational State of),2009-02-12,2009-02-23
1089,DFO,DFO-3440,Algeria,2009-01-26,2009-02-27
1089,EM-DAT,2009-0019-DZA,Algeria,2009-01-20,2009-01-27
1090,DFO,DFO-3434,Romania,2009-01-23,2009-01-26
1090,EM-DAT,2009-0015-ROU,Romania,2009-01-23,2009-01-26
1091,DFO,DFO-3442,Indonesia,2009-01-22,2009-01-29
1091,EM-DAT,2009-0063-IDN,Indonesia,2009-01-27,2009-02-02
1092,DFO,DFO-3427,Philippines,2008-12-28,2009-01-19
1092,DFO,DFO-3437,Philippines,2009-01-20,2009-01-27
1092,EM-DAT,2009-0023-PHL,Philippines,2009-01-02,2009-01-15
1092,EM-DAT,2009-0027-PHL,Philippines,2009-01-08,2009-01-08
1092,EM-DAT,2009-0026-PHL,Philippines,2009-01-09,2009-01-09
1093,DFO,DFO-3436,Brazil,2009-01-08,2009-01-16
1093,EM-DAT,2009-0017-BRA,Brazil,2009-01-20,2009-01-27
1094,DFO,DFO-3424,United States of America,2008-12-26,2008-12-28
1094,DFO,DFO-3430,United States of America,2008-12-29,2009-01-19
1094,EM-DAT,2008-0638-USA,United States of America,2008-12-29,2009-01-16
1095,DFO,DFO-3431,Viet Nam,2008-12-29,2009-01-16
1095,EM-DAT,2008-0607-VNM,Viet Nam,2008-12-25,2009-01-05
1096,DFO,DFO-3429,Malaysia,2008-12-28,2009-01-12
1096,EM-DAT,2008-0634-MYS,Malaysia,2008-12-28,2009-01-19
1097,DFO,DFO-3425,Indonesia,2008-12-26,2008-12-28
1097,EM-DAT,2008-0635-IDN,Indonesia,2008-12-26,2009-01-12
1098,DFO,DFO-3426,Mozambique,2008-12-26,2009-01-12
1098,EM-DAT,2008-0628-MOZ,Mozambique,2008-12-28,2009-01-19
1099,DFO,DFO-3432,Fiji,2008-12-25,2009-01-05
1099,EM-DAT,2009-0013-FJI,Fiji,2009-01-08,2009-01-19
1100,DFO,DFO-3421,Colombia,2008-12-13,2008-12-14
1100,EM-DAT,2008-0559-COL,Colombia,2008-09-15,2009-01-12
1101,DFO,DFO-3422,Guyana,2008-12-13,2009-01-12
1101,EM-DAT,2008-0589-GUY,Guyana,2008-12-08,2008-12-17
1102,DFO,DFO-3409,Philippines,2008-11-18,2008-11-24
1102,DFO,DFO-3415,Philippines,2008-12-01,2008-12-04
1102,EM-DAT,2008-0545-PHL,Philippines,2008-11-21,2008-11-24
1102,EM-DAT,2008-0571-PHL,Philippines,2008-12-01,2008-12-04
1103,DFO,DFO-3416,Thailand,2008-12-01,2008-12-10
1103,EM-DAT,2008-0547-THA,Thailand,2008-11-20,2008-12-20
1104,DFO,DFO-3418,Italy,2008-12-01,2008-12-08
1104,EM-DAT,2008-0579-ITA,Italy,2008-12-11,2008-12-15
1105,DFO,DFO-3412,Brazil,2008-11-22,2008-12-03
1105,EM-DAT,2008-0549-BRA,Brazil,2008-11-22,2008-11-24
1106,DFO,DFO-3413,Sri Lanka,2008-11-22,2008-12-04
1106,EM-DAT,2008-0560-LKA,Sri Lanka,2008-11-22,2008-12-04
1107,DFO,DFO-3406,Australia,2008-11-19,2008-11-20
1107,DFO,DFO-3410,Australia,2008-11-20,2008-11-23
1107,EM-DAT,2008-0581-AUS,Australia,2008-11-20,2008-11-23
1108,DFO,DFO-3411,Venezuela (Bolivarian Republic of),2008-11-20,2008-11-23
1108,EM-DAT,2008-0580-VEN,Venezuela (Bolivarian Republic of),2008-11-20,2008-11-23
1109,DFO,DFO-3417,Malaysia,2008-11-20,2008-12-10
1109,EM-DAT,2008-0570-MYS,Malaysia,2008-12-01,2008-12-04
1110,DFO,DFO-3407,Cuba,2008-11-17,2008-11-20
1110,EM-DAT,2008-0532-CUB,Cuba,2008-11-17,2008-11-20
1111,DFO,DFO-3404,Ethiopia,2008-11-16,2008-11-20
1111,EM-DAT,2008-0517-ETH,Ethiopia,2008-11-16,2008-11-17
1112,DFO,DFO-3402,Kenya,2008-11-10,2008-11-12
1112,EM-DAT,2008-0518-KEN,Kenya,2008-11-10,2008-11-25
1113,DFO,DFO-3401,Somalia,2008-11-03,2008-11-04
1113,EM-DAT,2008-0506-SOM,Somalia,2008-11-03,2008-11-04
1114,DFO,DFO-3396,Viet Nam,2008-10-19,2008-10-20
1114,DFO,DFO-3400,Viet Nam,2008-10-27,2008-11-03
1114,EM-DAT,2008-0481-VNM,Viet Nam,2008-10-19,2008-10-20
1114,EM-DAT,2008-0501-VNM,Viet Nam,2008-10-27,2008-11-04
1115,DFO,DFO-3398,Yemen,2008-10-23,2008-10-24
1115,EM-DAT,2008-0499-YEM,Yemen,2008-10-23,2008-10-24
1116,DFO,DFO-3399,Morocco,2008-10-23,2008-11-03
1116,EM-DAT,2008-0498-MAR,Morocco,2008-10-23,2008-11-03
1117,DFO,DFO-3397,Honduras,2008-10-19,2008-11-12
1117,EM-DAT,2008-0484-HND,Honduras,2008-10-19,2008-11-12
1118,DFO,DFO-3394,Kenya,2008-10-14,2008-10-16
1118,EM-DAT,2008-0483-KEN,Kenya,2008-10-04,2008-10-07
1118,EM-DAT,2008-0482-KEN,Kenya,2008-10-14,2008-10-16
1119,DFO,DFO-3393,China,2008-10-10,2008-10-16
1119,EM-DAT,2008-0519-CHN,China,2008-10-10,2008-10-16
1120,DFO,DFO-3395,Costa Rica,2008-10-10,2008-11-03
1120,EM-DAT,2008-0484-CRI,Costa Rica,2008-10-13,2008-10-18
1121,DFO,DFO-3389,Algeria,2008-10-01,2008-10-17
1121,EM-DAT,2008-0444-DZA,Algeria,2008-10-01,2008-10-17
1122,DFO,DFO-3391,Nicaragua,2008-10-01,2008-10-06
1122,EM-DAT,2008-0457-NIC,Nicaragua,2008-09-24,2008-10-17
1123,DFO,DFO-3392,Rwanda,2008-10-01,2008-10-06
1123,EM-DAT,2008-0485-RWA,Rwanda,2008-10-01,2008-10-06
1124,DFO,DFO-3372,India,2008-08-30,2008-09-08
1124,DFO,DFO-3382,India,2008-09-22,2008-09-29
1124,EM-DAT,2008-0486-IND,India,2008-08-30,2008-09-08
1124,EM-DAT,2008-0415-IND,India,2008-09-05,2008-09-11
1124,EM-DAT,2008-0423-IND,India,2008-09-14,2008-09-21
1125,DFO,DFO-3365,Nepal,2008-08-18,2008-09-24
1125,DFO,DFO-3383,Nepal,2008-09-22,2008-09-29
1125,EM-DAT,2008-0431-NPL,Nepal,2008-09-22,2008-09-29
1126,DFO,DFO-3384,Thailand,2008-09-11,2008-10-04
1126,EM-DAT,2008-0430-THA,Thailand,2008-09-13,2008-10-07
1127,DFO,DFO-3378,Iraq,2008-09-10,2008-09-11
1127,EM-DAT,2008-0523-IRQ,Iraq,2008-09-10,2008-09-11
1128,DFO,DFO-3377,Iran (Islamic Republic of),2008-09-09,2008-09-10
1128,EM-DAT,2008-0380-IRN,Iran (Islamic Republic of),2008-09-09,2008-09-10
1129,DFO,DFO-3374,Indonesia,2008-09-06,2008-09-08
1129,EM-DAT,2008-0383-IDN,Indonesia,2008-09-06,2008-09-08
1130,DFO,DFO-3376,United Kingdom of Great Britain and Northern Ireland,2008-09-06,2008-09-08
1130,EM-DAT,2008-0381-GBR,United Kingdom of Great Britain and Northern Ireland,2008-09-06,2008-09-08
1131,DFO,DFO-3371,Bangladesh,2008-08-30,2008-09-08
1131,EM-DAT,2008-0385-BGD,Bangladesh,2008-08-30,2008-09-08
1132,DFO,DFO-3367,Ethiopia,2008-08-20,2008-08-28
1132,EM-DAT,2008-0386-ETH,Ethiopia,2008-08-20,2008-08-28
1133,DFO,DFO-3347,Pakistan,2008-08-02,2008-08-04
1133,DFO,DFO-3359,Pakistan,2008-08-09,2008-08-20
1133,EM-DAT,2008-0350-PAK,Pakistan,2008-08-02,2008-08-04
1133,EM-DAT,2008-0591-PAK,Pakistan,2008-08-09,2008-08-20
1134,DFO,DFO-3345,China,2008-07-28,2008-08-08
1134,DFO,DFO-3353,China,2008-08-07,2008-08-11
1134,DFO,DFO-3354,China,2008-08-08,2008-08-11
1134,EM-DAT,2008-0416-CHN,China,2008-08-07,2008-08-11
1135,DFO,DFO-3350,Iran (Islamic Republic of),2008-08-07,2008-08-08
1135,EM-DAT,2008-0417-IRN,Iran (Islamic Republic of),2008-08-07,2008-08-08
1136,DFO,DFO-3318,India,2008-06-07,2008-06-22
1136,DFO,DFO-3327,India,2008-07-05,2008-07-14
1136,DFO,DFO-3338,India,2008-07-20,2008-08-08
1136,DFO,DFO-3356,India,2008-08-05,2008-08-11
1136,EM-DAT,2008-0246-IND,India,2008-06-11,2008-07-21
1136,EM-DAT,2008-0285-IND,India,2008-07-05,2008-07-14
1136,EM-DAT,2008-0615-IND,India,2008-07-20,2008-08-08
1137,DFO,DFO-3368,Chad,2008-07-20,2008-08-25
1137,DFO,DFO-3348,Chad,2008-08-02,2008-08-08
1137,EM-DAT,2008-0367-TCD,Chad,2008-07-20,2008-08-25
1138,DFO,DFO-3349,Togo,2008-08-01,2008-08-08
1138,EM-DAT,2008-0291-TGO,Togo,2008-07-01,2008-08-08
1139,DFO,DFO-3344,Japan,2008-07-28,2008-07-29
1139,EM-DAT,2008-0293-JPN,Japan,2008-07-28,2008-07-29
1140,DFO,DFO-3337,Ukraine,2008-07-22,2008-07-30
1140,EM-DAT,2008-0306-UKR,Ukraine,2008-07-26,2008-07-27
1141,DFO,DFO-3332,Mexico,2008-07-15,2008-07-16
1141,EM-DAT,2008-0288-MEX,Mexico,2008-07-06,2008-07-11
1142,DFO,DFO-3309,China,2008-05-27,2008-06-05
1142,DFO,DFO-3319,China,2008-06-11,2008-07-03
1142,DFO,DFO-3325,China,2008-06-24,2008-06-27
1142,EM-DAT,2008-0212-CHN,China,2008-05-27,2008-06-05
1142,EM-DAT,2008-0243-CHN,China,2008-06-07,2008-06-22
1142,EM-DAT,2008-0598-CHN,China,2008-07-07,2008-07-07
1143,DFO,DFO-3320,Philippines,2008-06-21,2008-06-23
1143,EM-DAT,2008-0620-PHL,Philippines,2008-06-17,2008-06-17
1144,DFO,DFO-3322,Bangladesh,2008-06-20,2008-06-22
1144,EM-DAT,2008-0285-BGD,Bangladesh,2008-06-26,2008-07-13
1145,DFO,DFO-3323,South Africa,2008-06-19,2008-06-22
1145,EM-DAT,2008-0245-ZAF,South Africa,2008-06-19,2008-06-19
1146,DFO,DFO-3321,Kenya,2008-06-13,2008-06-20
1146,EM-DAT,2008-0260-KEN,Kenya,2008-06-13,2008-06-20
1147,DFO,DFO-3313,United States of America,2008-05-24,2008-06-05
1147,DFO,DFO-3317,United States of America,2008-06-05,2008-07-03
1147,EM-DAT,2008-0627-USA,United States of America,2008-06-09,2008-06-30
1148,DFO,DFO-3324,Suriname,2008-06-01,2008-06-25
1148,EM-DAT,2008-0257-SUR,Suriname,2008-06-01,2008-06-25
1149,DFO,DFO-3314,Sri Lanka,2008-05-29,2008-06-05
1149,EM-DAT,2008-0224-LKA,Sri Lanka,2008-05-29,2008-06-05
1150,DFO,DFO-3308,Chile,2008-05-19,2008-05-27
1150,EM-DAT,2008-0229-CHL,Chile,2008-05-19,2008-05-27
1151,DFO,DFO-3304,Viet Nam,2008-05-11,2008-05-12
1151,EM-DAT,2008-0262-VNM,Viet Nam,2008-05-11,2008-05-12
1152,DFO,DFO-3301,China,2008-05-02,2008-05-05
1152,EM-DAT,2008-0263-CHN,China,2008-05-02,2008-05-05
1153,DFO,DFO-3285,United States of America,2008-03-17,2008-05-02
1153,DFO,DFO-3292,Canada,2008-04-10,2008-04-24
1153,DFO,DFO-3300,United States of America • Canada,2008-04-25,2008-05-07
1153,DFO,DFO-3298,Canada,2008-04-26,2008-05-01
1153,EM-DAT,2008-0131-USA,United States of America,2008-03-17,2008-04-20
1153,EM-DAT,2008-0170-CAN,Canada,2008-04-10,2008-04-24
1153,EM-DAT,2008-0264-CAN,Canada,2008-04-26,2008-05-01
1154,DFO,DFO-3296,Indonesia,2008-04-23,2008-04-27
1154,EM-DAT,2008-0176-IDN,Indonesia,2008-04-23,2008-04-27
1155,DFO,DFO-3294,United Republic of Tanzania,2008-04-11,2008-05-16
1155,EM-DAT,2008-0127-TZA,United Republic of Tanzania,2008-03-17,2008-04-04
1156,DFO,DFO-3291,Brazil,2008-03-30,2008-04-22
1156,EM-DAT,2008-0125-BRA,Brazil,2008-03-30,2008-04-04
1157,DFO,DFO-3289,Kenya,2008-03-17,2008-04-05
1157,DFO,DFO-3287,Kenya,2008-03-20,2008-04-02
1157,DFO,DFO-3290,Kenya,2008-03-28,2008-04-02
1157,EM-DAT,2008-0127-KEN,Kenya,2008-03-17,2008-04-05
1157,EM-DAT,2008-0129-KEN,Kenya,2008-03-20,2008-04-02
1158,DFO,DFO-3286,India,2008-03-20,2008-03-27
1158,EM-DAT,2008-0130-IND,India,2008-03-20,2008-03-28
1159,DFO,DFO-3284,Sri Lanka,2008-03-12,2008-03-31
1159,EM-DAT,2008-0132-LKA,Sri Lanka,2008-03-12,2008-03-14
1160,DFO,DFO-3283,Colombia,2008-03-11,2008-03-15
1160,EM-DAT,2008-0121-COL,Colombia,2008-03-11,2008-03-14
1161,DFO,DFO-3262,Indonesia,2008-01-30,2008-02-03
1161,DFO,DFO-3265,Indonesia,2008-02-01,2008-02-06
1161,DFO,DFO-3269,Indonesia,2008-02-08,2008-02-12
1161,DFO,DFO-3276,Indonesia,2008-02-11,2008-03-01
1161,DFO,DFO-3271,Indonesia,2008-02-14,2008-03-14
1161,DFO,DFO-3280,Indonesia,2008-03-01,2008-04-03
1161,DFO,DFO-3288,Indonesia,2008-03-10,2008-04-03
1161,EM-DAT,2008-0052-IDN,Indonesia,2008-01-30,2008-01-31
1161,EM-DAT,2008-0042-IDN,Indonesia,2008-02-01,2008-02-06
1161,EM-DAT,2008-0067-IDN,Indonesia,2008-02-08,2008-02-12
1161,EM-DAT,2008-0092-IDN,Indonesia,2008-02-11,2008-02-27
1161,EM-DAT,2008-0108-IDN,Indonesia,2008-03-01,2008-03-14
1161,EM-DAT,2008-0128-IDN,Indonesia,2008-03-10,2008-04-03
1162,DFO,DFO-3277,Kazakhstan,2008-02-20,2008-03-13
1162,EM-DAT,2008-0095-KAZ,Kazakhstan,2008-02-20,2008-03-03
1163,DFO,DFO-3270,Australia,2008-02-13,2008-02-26
1163,EM-DAT,2008-0098-AUS,Australia,2008-02-13,2008-02-26
1164,DFO,DFO-3273,Philippines,2008-02-12,2008-03-12
1164,EM-DAT,2008-0077-PHL,Philippines,2008-02-12,2008-03-12
1165,DFO,DFO-3250,Zambia,2007-12-30,2008-01-03
1165,DFO,DFO-3272,Zambia,2008-02-09,2008-05-01
1165,EM-DAT,2007-0633-ZMB,Zambia,2007-12-30,2008-02-27
1165,EM-DAT,2008-0629-ZMB,Zambia,2008-02-09,2008-05-01
1166,DFO,DFO-3267,Peru,2008-02-04,2008-05-07
1166,EM-DAT,2008-0064-PER,Peru,2008-02-04,2008-03-14
1167,DFO,DFO-3256,Brazil,2008-01-12,2008-01-26
1167,DFO,DFO-3266,Brazil,2008-02-02,2008-02-07
1167,EM-DAT,2008-0016-BRA,Brazil,2008-01-12,2008-01-16
1167,EM-DAT,2008-0041-BRA,Brazil,2008-02-02,2008-02-06
1168,DFO,DFO-3264,Namibia,2008-01-31,2008-04-23
1168,EM-DAT,2008-0060-NAM,Namibia,2008-01-30,2008-03-03
1169,DFO,DFO-3263,Ecuador,2008-01-30,2008-05-01
1169,EM-DAT,2008-0048-ECU,Ecuador,2008-01-30,2008-03-03
1170,DFO,DFO-3261,Argentina,2008-01-28,2008-04-11
1170,EM-DAT,2008-0053-ARG,Argentina,2008-01-28,2008-03-30
1171,DFO,DFO-3259,United Kingdom of Great Britain and Northern Ireland,2008-01-15,2008-01-26
1171,EM-DAT,2008-0055-GBR,United Kingdom of Great Britain and Northern Ireland,2008-01-15,2008-01-26
1172,DFO,DFO-3247,Australia,2007-12-22,2007-12-31
1172,DFO,DFO-3252,Australia,2008-01-03,2008-01-09
1172,DFO,DFO-3257,Australia,2008-01-14,2008-02-01
1172,EM-DAT,2008-0014-AUS,Australia,2008-01-03,2008-01-09
1172,EM-DAT,2008-0017-AUS,Australia,2008-01-14,2008-02-01
1173,DFO,DFO-3253,United States of America,2008-01-05,2008-01-09
1173,DFO,DFO-3255,United States of America,2008-01-08,2008-01-15
1173,EM-DAT,2008-0010-USA,United States of America,2008-01-05,2008-01-09
1174,DFO,DFO-3243,Sri Lanka,2007-12-16,2008-01-01
1174,DFO,DFO-3254,Sri Lanka,2008-01-07,2008-01-16
1174,EM-DAT,2007-0609-LKA,Sri Lanka,2007-12-16,2008-01-01
1175,DFO,DFO-3248,Indonesia,2007-12-25,2007-12-29
1175,DFO,DFO-3249,Indonesia,2007-12-25,2008-01-03
1175,DFO,DFO-3251,Indonesia,2008-01-02,2008-01-06
1175,EM-DAT,2008-0013-IDN,Indonesia,2008-01-02,2008-01-06
1176,DFO,DFO-3241,Zimbabwe,2007-12-13,2008-01-03
1176,DFO,DFO-3245,Zimbabwe,2007-12-19,2008-01-02
1176,EM-DAT,2007-0616-ZWE,Zimbabwe,2007-12-19,2008-01-02
1177,DFO,DFO-3246,Bolivia (Plurinational State of),2007-12-15,2007-12-28
1177,EM-DAT,2007-0652-BOL,Bolivia (Plurinational State of),2007-12-15,2008-02-20
1178,DFO,DFO-3235,Kenya,2007-11-21,2007-12-16
1178,DFO,DFO-3240,Kenya,2007-12-12,2007-12-15
1178,EM-DAT,2007-0613-KEN,Kenya,2007-12-12,2007-12-15
1179,DFO,DFO-3242,Mozambique,2007-12-11,2008-01-03
1179,EM-DAT,2007-0614-MOZ,Mozambique,2007-12-11,2008-01-03
1179,EM-DAT,2007-0616-MOZ,Mozambique,2007-12-19,2008-01-02
1180,DFO,DFO-3238,Malaysia,2007-12-07,2007-12-28
1180,EM-DAT,2007-0611-MYS,Malaysia,2007-12-07,2007-12-21
1181,DFO,DFO-3229,Philippines,2007-11-18,2007-11-23
1181,DFO,DFO-3232,Philippines,2007-11-25,2007-12-02
1181,EM-DAT,2007-0553-PHL,Philippines,2007-11-18,2007-11-21
1181,EM-DAT,2007-0577-PHL,Philippines,2007-11-28,2007-11-28
1181,EM-DAT,2007-0665-PHL,Philippines,2007-12-01,2007-12-04
1182,DFO,DFO-3233,Algeria,2007-11-24,2007-12-02
1182,EM-DAT,2007-0568-DZA,Algeria,2007-11-24,2007-12-02
1183,DFO,DFO-3230,Malawi,2007-11-18,2007-11-27
1183,EM-DAT,2007-0614-MWI,Malawi,2007-11-11,2008-01-02
1183,EM-DAT,2007-0585-MWI,Malawi,2007-11-18,2008-02-01
1184,DFO,DFO-3228,Bulgaria,2007-11-16,2007-12-02
1184,EM-DAT,2007-0554-BGR,Bulgaria,2007-11-16,2007-11-21
1185,DFO,DFO-3227,Uganda,2007-11-15,2007-11-18
1185,EM-DAT,2007-0555-UGA,Uganda,2007-11-15,2007-11-18
1186,DFO,DFO-3200,Viet Nam,2007-09-29,2007-10-12
1186,DFO,DFO-3207,Viet Nam,2007-10-14,2007-10-24
1186,DFO,DFO-3210,Viet Nam,2007-10-20,2007-11-16
1186,DFO,DFO-3215,Viet Nam,2007-10-27,2007-10-31
1186,DFO,DFO-3219,Viet Nam,2007-10-28,2007-11-09
1186,DFO,DFO-3224,Viet Nam,2007-11-10,2007-11-21
1186,EM-DAT,2007-0512-VNM,Viet Nam,2007-10-14,2007-10-24
1186,EM-DAT,2007-0531-VNM,Viet Nam,2007-10-20,2007-11-02
1186,EM-DAT,2007-0522-VNM,Viet Nam,2007-10-28,2007-11-09
1186,EM-DAT,2007-0558-VNM,Viet Nam,2007-11-10,2007-11-21
1187,DFO,DFO-3216,Philippines,2007-10-27,2007-11-02
1187,DFO,DFO-3222,Philippines,2007-11-04,2007-11-06
1187,EM-DAT,2007-0525-PHL,Philippines,2007-10-27,2007-11-01
1188,DFO,DFO-3223,Somalia,2007-11-03,2007-11-04
1188,EM-DAT,2007-0559-SOM,Somalia,2007-11-03,2007-11-04
1189,DFO,DFO-3220,Mexico,2007-10-28,2007-12-01
1189,EM-DAT,2007-0521-MEX,Mexico,2007-10-28,2007-11-16
1190,DFO,DFO-3104,India,2007-06-18,2007-06-26
1190,DFO,DFO-3107,India,2007-06-22,2007-07-04
1190,DFO,DFO-3118,India,2007-06-30,2007-07-13
1190,DFO,DFO-3119,India,2007-07-01,2007-07-06
1190,DFO,DFO-3120,India,2007-07-01,2007-07-13
1190,DFO,DFO-3122,India,2007-07-03,2007-09-22
1190,DFO,DFO-3128,India,2007-07-12,2007-10-10
1190,DFO,DFO-3131,India,2007-07-16,2007-07-20
1190,DFO,DFO-3150,India,2007-08-03,2007-08-27
1190,DFO,DFO-3160,India,2007-08-08,2007-08-15
1190,DFO,DFO-3164,India,2007-08-12,2007-08-17
1190,DFO,DFO-3191,India,2007-09-16,2007-10-07
1190,DFO,DFO-3195,India,2007-09-22,2007-10-08
1190,DFO,DFO-3208,India,2007-10-17,2007-10-24
1190,DFO,DFO-3217,India,2007-10-27,2007-11-01
1190,EM-DAT,2007-0225-IND,India,2007-06-18,2007-06-26
1190,EM-DAT,2007-0250-IND,India,2007-06-22,2007-07-04
1190,EM-DAT,2007-0240-IND,India,2007-06-30,2007-07-13
1190,EM-DAT,2007-0238-IND,India,2007-07-01,2007-07-13
1190,EM-DAT,2007-0239-IND,India,2007-07-01,2007-07-06
1190,EM-DAT,2007-0320-IND,India,2007-07-03,2007-09-22
1190,EM-DAT,2007-0602-IND,India,2007-07-12,2007-10-10
1190,EM-DAT,2007-0603-IND,India,2007-07-16,2007-07-20
1190,EM-DAT,2007-0311-IND,India,2007-07-21,2007-08-03
1190,EM-DAT,2007-0596-IND,India,2007-08-03,2007-08-27
1190,EM-DAT,2007-0415-IND,India,2007-08-08,2007-08-15
1190,EM-DAT,2007-0364-IND,India,2007-08-12,2007-08-17
1190,EM-DAT,2007-0469-IND,India,2007-09-16,2007-10-07
1190,EM-DAT,2007-0467-IND,India,2007-09-22,2007-10-03
1190,EM-DAT,2007-0524-IND,India,2007-10-27,2007-11-01
1191,DFO,DFO-3214,Democratic Republic of the Congo,2007-10-25,2007-10-31
1191,EM-DAT,2007-0527-COD,Democratic Republic of the Congo,2007-10-25,2007-10-31
1192,DFO,DFO-3213,Brazil,2007-10-24,2007-10-27
1192,EM-DAT,2007-0528-BRA,Brazil,2007-10-24,2007-10-27
1193,DFO,DFO-3188,Thailand,2007-09-05,2007-11-10
1193,DFO,DFO-3211,Thailand,2007-10-22,2007-10-30
1193,EM-DAT,2007-0446-THA,Thailand,2007-09-05,2007-11-10
1193,EM-DAT,2007-0530-THA,Thailand,2007-10-22,2007-10-29
1194,DFO,DFO-3206,Tunisia,2007-10-13,2007-10-16
1194,EM-DAT,2007-0501-TUN,Tunisia,2007-10-13,2007-10-16
1195,DFO,DFO-3204,Spain,2007-10-12,2007-10-18
1195,EM-DAT,2007-0551-ESP,Spain,2007-10-11,2007-10-12
1196,DFO,DFO-3205,Costa Rica,2007-10-12,2007-10-26
1196,EM-DAT,2007-0503-CRI,Costa Rica,2007-10-12,2007-10-26
1197,DFO,DFO-3203,Haiti,2007-10-07,2007-10-17
1197,EM-DAT,2007-0496-HTI,Haiti,2007-10-07,2007-10-17
1198,DFO,DFO-3062,Colombia,2007-04-26,2007-05-02
1198,DFO,DFO-3080,Colombia,2007-05-19,2007-06-27
1198,DFO,DFO-3121,Colombia,2007-06-27,2007-09-10
1198,DFO,DFO-3212,Colombia,2007-10-01,2007-12-10
1198,EM-DAT,2007-0162-COL,Colombia,2007-03-06,2007-09-30
1198,EM-DAT,2007-0191-COL,Colombia,2007-04-26,2007-05-01
1198,EM-DAT,2007-0176-COL,Colombia,2007-05-19,2007-06-12
1198,EM-DAT,2007-0529-COL,Colombia,2007-10-20,2007-10-26
1199,DFO,DFO-3198,Brazil,2007-09-24,2007-10-02
1199,EM-DAT,2007-0465-BRA,Brazil,2007-09-24,2007-09-30
1200,DFO,DFO-3194,Guatemala,2007-09-22,2007-09-24
1200,EM-DAT,2007-0468-GTM,Guatemala,2007-09-22,2007-09-24
1201,DFO,DFO-3197,Algeria,2007-09-21,2007-09-24
1201,EM-DAT,2007-0449-DZA,Algeria,2007-09-21,2007-09-24
1202,DFO,DFO-3196,Costa Rica,2007-09-20,2007-09-26
1202,EM-DAT,2007-0466-CRI,Costa Rica,2007-09-20,2007-09-26
1203,DFO,DFO-3189,Rwanda,2007-09-12,2007-09-20
1203,EM-DAT,2007-0442-RWA,Rwanda,2007-09-12,2007-09-20
1204,DFO,DFO-3187,Czechia,2007-09-06,2007-09-10
1204,EM-DAT,2007-0599-CZE,Czechia,2007-09-06,2007-09-10
1205,DFO,DFO-3186,Romania,2007-09-05,2007-09-11
1205,EM-DAT,2007-0421-ROU,Romania,2007-09-05,2007-09-11
1206,DFO,DFO-3185,Republic of Korea,2007-09-04,2007-09-07
1206,EM-DAT,2007-0598-KOR,Republic of Korea,2007-09-04,2007-09-07
1207,DFO,DFO-3182,Indonesia,2007-09-02,2007-09-04
1207,EM-DAT,2007-0447-IDN,Indonesia,2007-09-02,2007-09-04
1208,DFO,DFO-3183,Somalia,2007-09-01,2007-10-04
1208,EM-DAT,2007-0425-SOM,Somalia,2007-09-01,2007-10-04
1209,DFO,DFO-3180,Senegal,2007-08-31,2007-09-20
1209,EM-DAT,2007-0427-SEN,Senegal,2007-08-09,2007-09-20
1210,DFO,DFO-3079,China,2007-05-20,2007-05-21
1210,DFO,DFO-3084,China,2007-05-24,2007-05-26
1210,DFO,DFO-3091,China,2007-06-01,2007-06-06
1210,DFO,DFO-3094,China,2007-06-06,2007-08-17
1210,DFO,DFO-3132,China,2007-07-14,2007-08-03
1210,DFO,DFO-3133,China,2007-07-18,2007-07-22
1210,DFO,DFO-3134,China,2007-07-18,2007-08-13
1210,DFO,DFO-3161,China,2007-08-09,2007-08-12
1210,DFO,DFO-3176,China,2007-08-22,2007-08-27
1210,DFO,DFO-3181,China,2007-08-31,2007-09-02
1210,EM-DAT,2007-0172-CHN,China,2007-05-24,2007-05-26
1210,EM-DAT,2007-0166-CHN,China,2007-06-01,2007-06-06
1210,EM-DAT,2007-0268-CHN,China,2007-06-15,2007-07-01
1210,EM-DAT,2007-0315-CHN,China,2007-07-14,2007-08-03
1210,EM-DAT,2007-0313-CHN,China,2007-07-18,2007-08-03
1210,EM-DAT,2007-0314-CHN,China,2007-07-18,2007-07-22
1210,EM-DAT,2007-0333-CHN,China,2007-07-29,2007-08-03
1210,EM-DAT,2007-0414-CHN,China,2007-08-09,2007-08-12
1210,EM-DAT,2007-0405-CHN,China,2007-08-22,2007-08-27
1210,EM-DAT,2007-0448-CHN,China,2007-08-31,2007-09-02
1211,DFO,DFO-3177,Liberia,2007-08-26,2007-08-30
1211,EM-DAT,2007-0404-LBR,Liberia,2007-08-26,2007-08-30
1212,DFO,DFO-3178,Romania,2007-08-25,2007-08-27
1212,EM-DAT,2007-0393-ROU,Romania,2007-08-25,2007-08-26
1213,DFO,DFO-3179,Chad,2007-08-25,2007-10-01
1213,EM-DAT,2007-0403-TCD,Chad,2007-08-25,2007-09-09
1214,DFO,DFO-3171,United States of America,2007-08-16,2007-08-27
1214,EM-DAT,2007-0383-USA,United States of America,2007-08-16,2007-08-27
1215,DFO,DFO-3170,Uganda,2007-08-15,2007-10-31
1215,EM-DAT,2007-0408-UGA,Uganda,2007-08-15,2007-10-31
1216,DFO,DFO-3169,Myanmar,2007-08-14,2007-10-04
1216,EM-DAT,2007-0409-MMR,Myanmar,2007-08-14,2007-08-29
1217,DFO,DFO-3162,Pakistan,2007-08-10,2007-08-13
1217,DFO,DFO-3165,Pakistan,2007-08-12,2007-08-14
1217,EM-DAT,2007-0348-PAK,Pakistan,2007-08-10,2007-08-13
1217,EM-DAT,2007-0412-PAK,Pakistan,2007-08-12,2007-08-14
1218,DFO,DFO-3168,Cambodia,2007-08-10,2007-08-24
1218,EM-DAT,2007-0410-KHM,Cambodia,2007-08-10,2007-08-24
1219,DFO,DFO-3167,Chad,2007-08-09,2007-08-15
1219,EM-DAT,2007-0411-TCD,Chad,2007-08-09,2007-08-15
1220,DFO,DFO-3156,Germany,2007-08-08,2007-08-12
1220,EM-DAT,2007-0349-DEU,Germany,2007-08-09,2007-08-12
1221,DFO,DFO-3159,Democratic People's Republic of Korea,2007-08-08,2007-08-25
1221,EM-DAT,2007-0352-PRK,Democratic People's Republic of Korea,2007-08-07,2007-08-25
1222,DFO,DFO-3153,Mauritania,2007-08-07,2007-09-05
1222,EM-DAT,2007-0339-MRT,Mauritania,2007-08-07,2007-09-05
1222,EM-DAT,2007-0402-MRT,Mauritania,2007-08-31,2007-09-03
1223,DFO,DFO-3152,Bulgaria,2007-08-05,2007-08-08
1223,EM-DAT,2007-0322-BGR,Bulgaria,2007-08-05,2007-08-08
1224,DFO,DFO-3148,Nigeria,2007-08-01,2007-08-15
1224,DFO,DFO-3151,Nigeria,2007-08-04,2007-10-21
1224,EM-DAT,2007-0595-NGA,Nigeria,2007-08-01,2007-08-15
1224,EM-DAT,2007-0419-NGA,Nigeria,2007-08-04,2007-10-21
1224,EM-DAT,2007-0541-NGA,Nigeria,2007-10-01,2007-10-01
1225,DFO,DFO-3149,Viet Nam,2007-08-03,2007-08-17
1225,EM-DAT,2007-0323-VNM,Viet Nam,2007-08-05,2007-08-07
1226,DFO,DFO-3175,Yemen,2007-08-01,2007-08-27
1226,EM-DAT,2007-0406-YEM,Yemen,2007-08-01,2007-08-27
1227,DFO,DFO-3146,Ethiopia,2007-07-29,2007-10-05
1227,EM-DAT,2007-0304-ETH,Ethiopia,2007-07-29,2007-10-05
1228,DFO,DFO-3145,Burkina Faso,2007-07-28,2007-08-01
1228,EM-DAT,2007-0305-BFA,Burkina Faso,2007-07-26,2007-10-10
1229,DFO,DFO-3135,Indonesia,2007-07-17,2007-07-30
1229,DFO,DFO-3139,Indonesia,2007-07-22,2007-07-25
1229,DFO,DFO-3141,Indonesia,2007-07-25,2007-08-02
1229,DFO,DFO-3154,Indonesia,2007-07-28,2007-08-10
1229,EM-DAT,2007-0312-IDN,Indonesia,2007-07-22,2007-08-07
1229,EM-DAT,2007-0309-IDN,Indonesia,2007-07-25,2007-08-02
1230,DFO,DFO-3144,South Africa,2007-07-27,2007-08-02
1230,EM-DAT,2007-0306-ZAF,South Africa,2007-07-27,2007-08-02
1231,DFO,DFO-3166,Ghana,2007-07-26,2007-10-10
1231,EM-DAT,2007-0441-GHA,Ghana,2007-08-10,2007-10-10
1232,DFO,DFO-3140,Haiti,2007-07-23,2007-07-24
1232,EM-DAT,2007-0281-HTI,Haiti,2007-07-23,2007-07-24
1233,DFO,DFO-3143,Nepal,2007-07-23,2007-10-02
1233,EM-DAT,2007-0307-NPL,Nepal,2007-07-23,2007-10-02
1234,DFO,DFO-3138,Tajikistan,2007-07-22,2007-07-23
1234,EM-DAT,2007-0661-TJK,Tajikistan,2007-07-22,2007-07-22
1235,DFO,DFO-3136,Bangladesh,2007-07-21,2007-10-15
1235,EM-DAT,2007-0311-BGD,Bangladesh,2007-07-21,2007-08-03
1236,DFO,DFO-3137,United Kingdom of Great Britain and Northern Ireland,2007-07-21,2007-07-30
1236,EM-DAT,2007-0278-GBR,United Kingdom of Great Britain and Northern Ireland,2007-07-20,2007-07-24
1237,DFO,DFO-3130,Afghanistan,2007-07-15,2007-07-17
1237,EM-DAT,2007-0316-AFG,Afghanistan,2007-07-15,2007-07-17
1238,DFO,DFO-3124,Japan,2007-07-04,2007-07-12
1238,DFO,DFO-3129,Japan,2007-07-13,2007-07-16
1238,EM-DAT,2007-0319-JPN,Japan,2007-07-04,2007-07-12
1239,DFO,DFO-3125,Myanmar,2007-07-06,2007-08-01
1239,EM-DAT,2007-0318-MMR,Myanmar,2007-07-06,2007-07-11
1240,DFO,DFO-3126,Ethiopia,2007-07-06,2007-07-11
1240,EM-DAT,2007-0273-ETH,Ethiopia,2007-06-06,2007-07-11
1241,DFO,DFO-3123,Sudan,2007-07-03,2007-10-08
1241,EM-DAT,2007-0261-SDN,Sudan,2007-07-03,2007-10-08
1242,DFO,DFO-3101,Pakistan,2007-06-16,2007-06-20
1242,DFO,DFO-3108,Pakistan,2007-06-23,2007-06-25
1242,DFO,DFO-3112,Pakistan,2007-06-26,2007-07-20
1242,DFO,DFO-3116,Pakistan,2007-06-28,2007-07-22
1242,EM-DAT,2007-0255-PAK,Pakistan,2007-06-16,2007-06-20
1242,EM-DAT,2007-0249-PAK,Pakistan,2007-06-23,2007-06-25
1242,EM-DAT,2007-0241-PAK,Pakistan,2007-06-28,2007-07-22
1242,EM-DAT,2007-0284-PAK,Pakistan,2007-07-20,2007-07-20
1243,DFO,DFO-3115,Iran (Islamic Republic of),2007-06-27,2007-06-29
1243,EM-DAT,2007-0242-IRN,Iran (Islamic Republic of),2007-06-27,2007-06-29
1244,DFO,DFO-3102,United States of America,2007-06-17,2007-06-22
1244,DFO,DFO-3106,United States of America,2007-06-19,2007-06-20
1244,DFO,DFO-3113,United States of America,2007-06-26,2007-07-23
1244,EM-DAT,2007-0254-USA,United States of America,2007-06-17,2007-06-22
1244,EM-DAT,2007-0251-USA,United States of America,2007-06-19,2007-06-20
1244,EM-DAT,2007-0244-USA,United States of America,2007-06-26,2007-07-06
1245,DFO,DFO-3099,United Kingdom of Great Britain and Northern Ireland,2007-06-15,2007-06-21
1245,DFO,DFO-3110,United Kingdom of Great Britain and Northern Ireland,2007-06-25,2007-07-03
1245,EM-DAT,2007-0201-GBR,United Kingdom of Great Britain and Northern Ireland,2007-06-15,2007-06-27
1245,EM-DAT,2007-0247-GBR,United Kingdom of Great Britain and Northern Ireland,2007-06-25,2007-07-03
1246,DFO,DFO-3109,Afghanistan,2007-06-24,2007-07-03
1246,EM-DAT,2007-0248-AFG,Afghanistan,2007-06-24,2007-07-03
1247,DFO,DFO-3097,Bangladesh,2007-06-11,2007-06-24
1247,EM-DAT,2007-0161-BGD,Bangladesh,2007-06-11,2007-06-12
1248,DFO,DFO-3095,Australia,2007-06-08,2007-06-13
1248,EM-DAT,2007-0160-AUS,Australia,2007-06-08,2007-06-12
1249,DFO,DFO-3092,Canada,2007-06-06,2007-06-14
1249,EM-DAT,2007-0165-CAN,Canada,2007-06-06,2007-06-11
1250,DFO,DFO-3089,Dominican Republic,2007-05-30,2007-06-03
1250,EM-DAT,2007-0167-DOM,Dominican Republic,2007-05-30,2007-06-03
1251,DFO,DFO-3088,Türkiye,2007-05-27,2007-06-01
1251,EM-DAT,2007-0168-TUR,Türkiye,2007-05-27,2007-06-01
1252,DFO,DFO-3070,United States of America,2007-05-06,2007-05-18
1252,DFO,DFO-3083,United States of America,2007-05-24,2007-05-29
1252,EM-DAT,2007-0173-USA,United States of America,2007-05-24,2007-05-29
1253,DFO,DFO-3082,Spain,2007-05-23,2007-05-26
1253,EM-DAT,2007-0174-ESP,Spain,2007-05-23,2007-05-26
1254,DFO,DFO-3085,Bulgaria,2007-05-22,2007-06-06
1254,EM-DAT,2007-0171-BGR,Bulgaria,2007-05-22,2007-06-06
1255,DFO,DFO-3078,Kenya,2007-05-15,2007-06-14
1255,EM-DAT,2007-0177-KEN,Kenya,2007-05-15,2007-06-11
1256,DFO,DFO-3065,Indonesia,2007-05-01,2007-05-25
1256,DFO,DFO-3072,Indonesia,2007-05-06,2007-05-12
1256,DFO,DFO-3081,Indonesia,2007-05-15,2007-06-05
1256,EM-DAT,2007-0175-IDN,Indonesia,2007-05-15,2007-06-05
1257,DFO,DFO-3055,Afghanistan,2007-04-17,2007-04-18
1257,DFO,DFO-3061,Afghanistan,2007-04-23,2007-05-04
1257,DFO,DFO-3069,Afghanistan,2007-05-05,2007-05-07
1257,DFO,DFO-3077,Afghanistan,2007-05-14,2007-05-18
1257,EM-DAT,2007-0192-AFG,Afghanistan,2007-04-23,2007-05-04
1257,EM-DAT,2007-0672-AFG,Afghanistan,2007-04-30,2007-04-30
1257,EM-DAT,2007-0185-AFG,Afghanistan,2007-05-05,2007-05-07
1257,EM-DAT,2007-0178-AFG,Afghanistan,2007-05-14,2007-05-18
1258,DFO,DFO-3076,Russian Federation,2007-05-11,2007-06-13
1258,DFO,DFO-3075,Russian Federation,2007-05-13,2007-06-13
1258,EM-DAT,2007-0180-RUS,Russian Federation,2007-05-13,2007-06-11
1259,DFO,DFO-3066,Thailand,2007-05-01,2007-05-07
1259,DFO,DFO-3073,Thailand,2007-05-11,2007-05-21
1259,EM-DAT,2007-0181-THA,Thailand,2007-05-11,2007-05-21
1260,DFO,DFO-3068,Myanmar,2007-05-04,2007-05-09
1260,EM-DAT,2007-0186-MMR,Myanmar,2007-05-03,2007-05-09
1261,DFO,DFO-3071,Uruguay,2007-05-04,2007-05-25
1261,EM-DAT,2007-0135-URY,Uruguay,2007-03-20,2007-04-27
1261,EM-DAT,2007-0183-URY,Uruguay,2007-05-04,2007-05-25
1262,DFO,DFO-3067,Sri Lanka,2007-05-02,2007-05-07
1262,EM-DAT,2007-0187-LKA,Sri Lanka,2007-05-02,2007-05-07
1263,DFO,DFO-3057,Kyrgyzstan,2007-04-17,2007-04-25
1263,EM-DAT,2007-0195-KGZ,Kyrgyzstan,2007-04-17,2007-04-25
1264,DFO,DFO-3054,Tajikistan,2007-04-16,2007-04-20
1264,EM-DAT,2007-0196-TJK,Tajikistan,2007-04-16,2007-04-20
1265,DFO,DFO-3050,Thailand,2007-04-14,2007-04-15
1265,EM-DAT,2007-0142-THA,Thailand,2007-04-14,2007-04-15
1266,DFO,DFO-3049,Algeria,2007-04-13,2007-04-15
1266,EM-DAT,2007-0141-DZA,Algeria,2007-04-13,2007-04-15
1267,DFO,DFO-3047,Spain,2007-04-03,2007-04-08
1267,EM-DAT,2007-0132-ESP,Spain,2007-04-03,2007-04-09
1268,DFO,DFO-3043,Yemen,2007-03-23,2007-03-30
1268,EM-DAT,2007-0103-YEM,Yemen,2007-03-23,2007-03-30
1269,DFO,DFO-3026,Argentina,2007-01-18,2007-03-20
1269,DFO,DFO-3044,Argentina,2007-03-20,2007-04-27
1269,EM-DAT,2007-0060-ARG,Argentina,2007-01-18,2007-03-20
1269,EM-DAT,2007-0135-ARG,Argentina,2007-03-20,2007-04-26
1270,DFO,DFO-3045,Haiti,2007-03-20,2007-03-30
1270,EM-DAT,2007-0134-HTI,Haiti,2007-03-26,2007-03-30
1271,DFO,DFO-3040,Afghanistan,2007-03-18,2007-04-05
1271,EM-DAT,2007-0105-AFG,Afghanistan,2007-03-18,2007-03-26
1272,DFO,DFO-3027,Indonesia,2007-01-31,2007-02-22
1272,DFO,DFO-3031,Indonesia,2007-03-01,2007-03-10
1272,DFO,DFO-3041,Indonesia,2007-03-17,2007-03-22
1272,EM-DAT,2007-0050-IDN,Indonesia,2007-01-31,2007-02-22
1272,EM-DAT,2007-0086-IDN,Indonesia,2007-03-01,2007-03-10
1273,DFO,DFO-3036,Fiji,2007-03-09,2007-03-12
1273,EM-DAT,2007-0592-FJI,Fiji,2007-03-09,2007-03-12
1274,DFO,DFO-3030,Madagascar,2007-02-08,2007-03-06
1274,EM-DAT,2007-0069-MDG,Madagascar,2007-02-08,2007-02-08
1275,DFO,DFO-3029,Fiji,2007-02-03,2007-02-20
1275,EM-DAT,2007-0108-FJI,Fiji,2007-02-03,2007-02-20
1276,DFO,DFO-3028,Rwanda,2007-02-02,2007-02-16
1276,EM-DAT,2007-0059-RWA,Rwanda,2007-02-03,2007-02-16
1277,DFO,DFO-3007,Peru,2006-12-26,2007-02-02
1277,DFO,DFO-3024,Peru,2007-01-21,2007-02-10
1277,EM-DAT,2007-0039-PER,Peru,2007-01-21,2007-02-10
1278,DFO,DFO-3023,Malawi,2007-01-20,2007-03-10
1278,EM-DAT,2007-0040-MWI,Malawi,2007-01-20,2007-03-10
1279,DFO,DFO-3022,Angola,2007-01-17,2007-01-26
1279,EM-DAT,2007-0010-AGO,Angola,2007-01-10,2007-05-10
1279,EM-DAT,2007-0027-AGO,Angola,2007-01-17,2007-01-25
1280,DFO,DFO-3020,United States of America,2007-01-15,2007-02-03
1280,EM-DAT,2007-0041-USA,United States of America,2007-01-15,2007-01-25
1281,DFO,DFO-3016,Sri Lanka,2007-01-12,2007-01-16
1281,EM-DAT,2007-0012-LKA,Sri Lanka,2007-01-12,2007-01-14
1282,DFO,DFO-3005,Malaysia,2006-12-19,2007-01-10
1282,DFO,DFO-3012,Malaysia,2007-01-04,2007-01-22
1282,DFO,DFO-3017,Malaysia,2007-01-11,2007-02-01
1282,EM-DAT,2006-0680-MYS,Malaysia,2006-12-19,2006-12-20
1282,EM-DAT,2007-0021-MYS,Malaysia,2007-01-11,2007-02-01
1283,DFO,DFO-3008,Philippines,2006-12-29,2007-01-15
1283,DFO,DFO-3014,Philippines,2007-01-10,2007-01-24
1283,EM-DAT,2006-0702-PHL,Philippines,2006-12-27,2006-12-29
1283,EM-DAT,2007-0022-PHL,Philippines,2007-01-10,2007-01-24
1284,DFO,DFO-3018,Zambia,2007-01-10,2007-05-10
1284,EM-DAT,2007-0010-ZMB,Zambia,2007-01-10,2007-05-10
1284,EM-DAT,2007-0040-ZMB,Zambia,2007-01-20,2007-03-10
1285,DFO,DFO-3019,Bolivia (Plurinational State of),2007-01-10,2007-05-01
1285,EM-DAT,2007-0042-BOL,Bolivia (Plurinational State of),2007-01-10,2007-05-01
1286,DFO,DFO-3011,Mozambique,2007-01-03,2007-03-10
1286,EM-DAT,2007-0020-MOZ,Mozambique,2007-01-17,2007-02-01
1286,EM-DAT,2007-0034-MOZ,Mozambique,2007-01-20,2007-01-23
1287,DFO,DFO-3009,Yemen,2007-01-01,2007-01-04
1287,EM-DAT,2007-0024-YEM,Yemen,2007-01-01,2007-01-04
1288,DFO,DFO-3010,Brazil,2007-01-01,2007-01-12
1288,EM-DAT,2007-0003-BRA,Brazil,2007-01-01,2007-01-12
1289,DFO,DFO-3013,Burundi,2007-01-01,2007-03-01
1289,EM-DAT,2006-0701-BDI,Burundi,2006-12-01,2007-01-01
1289,EM-DAT,2007-0028-BDI,Burundi,2007-01-01,2007-01-17
1290,DFO,DFO-3006,Indonesia,2006-12-22,2007-01-04
1290,EM-DAT,2006-0680-IDN,Indonesia,2006-12-22,2007-01-04
1291,DFO,DFO-3003,Pakistan,2006-12-04,2006-12-06
1291,EM-DAT,2006-0663-PAK,Pakistan,2006-12-01,2006-12-01
1292,DFO,DFO-3000,Haiti,2006-11-28,2006-12-01
1292,EM-DAT,2006-0651-HTI,Haiti,2006-11-28,2006-12-01
1293,DFO,DFO-2999,Malawi,2006-11-27,2006-11-29
1293,EM-DAT,2006-0649-MWI,Malawi,2006-11-27,2006-11-29
1294,DFO,DFO-2998,Democratic Republic of the Congo,2006-11-24,2006-12-15
1294,EM-DAT,2006-0673-COD,Democratic Republic of the Congo,2006-12-01,2006-12-01
1295,DFO,DFO-2997,Panama,2006-11-21,2006-11-30
1295,EM-DAT,2006-0647-PAN,Panama,2006-11-21,2006-11-30
1296,DFO,DFO-2992,Afghanistan,2006-11-10,2006-11-12
1296,DFO,DFO-2994,Afghanistan,2006-11-16,2006-11-20
1296,DFO,DFO-2995,Afghanistan,2006-11-19,2006-11-21
1296,DFO,DFO-2996,Afghanistan,2006-11-19,2006-11-21
1296,EM-DAT,2006-0596-AFG,Afghanistan,2006-11-16,2006-11-20
1297,DFO,DFO-2989,Iraq,2006-11-05,2006-11-07
1297,EM-DAT,2006-0599-IRQ,Iraq,2006-11-05,2006-11-07
1298,DFO,DFO-2973,United States of America,2006-10-09,2006-10-14
1298,DFO,DFO-2975,United States of America,2006-10-15,2006-11-01
1298,DFO,DFO-2990,United States of America,2006-11-05,2006-11-10
1298,EM-DAT,2006-0566-USA,United States of America,2006-10-09,2006-10-14
1298,EM-DAT,2006-0598-USA,United States of America,2006-11-05,2006-11-10
1299,DFO,DFO-2991,Congo • Democratic Republic of the Congo,2006-11-04,2006-11-18
1299,EM-DAT,2006-0597-COG,Congo,2006-11-04,2006-11-18
1300,DFO,DFO-2981,Philippines,2006-10-21,2006-10-27
1300,DFO,DFO-2988,Philippines,2006-10-30,2006-11-01
1300,EM-DAT,2006-0605-PHL,Philippines,2006-10-21,2006-10-27
1301,DFO,DFO-2976,Kenya,2006-10-15,2006-10-26
1301,DFO,DFO-2979,Kenya • Somalia,2006-10-23,2007-01-04
1301,DFO,DFO-2986,Ethiopia • Somalia,2006-10-27,2006-12-25
1301,EM-DAT,2006-0587-KEN,Kenya,2006-10-15,2006-10-26
1301,EM-DAT,2006-0624-SOM,Somalia,2006-10-23,2006-12-19
1301,EM-DAT,2006-0624-KEN,Kenya,2006-10-23,2006-12-19
1301,EM-DAT,2006-0618-SOM,Somalia,2006-10-26,2006-12-01
1301,EM-DAT,2006-0578-ETH,Ethiopia,2006-10-27,2006-12-18
1302,DFO,DFO-2987,Türkiye • Syrian Arab Republic,2006-10-27,2006-11-07
1302,EM-DAT,2006-0619-TUR,Türkiye,2006-10-27,2006-11-07
1302,EM-DAT,2006-0584-SYR,Syrian Arab Republic,2006-10-29,2006-10-29
1303,DFO,DFO-2984,Sri Lanka,2006-10-26,2006-11-20
1303,EM-DAT,2006-0602-LKA,Sri Lanka,2006-10-26,2006-11-20
1304,DFO,DFO-2985,India,2006-10-26,2006-11-04
1304,EM-DAT,2006-0601-IND,India,2006-10-26,2006-11-04
1305,DFO,DFO-2978,Spain • Portugal,2006-10-22,2006-11-08
1305,EM-DAT,2006-0617-ESP,Spain,2006-10-22,2006-10-24
1305,EM-DAT,2006-0617-PRT,Portugal,2006-10-22,2006-10-24
1306,DFO,DFO-2951,Thailand,2006-08-20,2006-12-13
1306,DFO,DFO-2974,Thailand,2006-10-10,2006-11-04
1306,EM-DAT,2006-0530-THA,Thailand,2006-08-20,2006-12-13
1307,DFO,DFO-2972,Greece,2006-10-08,2006-10-12
1307,EM-DAT,2006-0541-GRC,Greece,2006-10-08,2006-10-12
1308,DFO,DFO-2971,China,2006-10-06,2006-10-12
1308,EM-DAT,2006-0567-CHN,China,2006-10-06,2006-10-12
1309,DFO,DFO-2949,Cambodia • Viet Nam,2006-08-10,2006-11-01
1309,DFO,DFO-2948,Viet Nam,2006-08-12,2006-09-02
1309,DFO,DFO-2964,Viet Nam,2006-09-17,2006-09-21
1309,DFO,DFO-2969,Philippines • Viet Nam,2006-09-27,2006-10-06
1309,EM-DAT,2006-0451-VNM,Viet Nam,2006-08-10,2006-11-01
1309,EM-DAT,2006-0451-KHM,Cambodia,2006-08-10,2006-11-01
1309,EM-DAT,2006-0446-VNM,Viet Nam,2006-08-12,2006-08-30
1309,EM-DAT,2006-0563-PHL,Philippines,2006-10-04,2006-10-08
1309,EM-DAT,2006-0736-VNM,Viet Nam,2006-10-12,2006-10-17
1310,DFO,DFO-2966,United States of America,2006-09-22,2006-09-26
1310,EM-DAT,2006-0546-USA,United States of America,2006-09-22,2006-09-26
1311,DFO,DFO-2878,India,2006-05-25,2006-06-02
1311,DFO,DFO-2876,India,2006-05-31,2006-06-04
1311,DFO,DFO-2879,India • Bangladesh,2006-05-31,2006-07-24
1311,DFO,DFO-2894,India • Nepal,2006-06-24,2006-08-03
1311,DFO,DFO-2909,India,2006-07-03,2006-07-08
1311,DFO,DFO-2910,India,2006-07-03,2006-07-06
1311,DFO,DFO-2911,India,2006-07-04,2006-07-07
1311,DFO,DFO-2931,Pakistan • India,2006-07-24,2006-08-22
1311,DFO,DFO-2935,India • Pakistan,2006-07-28,2006-09-12
1311,DFO,DFO-2938,Pakistan,2006-08-01,2006-08-01
1311,DFO,DFO-2940,India,2006-08-01,2006-09-10
1311,DFO,DFO-2961,Bangladesh,2006-08-24,2006-09-20
1311,DFO,DFO-2956,India,2006-08-29,2006-09-04
1311,DFO,DFO-2958,India • Pakistan,2006-08-31,2006-09-11
1311,DFO,DFO-2965,India • Bangladesh,2006-09-18,2006-10-05
1311,EM-DAT,2006-0263-IND,India,2006-05-25,2006-06-02
1311,EM-DAT,2006-0262-IND,India,2006-05-31,2006-07-24
1311,EM-DAT,2006-0265-IND,India,2006-05-31,2006-06-04
1311,EM-DAT,2006-0262-BGD,Bangladesh,2006-05-31,2006-07-24
1311,EM-DAT,2006-0342-IND,India,2006-06-24,2006-06-27
1311,EM-DAT,2006-0342-NPL,Nepal,2006-06-24,2006-08-03
1311,EM-DAT,2006-0370-IND,India,2006-07-03,2006-07-08
1311,EM-DAT,2006-0369-IND,India,2006-07-04,2006-07-07
1311,EM-DAT,2006-0389-IND,India,2006-07-24,2006-08-22
1311,EM-DAT,2006-0389-PAK,Pakistan,2006-07-24,2006-08-22
1311,EM-DAT,2006-0417-IND,India,2006-07-28,2006-09-12
1311,EM-DAT,2006-0417-PAK,Pakistan,2006-07-28,2006-09-12
1311,EM-DAT,2006-0712-IND,India,2006-08-01,2006-09-10
1311,EM-DAT,2006-0414-PAK,Pakistan,2006-08-01,2006-08-22
1311,EM-DAT,2006-0443-IND,India,2006-08-01,2006-08-01
1311,EM-DAT,2006-0733-PAK,Pakistan,2006-08-03,2006-08-08
1311,EM-DAT,2006-0469-IND,India,2006-08-18,2006-09-02
1311,EM-DAT,2006-0502-BGD,Bangladesh,2006-08-24,2006-09-20
1311,EM-DAT,2006-0549-IND,India,2006-08-29,2006-09-04
1311,EM-DAT,2006-0548-IND,India,2006-08-31,2006-09-11
1311,EM-DAT,2006-0548-PAK,Pakistan,2006-08-31,2006-09-11
1311,EM-DAT,2006-0734-IND,India,2006-10-01,2006-10-01
1312,DFO,DFO-2970,Myanmar,2006-09-15,2006-10-19
1312,EM-DAT,2006-0544-MMR,Myanmar,2006-09-15,2006-10-19
1313,DFO,DFO-2962,Chad • Nigeria,2006-09-05,2006-10-17
1313,DFO,DFO-2967,Nigeria,2006-09-12,2006-09-13
1313,EM-DAT,2006-0445-NGA,Nigeria,2006-08-03,2006-10-11
1313,EM-DAT,2006-0711-TCD,Chad,2006-09-05,2006-10-17
1313,EM-DAT,2006-0556-NGA,Nigeria,2006-10-01,2006-10-01
1314,DFO,DFO-2957,China,2006-08-30,2006-08-31
1314,EM-DAT,2006-0481-CHN,China,2006-08-30,2006-08-31
1315,DFO,DFO-2955,Somalia,2006-08-24,2006-10-10
1315,EM-DAT,2006-0550-SOM,Somalia,2006-08-24,2006-10-10
1316,DFO,DFO-2953,United States of America,2006-08-19,2006-08-24
1316,EM-DAT,2006-0461-USA,United States of America,2006-08-19,2006-08-24
1317,DFO,DFO-2943,Ethiopia,2006-08-05,2006-08-08
1317,DFO,DFO-2946,Ethiopia,2006-08-13,2006-09-11
1317,DFO,DFO-2950,Sudan • Ethiopia,2006-08-13,2006-09-26
1317,EM-DAT,2006-0422-SDN,Sudan,2006-08-01,2006-09-01
1317,EM-DAT,2006-0422-ETH,Ethiopia,2006-08-05,2006-08-08
1317,EM-DAT,2006-0447-SDN,Sudan,2006-08-07,2006-08-07
1317,EM-DAT,2006-0436-ETH,Ethiopia,2006-08-09,2006-08-09
1317,EM-DAT,2006-0438-ETH,Ethiopia,2006-08-13,2006-09-11
1317,EM-DAT,2006-0442-ETH,Ethiopia,2006-08-13,2006-09-26
1317,EM-DAT,2006-0442-SDN,Sudan,2006-08-13,2006-09-26
1317,EM-DAT,2006-0489-ETH,Ethiopia,2006-08-23,2006-08-23
1318,DFO,DFO-2952,Uganda,2006-08-12,2006-08-21
1318,EM-DAT,2006-0462-UGA,Uganda,2006-08-12,2006-08-21
1319,DFO,DFO-2944,Somalia,2006-08-04,2006-08-09
1319,EM-DAT,2006-0422-SOM,Somalia,2006-08-04,2006-08-09
1320,DFO,DFO-2947,Burkina Faso • Niger,2006-08-03,2006-10-11
1320,EM-DAT,2006-0445-BFA,Burkina Faso,2006-08-03,2006-10-11
1320,EM-DAT,2006-0445-NER,Niger,2006-08-03,2006-10-11
1320,EM-DAT,2006-0507-BFA,Burkina Faso,2006-09-12,2006-09-12
1321,DFO,DFO-2861,China,2006-04-21,2006-05-15
1321,DFO,DFO-2865,China,2006-05-18,2006-05-22
1321,DFO,DFO-2873,China,2006-05-24,2006-05-31
1321,DFO,DFO-2877,China,2006-05-30,2006-06-09
1321,DFO,DFO-2885,China,2006-06-08,2006-06-15
1321,DFO,DFO-2887,China,2006-06-12,2006-06-16
1321,DFO,DFO-2888,China,2006-06-13,2006-06-16
1321,DFO,DFO-2889,China,2006-06-17,2006-06-19
1321,DFO,DFO-2897,China,2006-06-25,2006-06-26
1321,DFO,DFO-2898,China,2006-06-25,2006-06-26
1321,DFO,DFO-2900,China,2006-06-28,2006-07-08
1321,DFO,DFO-2901,China,2006-06-28,2006-07-06
1321,DFO,DFO-2903,China,2006-06-30,2006-07-01
1321,DFO,DFO-2906,China,2006-07-02,2006-07-05
1321,DFO,DFO-2912,China,2006-07-06,2006-07-17
1321,DFO,DFO-2914,China,2006-07-07,2006-07-11
1321,DFO,DFO-2919,China,2006-07-11,2006-07-13
1321,DFO,DFO-2921,Philippines • China,2006-07-11,2006-07-19
1321,DFO,DFO-2924,China,2006-07-14,2006-07-17
1321,DFO,DFO-2927,China,2006-07-20,2006-07-21
1321,DFO,DFO-2932,Philippines • China,2006-07-24,2006-07-28
1321,DFO,DFO-2937,Philippines,2006-07-30,2006-08-02
1321,DFO,DFO-2941,Philippines • China,2006-08-02,2006-08-06
1321,EM-DAT,2006-0199-CHN,China,2006-04-09,2006-05-11
1321,EM-DAT,2006-0250-CHN,China,2006-04-21,2006-05-15
1321,EM-DAT,2006-0732-CHN,China,2006-05-04,2006-05-08
1321,EM-DAT,2006-0266-CHN,China,2006-05-24,2006-05-31
1321,EM-DAT,2006-0264-CHN,China,2006-05-30,2006-06-09
1321,EM-DAT,2006-0300-CHN,China,2006-06-08,2006-06-15
1321,EM-DAT,2006-0298-CHN,China,2006-06-12,2006-06-16
1321,EM-DAT,2006-0297-CHN,China,2006-06-13,2006-06-16
1321,EM-DAT,2006-0323-CHN,China,2006-06-17,2006-06-19
1321,EM-DAT,2006-0339-CHN,China,2006-06-25,2006-06-26
1321,EM-DAT,2006-0340-CHN,China,2006-06-25,2006-06-26
1321,EM-DAT,2006-0337-CHN,China,2006-06-28,2006-07-08
1321,EM-DAT,2006-0336-CHN,China,2006-06-28,2006-07-06
1321,EM-DAT,2006-0371-CHN,China,2006-07-02,2006-07-05
1321,EM-DAT,2006-0367-CHN,China,2006-07-07,2006-07-11
1321,EM-DAT,2006-0364-CHN,China,2006-07-11,2006-07-13
1321,EM-DAT,2006-0394-CHN,China,2006-07-14,2006-07-17
1321,EM-DAT,2006-0392-CHN,China,2006-07-20,2006-07-21
1321,EM-DAT,2006-0448-PHL,Philippines,2006-08-01,2006-08-01
1322,DFO,DFO-2942,South Africa,2006-08-02,2006-08-04
1322,EM-DAT,2006-0431-ZAF,South Africa,2006-08-02,2006-08-04
1323,DFO,DFO-2936,Afghanistan,2006-07-30,2006-08-09
1323,EM-DAT,2006-0424-AFG,Afghanistan,2006-07-30,2006-07-30
1323,EM-DAT,2006-0416-AFG,Afghanistan,2006-07-30,2006-08-09
1324,DFO,DFO-2934,United States of America,2006-07-27,2006-07-30
1324,DFO,DFO-2939,United States of America • Mexico,2006-07-27,2006-08-07
1324,EM-DAT,2006-0413-USA,United States of America,2006-07-27,2006-08-07
1324,EM-DAT,2006-0418-USA,United States of America,2006-07-27,2006-07-30
1324,EM-DAT,2006-0413-MEX,Mexico,2006-07-27,2006-08-07
1325,DFO,DFO-2933,Switzerland,2006-07-26,2006-07-27
1325,EM-DAT,2006-0419-CHE,Switzerland,2006-07-05,2006-07-27
1326,DFO,DFO-2929,Mauritania,2006-07-22,2006-07-24
1326,EM-DAT,2006-0391-MRT,Mauritania,2006-07-22,2006-07-24
1327,DFO,DFO-2926,Japan,2006-07-19,2006-07-20
1327,DFO,DFO-2930,Japan,2006-07-22,2006-07-26
1327,EM-DAT,2006-0378-JPN,Japan,2006-06-19,2006-07-20
1327,EM-DAT,2006-0390-JPN,Japan,2006-07-22,2006-07-26
1328,DFO,DFO-2925,Nigeria,2006-07-15,2006-07-17
1328,DFO,DFO-2928,Nigeria,2006-07-18,2006-07-20
1328,EM-DAT,2006-0393-NGA,Nigeria,2006-07-15,2006-07-17
1329,DFO,DFO-2922,Republic of Korea • Democratic People's Republic of Korea,2006-07-12,2006-07-20
1329,EM-DAT,2006-0361-KOR,Republic of Korea,2006-07-12,2006-07-20
1329,EM-DAT,2006-0361-PRK,Democratic People's Republic of Korea,2006-07-12,2006-07-20
1330,DFO,DFO-2923,Russian Federation,2006-07-12,2006-07-14
1330,EM-DAT,2006-0360-RUS,Russian Federation,2006-07-12,2006-07-14
1331,DFO,DFO-2907,Afghanistan,2006-07-03,2006-07-04
1331,DFO,DFO-2908,Pakistan,2006-07-03,2006-07-04
1331,DFO,DFO-2916,Pakistan • Afghanistan,2006-07-09,2006-07-13
1331,DFO,DFO-2917,Pakistan,2006-07-11,2006-07-12
1331,EM-DAT,2006-0365-PAK,Pakistan,2006-07-09,2006-07-13
1331,EM-DAT,2006-0365-AFG,Afghanistan,2006-07-09,2006-07-13
1332,DFO,DFO-2920,Chile,2006-07-11,2006-07-17
1332,EM-DAT,2006-0363-CHL,Chile,2006-07-11,2006-07-17
1333,DFO,DFO-2915,Viet Nam,2006-07-09,2006-07-11
1333,EM-DAT,2006-0366-VNM,Viet Nam,2006-07-09,2006-07-11
1333,EM-DAT,2006-0429-VNM,Viet Nam,2006-07-18,2006-07-18
1334,DFO,DFO-2913,Cambodia,2006-07-06,2006-07-07
1334,EM-DAT,2006-0368-KHM,Cambodia,2006-07-06,2006-07-07
1335,DFO,DFO-2905,Ukraine,2006-07-02,2006-07-03
1335,EM-DAT,2006-0333-UKR,Ukraine,2006-07-02,2006-07-03
1336,DFO,DFO-2904,Türkiye,2006-07-01,2006-07-03
1336,EM-DAT,2006-0334-TUR,Türkiye,2006-07-01,2006-07-03
1337,DFO,DFO-2891,Romania,2006-06-20,2006-06-26
1337,DFO,DFO-2902,Romania,2006-06-30,2006-07-03
1337,EM-DAT,2006-0312-ROU,Romania,2006-06-19,2006-06-26
1337,EM-DAT,2006-0320-ROU,Romania,2006-06-19,2006-06-19
1337,EM-DAT,2006-0335-ROU,Romania,2006-06-30,2006-07-03
1338,DFO,DFO-2892,United States of America,2006-06-22,2006-06-25
1338,DFO,DFO-2895,United States of America,2006-06-25,2006-07-01
1338,EM-DAT,2006-0344-USA,United States of America,2006-06-22,2006-06-25
1338,EM-DAT,2006-0341-USA,United States of America,2006-06-25,2006-07-01
1339,DFO,DFO-2890,Indonesia,2006-06-19,2006-06-23
1339,DFO,DFO-2893,Indonesia,2006-06-23,2006-06-27
1339,DFO,DFO-2896,Indonesia,2006-06-25,2006-06-29
1339,EM-DAT,2006-0311-IDN,Indonesia,2006-06-19,2006-06-23
1339,EM-DAT,2006-0343-IDN,Indonesia,2006-06-23,2006-06-27
1339,EM-DAT,2006-0328-IDN,Indonesia,2006-06-24,2006-06-26
1339,EM-DAT,2006-0332-IDN,Indonesia,2006-06-25,2006-06-29
1340,DFO,DFO-2899,Honduras,2006-06-25,2006-07-01
1340,EM-DAT,2006-0338-HND,Honduras,2006-06-25,2006-07-01
1341,DFO,DFO-2886,Taiwan (Province of China),2006-06-10,2006-06-13
1341,EM-DAT,2006-0299-TWN,Taiwan (Province of China),2006-06-10,2006-06-13
1342,DFO,DFO-2851,Russian Federation,2006-04-21,2006-05-31
1342,DFO,DFO-2883,Russian Federation,2006-06-04,2006-06-12
1342,EM-DAT,2006-0225-RUS,Russian Federation,2006-04-21,2006-05-11
1342,EM-DAT,2006-0306-RUS,Russian Federation,2006-06-04,2006-06-12
1343,DFO,DFO-2884,Poland • Slovakia,2006-06-04,2006-06-06
1343,EM-DAT,2006-0302-POL,Poland,2006-06-04,2006-06-06
1343,EM-DAT,2006-0302-SVK,Slovakia,2006-06-04,2006-06-06
1344,DFO,DFO-2867,Thailand,2006-05-22,2006-06-11
1344,DFO,DFO-2875,Thailand,2006-05-31,2006-05-31
1344,EM-DAT,2006-0270-THA,Thailand,2006-05-22,2006-06-11
1345,DFO,DFO-2818,United States of America,2006-03-12,2006-03-22
1345,DFO,DFO-2820,United States of America,2006-03-14,2006-03-23
1345,DFO,DFO-2822,United States of America,2006-03-18,2006-03-25
1345,DFO,DFO-2829,United States of America,2006-03-30,2006-04-25
1345,DFO,DFO-2831,United States of America,2006-03-31,2006-04-03
1345,DFO,DFO-2834,United States of America,2006-04-04,2006-04-17
1345,DFO,DFO-2881,United States of America,2006-04-07,2006-06-03
1345,DFO,DFO-2864,United States of America,2006-05-11,2006-05-22
1345,DFO,DFO-2882,United States of America,2006-05-22,2006-05-29
1345,DFO,DFO-2871,United States of America,2006-05-25,2006-05-28
1345,DFO,DFO-2874,United States of America,2006-05-28,2006-06-02
1345,EM-DAT,2006-0182-USA,United States of America,2006-03-14,2006-03-23
1345,EM-DAT,2006-0180-USA,United States of America,2006-04-04,2006-04-17
1345,EM-DAT,2006-0260-USA,United States of America,2006-05-11,2006-05-22
1346,DFO,DFO-2872,Morocco,2006-05-26,2006-05-28
1346,EM-DAT,2006-0267-MAR,Morocco,2006-05-26,2006-05-28
1347,DFO,DFO-2841,Canada,2006-04-11,2006-05-09
1347,DFO,DFO-2845,Canada,2006-04-12,2006-04-24
1347,DFO,DFO-2849,Canada,2006-04-18,2006-04-24
1347,DFO,DFO-2852,Canada,2006-04-22,2006-05-31
1347,DFO,DFO-2868,Canada,2006-05-20,2006-05-28
1347,DFO,DFO-2880,Canada,2006-05-26,2006-06-02
1347,EM-DAT,2006-0206-CAN,Canada,2006-04-12,2006-04-20
1347,EM-DAT,2006-0203-CAN,Canada,2006-04-18,2006-04-24
1347,EM-DAT,2006-0224-CAN,Canada,2006-04-22,2006-05-31
1347,EM-DAT,2006-0269-CAN,Canada,2006-05-20,2006-05-28
1347,EM-DAT,2006-0261-CAN,Canada,2006-05-26,2006-06-02
1348,DFO,DFO-2866,Afghanistan,2006-05-19,2006-05-23
1348,EM-DAT,2006-0271-AFG,Afghanistan,2006-05-19,2006-05-23
1349,DFO,DFO-2869,Burundi,2006-05-17,2006-05-28
1349,EM-DAT,2006-0268-BDI,Burundi,2006-05-17,2006-05-28
1349,EM-DAT,2006-0259-BDI,Burundi,2006-05-18,2006-05-18
1349,EM-DAT,2006-0318-BDI,Burundi,2006-06-01,2006-06-01
1350,DFO,DFO-2863,United Republic of Tanzania,2006-05-09,2006-05-17
1350,EM-DAT,2006-0255-TZA,United Republic of Tanzania,2006-05-09,2006-05-17
1351,DFO,DFO-2860,Iran (Islamic Republic of),2006-05-08,2006-05-13
1351,EM-DAT,2006-0245-IRN,Iran (Islamic Republic of),2006-05-08,2006-05-13
1352,DFO,DFO-2858,Suriname,2006-05-07,2006-05-29
1352,EM-DAT,2006-0247-SUR,Suriname,2006-05-07,2006-05-29
1353,DFO,DFO-2855,Afghanistan,2006-04-29,2006-05-01
1353,EM-DAT,2006-0221-AFG,Afghanistan,2006-04-28,2006-05-01
1353,EM-DAT,2006-0291-AFG,Afghanistan,2006-05-01,2006-05-01
1354,DFO,DFO-2853,New Zealand,2006-04-26,2006-04-28
1354,EM-DAT,2006-0223-NZL,New Zealand,2006-04-26,2006-04-28
1355,DFO,DFO-2850,Malaysia,2006-04-20,2006-04-21
1355,EM-DAT,2006-0226-MYS,Malaysia,2006-04-20,2006-04-21
1356,DFO,DFO-2848,Indonesia,2006-04-19,2006-04-23
1356,EM-DAT,2006-0192-IDN,Indonesia,2006-04-19,2006-04-23
1357,DFO,DFO-2843,Georgia,2006-04-15,2006-04-24
1357,EM-DAT,2006-0208-GEO,Georgia,2006-04-15,2006-04-24
1358,DFO,DFO-2844,India,2006-04-15,2006-04-18
1358,EM-DAT,2006-0207-IND,India,2006-04-15,2006-04-18
1359,DFO,DFO-2846,Papua New Guinea,2006-04-12,2006-04-18
1359,EM-DAT,2006-0205-PNG,Papua New Guinea,2006-04-12,2006-04-18
1360,DFO,DFO-2847,Ethiopia,2006-04-09,2006-04-25
1360,EM-DAT,2006-0204-ETH,Ethiopia,2006-04-09,2006-04-25
1361,DFO,DFO-2838,Democratic Republic of the Congo,2006-04-08,2006-04-27
1361,EM-DAT,2006-0172-COD,Democratic Republic of the Congo,2006-04-08,2006-04-27
1362,DFO,DFO-2819,Romania,2006-03-13,2006-03-23
1362,DFO,DFO-2839,Romania • Bulgaria,2006-04-07,2006-05-24
1362,EM-DAT,2006-0156-ROU,Romania,2006-03-13,2006-04-07
1362,EM-DAT,2006-0127-ROU,Romania,2006-03-13,2006-03-23
1362,EM-DAT,2006-0209-BGR,Bulgaria,2006-04-07,2006-05-24
1362,EM-DAT,2006-0209-ROU,Romania,2006-04-07,2006-05-14
1362,EM-DAT,2006-0156-BGR,Bulgaria,2006-04-10,2006-04-13
1363,DFO,DFO-2821,Australia,2006-03-20,2006-04-17
1363,DFO,DFO-2824,Australia,2006-03-27,2006-03-29
1363,DFO,DFO-2828,Australia,2006-03-30,2006-04-05
1363,DFO,DFO-2836,Australia,2006-04-05,2006-04-10
1363,EM-DAT,2006-0179-AUS,Australia,2006-04-05,2006-04-10
1364,DFO,DFO-2832,Serbia Montenegro • Croatia,2006-04-04,2006-05-11
1364,EM-DAT,2006-0156-HRV,Croatia,2006-04-04,2006-05-11
1364,EM-DAT,2006-0156-SCG,Serbia Montenegro,2006-04-10,2006-05-07
1365,DFO,DFO-2837,Kenya,2006-04-04,2006-05-22
1365,EM-DAT,2006-0178-KEN,Kenya,2006-04-04,2006-05-22
1365,EM-DAT,2006-0234-KEN,Kenya,2006-04-25,2006-05-04
1366,DFO,DFO-2833,Yemen,2006-04-03,2006-04-06
1366,EM-DAT,2006-0165-YEM,Yemen,2006-04-03,2006-04-05
1367,DFO,DFO-2826,Czechia • Germany,2006-03-28,2006-04-17
1367,EM-DAT,2006-0156-CZE,Czechia,2006-03-28,2006-04-17
1367,EM-DAT,2006-0156-DEU,Germany,2006-03-28,2006-04-17
1368,DFO,DFO-2827,Slovakia • Hungary,2006-03-28,2006-05-09
1368,EM-DAT,2006-0156-HUN,Hungary,2006-03-28,2006-05-09
1368,EM-DAT,2006-0156-SVK,Slovakia,2006-03-28,2006-05-09
1369,DFO,DFO-2825,South Africa,2006-03-26,2006-03-30
1369,EM-DAT,2006-0181-ZAF,South Africa,2006-03-26,2006-03-30
1370,DFO,DFO-2806,Brazil,2006-02-13,2006-03-20
1370,DFO,DFO-2842,Brazil,2006-03-25,2006-04-23
1370,EM-DAT,2006-0201-BRA,Brazil,2006-03-25,2006-04-23
1371,DFO,DFO-2823,Colombia,2006-03-22,2006-06-02
1371,EM-DAT,2006-0140-COL,Colombia,2006-01-01,2006-04-27
1372,DFO,DFO-2816,Malawi,2006-03-07,2006-03-14
1372,EM-DAT,2006-0115-MWI,Malawi,2006-03-07,2006-03-14
1373,DFO,DFO-2814,Philippines,2006-03-04,2006-03-06
1373,EM-DAT,2006-0137-PHL,Philippines,2006-03-04,2006-03-06
1374,DFO,DFO-2810,Namibia,2006-02-24,2006-02-28
1374,EM-DAT,2006-0108-NAM,Namibia,2006-02-24,2006-02-28
1375,DFO,DFO-2804,Yemen,2006-02-20,2006-02-23
1375,EM-DAT,2006-0095-YEM,Yemen,2006-02-20,2006-02-23
1376,DFO,DFO-2795,Papua New Guinea,2006-02-03,2006-02-19
1376,DFO,DFO-2812,Papua New Guinea,2006-02-18,2006-02-24
1376,EM-DAT,2006-0082-PNG,Papua New Guinea,2006-02-03,2006-02-19
1377,DFO,DFO-2802,Ecuador,2006-02-16,2006-05-06
1377,EM-DAT,2006-0093-ECU,Ecuador,2006-02-16,2006-05-06
1378,DFO,DFO-2788,Indonesia,2006-01-22,2006-01-27
1378,DFO,DFO-2789,Indonesia,2006-01-26,2006-02-14
1378,DFO,DFO-2796,Indonesia,2006-02-07,2006-02-13
1378,DFO,DFO-2807,Indonesia,2006-02-13,2006-02-23
1378,EM-DAT,2006-0074-IDN,Indonesia,2006-01-26,2006-02-14
1378,EM-DAT,2006-0099-IDN,Indonesia,2006-02-13,2006-02-23
1379,DFO,DFO-2798,Malaysia • Thailand,2006-02-10,2006-02-18
1379,EM-DAT,2006-0113-MYS,Malaysia,2006-02-10,2006-02-18
1379,EM-DAT,2006-0113-THA,Thailand,2006-02-10,2006-02-18
1380,DFO,DFO-2799,Algeria,2006-02-10,2006-02-15
1380,EM-DAT,2006-0088-DZA,Algeria,2006-02-10,2006-02-15
1381,DFO,DFO-2785,Philippines,2006-01-26,2006-02-05
1381,DFO,DFO-2800,Philippines,2006-02-10,2006-02-18
1381,EM-DAT,2006-0040-PHL,Philippines,2006-01-26,2006-02-05
1382,DFO,DFO-2791,Fiji,2006-01-29,2006-02-06
1382,DFO,DFO-2794,Fiji,2006-02-04,2006-02-09
1382,EM-DAT,2006-0071-FJI,Fiji,2006-02-04,2006-02-09
1383,DFO,DFO-2797,Iraq,2006-02-04,2006-02-12
1383,EM-DAT,2006-0065-IRQ,Iraq,2006-02-04,2006-02-12
1384,DFO,DFO-2790,Norway,2006-01-30,2006-02-04
1384,EM-DAT,2006-0070-NOR,Norway,2006-01-30,2006-02-04
1385,DFO,DFO-2787,Brazil,2006-01-27,2006-01-30
1385,EM-DAT,2006-0038-BRA,Brazil,2006-01-27,2006-01-30
1386,DFO,DFO-2786,Bolivia (Plurinational State of),2006-01-25,2006-04-17
1386,EM-DAT,2006-0039-BOL,Bolivia (Plurinational State of),2006-01-25,2006-04-17
1387,DFO,DFO-2777,Indonesia,2006-01-01,2006-01-04
1387,DFO,DFO-2779,Indonesia,2006-01-08,2006-01-12
1387,EM-DAT,2005-0718-IDN,Indonesia,2005-12-31,2006-01-03
1388,DFO,DFO-2782,Guyana,2006-01-08,2006-02-14
1388,EM-DAT,2006-0041-GUY,Guyana,2006-01-08,2006-02-14
1389,DFO,DFO-2776,United States of America,2005-12-31,2006-01-18
1389,EM-DAT,2005-0716-USA,United States of America,2005-12-31,2006-01-18
1390,DFO,DFO-2775,Congo,2005-12-24,2005-12-28
1390,EM-DAT,2005-0711-COG,Congo,2005-12-24,2005-12-28
1391,DFO,DFO-2773,Malawi • Mozambique,2005-12-22,2006-02-07
1391,EM-DAT,2005-0715-MOZ,Mozambique,2005-12-22,2006-02-07
1391,EM-DAT,2005-0715-MWI,Malawi,2005-12-22,2006-02-07
1392,DFO,DFO-2772,Philippines,2005-12-05,2005-12-29
1392,EM-DAT,2005-0669-PHL,Philippines,2005-12-05,2005-12-29
1393,DFO,DFO-2770,Viet Nam,2005-12-04,2005-12-24
1393,EM-DAT,2005-0694-VNM,Viet Nam,2005-12-04,2005-12-24
1394,DFO,DFO-2769,Albania,2005-11-30,2005-12-03
1394,EM-DAT,2005-0696-ALB,Albania,2005-11-30,2005-12-03
1395,DFO,DFO-2768,Thailand • Malaysia,2005-11-23,2006-01-12
1395,EM-DAT,2005-0690-THA,Thailand,2005-11-23,2006-01-12
1395,EM-DAT,2005-0690-MYS,Malaysia,2005-11-23,2006-01-12
1395,EM-DAT,2006-0037-MYS,Malaysia,2006-01-09,2006-01-09
1396,DFO,DFO-2767,Sri Lanka,2005-11-21,2005-11-23
1396,EM-DAT,2005-0646-LKA,Sri Lanka,2005-11-21,2005-11-23
1397,DFO,DFO-2763,France,2005-11-15,2005-11-17
1397,EM-DAT,2005-0647-FRA,France,2005-11-15,2005-11-17
1398,DFO,DFO-2725,Viet Nam • Cambodia,2005-09-08,2005-11-01
1398,DFO,DFO-2732,Viet Nam,2005-09-18,2005-09-24
1398,DFO,DFO-2736,China • Viet Nam,2005-09-26,2005-10-06
1398,DFO,DFO-2743,China,2005-09-29,2005-10-06
1398,DFO,DFO-2745,China,2005-10-02,2005-10-06
1398,DFO,DFO-2746,China,2005-10-03,2005-10-06
1398,DFO,DFO-2748,Viet Nam,2005-10-07,2005-10-11
1398,DFO,DFO-2757,Viet Nam,2005-10-20,2005-10-28
1398,DFO,DFO-2760,Viet Nam,2005-11-02,2005-11-04
1398,EM-DAT,2005-0822-VNM,Viet Nam,2005-09-08,2005-09-29
1398,EM-DAT,2005-0822-KHM,Cambodia,2005-09-08,2005-09-29
1398,EM-DAT,2005-0592-CHN,China,2005-09-29,2005-10-06
1398,EM-DAT,2005-0600-CHN,China,2005-10-03,2005-10-06
1398,EM-DAT,2005-0584-VNM,Viet Nam,2005-10-07,2005-10-10
1398,EM-DAT,2005-0628-VNM,Viet Nam,2005-10-20,2005-10-28
1399,DFO,DFO-2754,India,2005-10-21,2005-10-28
1399,DFO,DFO-2758,India,2005-10-23,2005-12-09
1399,EM-DAT,2005-0599-IND,India,2005-10-21,2005-10-24
1399,EM-DAT,2005-0627-IND,India,2005-10-23,2005-11-13
1399,EM-DAT,2005-0677-IND,India,2005-12-02,2005-12-03
1400,DFO,DFO-2752,Indonesia,2005-10-18,2005-10-19
1400,EM-DAT,2005-0589-IDN,Indonesia,2005-10-18,2005-10-19
1401,DFO,DFO-2750,United Kingdom of Great Britain and Northern Ireland,2005-10-12,2005-10-14
1401,EM-DAT,2005-0582-GBR,United Kingdom of Great Britain and Northern Ireland,2005-10-12,2005-10-14
1402,DFO,DFO-2735,United States of America,2005-09-23,2005-10-01
1402,DFO,DFO-2749,United States of America,2005-10-08,2005-10-17
1402,EM-DAT,2005-0583-USA,United States of America,2005-10-08,2005-10-16
1403,DFO,DFO-2747,Bangladesh,2005-10-03,2005-10-22
1403,EM-DAT,2005-0590-BGD,Bangladesh,2005-10-03,2005-10-20
1404,DFO,DFO-2744,El Salvador • Guatemala,2005-10-01,2005-10-16
1404,EM-DAT,2005-0593-GTM,Guatemala,2005-10-03,2005-10-03
1404,EM-DAT,2005-0593-SLV,El Salvador,2005-10-03,2005-10-03
1405,DFO,DFO-2741,Canada,2005-09-27,2005-09-29
1405,EM-DAT,2005-0591-CAN,Canada,2005-09-27,2005-09-29
1406,DFO,DFO-2742,Mauritania,2005-09-27,2005-10-07
1406,EM-DAT,2005-0559-MRT,Mauritania,2005-09-27,2005-09-30
1407,DFO,DFO-2740,Mexico,2005-09-26,2005-09-29
1407,EM-DAT,2005-0601-MEX,Mexico,2005-09-26,2005-09-29
1408,DFO,DFO-2737,Nepal,2005-09-25,2005-10-02
1408,EM-DAT,2005-0556-NPL,Nepal,2005-09-24,2005-09-29
1409,DFO,DFO-2728,India,2005-09-14,2005-09-30
1409,DFO,DFO-2731,India,2005-09-16,2005-10-05
1409,DFO,DFO-2734,India,2005-09-22,2005-10-11
1409,EM-DAT,2005-0541-IND,India,2005-09-14,2005-09-20
1409,EM-DAT,2005-0539-IND,India,2005-09-16,2005-09-19
1409,EM-DAT,2005-0603-IND,India,2005-09-22,2005-10-11
1410,DFO,DFO-2733,Romania • Bulgaria,2005-09-21,2005-10-09
1410,EM-DAT,2005-0545-BGR,Bulgaria,2005-09-14,2005-10-04
1410,EM-DAT,2005-0545-ROU,Romania,2005-09-21,2005-10-09
1411,DFO,DFO-2761,Colombia,2005-09-15,2005-12-16
1411,EM-DAT,2005-0572-COL,Colombia,2005-09-15,2005-11-17
1412,DFO,DFO-2650,Georgia • Russian Federation • Kazakhstan,2005-04-25,2005-05-30
1412,DFO,DFO-2659,Russian Federation • China,2005-05-11,2005-06-07
1412,DFO,DFO-2661,China,2005-05-28,2005-05-29
1412,DFO,DFO-2663,China,2005-05-30,2005-06-10
1412,DFO,DFO-2668,China,2005-06-10,2005-06-12
1412,DFO,DFO-2671,China,2005-06-17,2005-06-25
1412,DFO,DFO-2674,China,2005-06-19,2005-06-30
1412,DFO,DFO-2684,China,2005-06-28,2005-07-19
1412,DFO,DFO-2688,China,2005-07-01,2005-08-12
1412,DFO,DFO-2693,China,2005-07-10,2005-07-18
1412,DFO,DFO-2694,Taiwan (Province of China) • China,2005-07-16,2005-07-20
1412,DFO,DFO-2696,China,2005-07-21,2005-07-22
1412,DFO,DFO-2706,China,2005-08-05,2005-08-14
1412,DFO,DFO-2711,China,2005-08-13,2005-08-20
1412,DFO,DFO-2712,China,2005-08-14,2005-09-05
1412,DFO,DFO-2722,Taiwan (Province of China) • China,2005-09-01,2005-09-04
1412,DFO,DFO-2726,China,2005-09-11,2005-09-13
1412,EM-DAT,2005-0225-GEO,Georgia,2005-04-23,2005-04-28
1412,EM-DAT,2005-0276-RUS,Russian Federation,2005-05-09,2005-05-10
1412,EM-DAT,2005-0285-RUS,Russian Federation,2005-05-11,2005-05-11
1412,EM-DAT,2005-0729-CHN,China,2005-05-28,2005-05-29
1412,EM-DAT,2005-0307-CHN,China,2005-06-10,2005-06-12
1412,EM-DAT,2005-0730-CHN,China,2005-06-17,2005-06-25
1412,EM-DAT,2005-0344-CHN,China,2005-06-19,2005-06-30
1412,EM-DAT,2005-0334-CHN,China,2005-06-28,2005-07-10
1412,EM-DAT,2005-0751-CHN,China,2005-07-01,2005-08-12
1412,EM-DAT,2005-0505-CHN,China,2005-07-21,2005-07-22
1412,EM-DAT,2005-0475-CHN,China,2005-08-13,2005-08-20
1412,EM-DAT,2005-0474-CHN,China,2005-08-14,2005-09-05
1413,DFO,DFO-2727,Afghanistan,2005-09-11,2005-09-12
1413,EM-DAT,2005-0511-AFG,Afghanistan,2005-09-11,2005-09-12
1414,DFO,DFO-2724,France,2005-09-07,2005-09-09
1414,EM-DAT,2005-0516-FRA,France,2005-09-07,2005-09-09
1415,DFO,DFO-2738,Sudan,2005-08-29,2005-09-06
1415,EM-DAT,2005-0576-SDN,Sudan,2005-08-29,2005-09-06
1416,DFO,DFO-2718,India,2005-08-26,2005-08-30
1416,EM-DAT,2005-0471-IND,India,2005-08-26,2005-08-28
1417,DFO,DFO-2716,Switzerland • Austria,2005-08-21,2005-08-26
1417,EM-DAT,2005-0451-CHE,Switzerland,2005-08-19,2005-08-26
1417,EM-DAT,2005-0451-AUT,Austria,2005-08-21,2005-08-26
1418,DFO,DFO-2717,Mexico,2005-08-21,2005-08-30
1418,EM-DAT,2005-0470-MEX,Mexico,2005-08-21,2005-08-30
1419,DFO,DFO-2715,Ethiopia,2005-08-20,2005-09-07
1419,EM-DAT,2005-0472-ETH,Ethiopia,2005-08-19,2005-09-01
1419,EM-DAT,2005-0485-ETH,Ethiopia,2005-09-01,2005-09-01
1420,DFO,DFO-2729,Senegal,2005-08-20,2005-09-10
1420,EM-DAT,2005-0448-SEN,Senegal,2005-08-20,2005-09-10
1421,DFO,DFO-2713,Sierra Leone,2005-08-14,2005-08-16
1421,EM-DAT,2005-0443-SLE,Sierra Leone,2005-08-14,2005-08-16
1422,DFO,DFO-2714,Romania • Republic of Moldova,2005-08-14,2005-09-02
1422,EM-DAT,2005-0473-ROU,Romania,2005-08-14,2005-09-02
1422,EM-DAT,2005-0519-MDA,Republic of Moldova,2005-08-18,2005-08-19
1423,DFO,DFO-2709,Thailand,2005-08-13,2005-09-26
1423,EM-DAT,2005-0435-THA,Thailand,2005-08-13,2005-08-31
1424,DFO,DFO-2708,Iran (Islamic Republic of),2005-08-09,2005-08-11
1424,EM-DAT,2005-0426-IRN,Iran (Islamic Republic of),2005-08-09,2005-08-11
1424,EM-DAT,2005-0436-IRN,Iran (Islamic Republic of),2005-08-15,2005-08-15
1425,DFO,DFO-2707,Central African Republic,2005-08-08,2005-08-25
1425,EM-DAT,2005-0425-CAF,Central African Republic,2005-08-08,2005-08-25
1426,DFO,DFO-2721,Nigeria,2005-08-07,2005-09-16
1426,EM-DAT,2005-0423-NGA,Nigeria,2005-08-07,2005-09-16
1427,DFO,DFO-2705,Bulgaria,2005-08-04,2005-08-11
1427,EM-DAT,2005-0473-BGR,Bulgaria,2005-08-04,2005-08-11
1427,EM-DAT,2005-0727-BGR,Bulgaria,2005-08-04,2005-08-11
1428,DFO,DFO-2702,Türkiye,2005-08-02,2005-08-03
1428,EM-DAT,2005-0415-TUR,Türkiye,2005-08-02,2005-08-03
1429,DFO,DFO-2703,Republic of Korea,2005-08-02,2005-08-04
1429,EM-DAT,2005-0392-KOR,Republic of Korea,2005-08-02,2005-08-04
1430,DFO,DFO-2701,Iran (Islamic Republic of),2005-07-31,2005-08-01
1430,EM-DAT,2005-0414-IRN,Iran (Islamic Republic of),2005-07-31,2005-08-01
1431,DFO,DFO-2667,Tajikistan,2005-06-08,2005-06-10
1431,DFO,DFO-2670,Tajikistan • Afghanistan,2005-06-15,2005-07-21
1431,DFO,DFO-2675,Pakistan • Afghanistan,2005-06-21,2005-08-05
1431,DFO,DFO-2676,Bangladesh,2005-06-23,2005-06-30
1431,DFO,DFO-2678,India,2005-06-26,2005-06-29
1431,DFO,DFO-2680,India,2005-06-28,2005-07-15
1431,DFO,DFO-2682,India,2005-06-29,2005-07-03
1431,DFO,DFO-2686,India,2005-07-02,2005-07-15
1431,DFO,DFO-2689,Pakistan • India,2005-07-05,2005-08-14
1431,DFO,DFO-2690,India • Bangladesh,2005-07-07,2005-07-27
1431,DFO,DFO-2698,India,2005-07-23,2005-08-16
1431,DFO,DFO-2697,India,2005-07-24,2005-08-05
1431,DFO,DFO-2700,India,2005-07-30,2005-08-03
1431,EM-DAT,2005-0304-TJK,Tajikistan,2005-06-08,2005-06-10
1431,EM-DAT,2005-0322-AFG,Afghanistan,2005-06-16,2005-06-17
1431,EM-DAT,2005-0360-PAK,Pakistan,2005-06-21,2005-08-05
1431,EM-DAT,2005-0360-AFG,Afghanistan,2005-06-21,2005-08-05
1431,EM-DAT,2005-0361-IND,India,2005-06-26,2005-06-29
1431,EM-DAT,2005-0335-IND,India,2005-06-28,2005-07-15
1431,EM-DAT,2005-0398-IND,India,2005-07-02,2005-07-15
1431,EM-DAT,2005-0746-IND,India,2005-07-05,2005-08-14
1431,EM-DAT,2005-0746-PAK,Pakistan,2005-07-05,2005-08-14
1431,EM-DAT,2005-0375-IND,India,2005-07-07,2005-07-28
1431,EM-DAT,2005-0375-BGD,Bangladesh,2005-07-07,2005-07-27
1431,EM-DAT,2005-0354-IND,India,2005-07-09,2005-07-09
1431,EM-DAT,2005-0399-IND,India,2005-07-10,2005-07-10
1431,EM-DAT,2005-0504-IND,India,2005-07-23,2005-08-16
1431,EM-DAT,2005-0370-TJK,Tajikistan,2005-07-23,2005-07-23
1431,EM-DAT,2005-0409-IND,India,2005-07-24,2005-08-05
1432,DFO,DFO-2695,Malaysia,2005-07-17,2005-07-19
1432,EM-DAT,2005-0506-MYS,Malaysia,2005-07-17,2005-07-19
1433,DFO,DFO-2687,Romania • Bulgaria,2005-07-02,2005-07-16
1433,DFO,DFO-2692,Romania,2005-07-12,2005-07-28
1433,EM-DAT,2005-0337-ROU,Romania,2005-07-01,2005-07-06
1433,EM-DAT,2005-0338-BGR,Bulgaria,2005-07-02,2005-07-06
1433,EM-DAT,2005-0365-ROU,Romania,2005-07-12,2005-07-28
1434,DFO,DFO-2683,Australia,2005-06-30,2005-07-03
1434,EM-DAT,2005-0523-AUS,Australia,2005-06-30,2005-07-03
1435,DFO,DFO-2685,Democratic People's Republic of Korea,2005-06-30,2005-07-02
1435,EM-DAT,2005-0371-PRK,Democratic People's Republic of Korea,2005-06-30,2005-07-02
1436,DFO,DFO-2679,Chile,2005-06-26,2005-06-28
1436,EM-DAT,2005-0393-CHL,Chile,2005-06-26,2005-06-28
1437,DFO,DFO-2677,El Salvador • Honduras,2005-06-24,2005-06-27
1437,EM-DAT,2005-0348-SLV,El Salvador,2005-06-24,2005-06-27
1437,EM-DAT,2005-0348-HND,Honduras,2005-06-24,2005-06-27
1438,DFO,DFO-2672,Kenya,2005-06-17,2005-06-20
1438,EM-DAT,2005-0526-KEN,Kenya,2005-06-17,2005-06-20
1439,DFO,DFO-2669,Taiwan (Province of China),2005-06-11,2005-06-17
1439,EM-DAT,2005-0396-TWN,Taiwan (Province of China),2005-06-11,2005-06-17
1440,DFO,DFO-2666,Canada,2005-06-07,2005-07-01
1440,EM-DAT,2005-0728-CAN,Canada,2005-06-07,2005-07-01
1441,DFO,DFO-2656,Brazil,2005-05-24,2005-05-27
1441,DFO,DFO-2664,Brazil,2005-06-01,2005-06-04
1441,EM-DAT,2005-0296-BRA,Brazil,2005-06-01,2005-06-04
1442,DFO,DFO-2660,Bulgaria,2005-05-26,2005-06-13
1442,EM-DAT,2005-0265-BGR,Bulgaria,2005-05-26,2005-06-13
1443,DFO,DFO-2657,Bangladesh,2005-05-25,2005-05-28
1443,EM-DAT,2005-0261-BGD,Bangladesh,2005-05-25,2005-05-28
1444,DFO,DFO-2658,Finland,2005-05-25,2005-05-31
1444,EM-DAT,2005-0313-FIN,Finland,2005-05-25,2005-05-31
1445,DFO,DFO-2655,New Zealand,2005-05-18,2005-05-21
1445,EM-DAT,2005-0302-NZL,New Zealand,2005-05-18,2005-05-21
1446,DFO,DFO-2653,Afghanistan,2005-05-04,2005-05-08
1446,EM-DAT,2005-0281-AFG,Afghanistan,2005-05-04,2005-05-08
1447,DFO,DFO-2652,Kenya • Uganda,2005-05-03,2005-06-03
1447,EM-DAT,2005-0215-KEN,Kenya,2005-04-23,2005-04-26
1447,EM-DAT,2005-0260-KEN,Kenya,2005-05-18,2005-05-24
1448,DFO,DFO-2651,Indonesia,2005-04-26,2005-04-27
1448,EM-DAT,2005-0223-IDN,Indonesia,2005-04-26,2005-04-27
1449,DFO,DFO-2649,Ethiopia • Somalia,2005-04-23,2005-06-14
1449,EM-DAT,2005-0215-SOM,Somalia,2005-04-23,2005-06-14
1449,EM-DAT,2005-0215-ETH,Ethiopia,2005-04-23,2005-04-26
1449,EM-DAT,2005-0258-ETH,Ethiopia,2005-05-20,2005-05-22
1449,EM-DAT,2005-0309-SOM,Somalia,2005-06-04,2005-06-05
1450,DFO,DFO-2648,Romania • Serbia,2005-04-18,2005-06-04
1450,EM-DAT,2005-0214-ROU,Romania,2005-04-21,2005-06-04
1451,DFO,DFO-2647,United Republic of Tanzania,2005-04-16,2005-04-18
1451,EM-DAT,2005-0212-TZA,United Republic of Tanzania,2005-04-16,2005-04-18
1452,DFO,DFO-2646,Colombia,2005-04-11,2005-04-14
1452,EM-DAT,2005-0196-COL,Colombia,2005-04-12,2005-05-07
1453,DFO,DFO-2645,United States of America,2005-04-01,2005-04-06
1453,EM-DAT,2005-0203-USA,United States of America,2005-04-01,2005-04-06
1454,DFO,DFO-2632,Afghanistan,2005-03-05,2005-04-05
1454,DFO,DFO-2639,Afghanistan,2005-03-15,2005-03-18
1454,DFO,DFO-2644,Afghanistan,2005-03-29,2005-03-30
1454,EM-DAT,2005-0101-AFG,Afghanistan,2005-03-05,2005-04-05
1454,EM-DAT,2005-0169-AFG,Afghanistan,2005-03-05,2005-03-25
1455,DFO,DFO-2642,Madagascar,2005-03-24,2005-03-26
1455,EM-DAT,2005-0165-MDG,Madagascar,2005-03-24,2005-03-26
1456,DFO,DFO-2641,Pakistan,2005-03-20,2005-03-24
1456,EM-DAT,2005-0192-PAK,Pakistan,2005-03-20,2005-03-24
1457,DFO,DFO-2640,Poland • Romania,2005-03-17,2005-04-08
1457,EM-DAT,2005-0131-ROU,Romania,2005-03-17,2005-03-25
1457,EM-DAT,2005-0131-POL,Poland,2005-03-17,2005-04-08
1458,DFO,DFO-2635,Iran (Islamic Republic of),2005-03-11,2005-03-12
1458,EM-DAT,2005-0113-IRN,Iran (Islamic Republic of),2005-03-11,2005-03-12
1459,DFO,DFO-2629,Kazakhstan • Uzbekistan,2005-02-24,2005-03-23
1459,DFO,DFO-2636,China • Kazakhstan,2005-03-11,2005-03-22
1459,EM-DAT,2005-0116-KAZ,Kazakhstan,2005-02-24,2005-03-23
1459,EM-DAT,2005-0116-UZB,Uzbekistan,2005-02-24,2005-03-13
1460,DFO,DFO-2634,Algeria,2005-03-06,2005-03-09
1460,EM-DAT,2005-0095-DZA,Algeria,2005-03-06,2005-03-09
1461,DFO,DFO-2631,Pakistan,2005-03-02,2005-03-08
1461,EM-DAT,2005-0170-PAK,Pakistan,2005-03-02,2005-03-08
1462,DFO,DFO-2633,Madagascar,2005-03-02,2005-03-15
1462,EM-DAT,2005-0097-MDG,Madagascar,2005-03-02,2005-03-15
1463,DFO,DFO-2623,Venezuela (Bolivarian Republic of),2005-02-07,2005-02-14
1463,DFO,DFO-2625,Colombia • Venezuela (Bolivarian Republic of),2005-02-11,2005-02-26
1463,EM-DAT,2005-0073-VEN,Venezuela (Bolivarian Republic of),2005-02-07,2005-02-14
1463,EM-DAT,2005-0083-COL,Colombia,2005-02-11,2005-02-26
1464,DFO,DFO-2624,Pakistan,2005-02-09,2005-02-16
1464,EM-DAT,2005-0079-PAK,Pakistan,2005-02-09,2005-02-16
1465,DFO,DFO-2618,Brazil,2005-01-29,2005-01-31
1465,DFO,DFO-2621,Brazil,2005-02-01,2005-02-11
1465,EM-DAT,2005-0054-BRA,Brazil,2005-01-29,2005-02-11
1466,DFO,DFO-2620,Angola,2005-01-27,2005-03-28
1466,EM-DAT,2005-0137-AGO,Angola,2005-01-27,2005-03-28
1467,DFO,DFO-2617,Mozambique,2005-01-25,2005-02-09
1467,EM-DAT,2005-0075-MOZ,Mozambique,2005-01-25,2005-02-09
1468,DFO,DFO-2614,Saudi Arabia,2005-01-22,2005-01-27
1468,EM-DAT,2005-0028-SAU,Saudi Arabia,2005-01-22,2005-01-27
1469,DFO,DFO-2613,Guyana,2005-01-15,2005-02-25
1469,EM-DAT,2005-0042-GUY,Guyana,2005-01-15,2005-02-25
1470,DFO,DFO-2611,Costa Rica • Panama,2005-01-11,2005-01-18
1470,EM-DAT,2005-0021-CRI,Costa Rica,2005-01-11,2005-01-18
1470,EM-DAT,2005-0021-PAN,Panama,2005-01-11,2005-01-18
1471,DFO,DFO-2606,United States of America,2005-01-05,2005-02-01
1471,DFO,DFO-2608,United States of America,2005-01-08,2005-01-11
1471,DFO,DFO-2610,United States of America,2005-01-10,2005-01-13
1471,EM-DAT,2005-0015-USA,United States of America,2005-01-07,2005-01-11
1472,DFO,DFO-2602,Angola,2004-12-18,2004-12-19
1472,EM-DAT,2004-0661-AGO,Angola,2004-12-18,2004-12-19
1473,DFO,DFO-2601,Sri Lanka,2004-12-11,2004-12-23
1473,EM-DAT,2004-0652-LKA,Sri Lanka,2004-12-11,2004-12-23
1474,DFO,DFO-2600,Malaysia • Thailand,2004-12-10,2004-12-18
1474,EM-DAT,2004-0635-THA,Thailand,2004-12-10,2004-12-18
1474,EM-DAT,2004-0635-MYS,Malaysia,2004-12-10,2004-12-18
1475,DFO,DFO-2599,Iran (Islamic Republic of),2004-12-09,2005-01-01
1475,EM-DAT,2004-0626-IRN,Iran (Islamic Republic of),2004-12-09,2004-12-28
1476,DFO,DFO-2598,Australia,2004-12-08,2004-12-22
1476,EM-DAT,2004-0662-AUS,Australia,2004-12-08,2004-12-22
1477,DFO,DFO-2586,Paraguay • Argentina,2004-11-07,2004-12-15
1477,DFO,DFO-2596,Argentina,2004-12-06,2004-12-10
1477,EM-DAT,2004-0624-ARG,Argentina,2004-12-06,2004-12-10
1478,DFO,DFO-2594,Albania,2004-12-04,2004-12-08
1478,EM-DAT,2004-0633-ALB,Albania,2004-12-04,2004-12-08
1479,DFO,DFO-2590,Panama,2004-11-23,2004-11-26
1479,EM-DAT,2004-0615-PAN,Panama,2004-11-23,2004-11-26
1480,DFO,DFO-2585,Venezuela (Bolivarian Republic of),2004-11-17,2004-11-25
1480,DFO,DFO-2588,Venezuela (Bolivarian Republic of),2004-11-20,2004-11-27
1480,EM-DAT,2004-0676-VEN,Venezuela (Bolivarian Republic of),2004-11-17,2004-11-25
1481,DFO,DFO-2583,Uganda,2004-11-08,2004-11-10
1481,EM-DAT,2004-0591-UGA,Uganda,2004-11-08,2004-11-10
1482,DFO,DFO-2577,Central African Republic,2004-10-24,2004-11-02
1482,EM-DAT,2004-0541-CAF,Central African Republic,2004-10-24,2004-11-02
1483,DFO,DFO-2571,Australia,2004-10-19,2004-10-22
1483,EM-DAT,2004-0537-AUS,Australia,2004-10-19,2004-10-22
1484,DFO,DFO-2574,Colombia,2004-10-11,2004-11-30
1484,EM-DAT,2004-0520-COL,Colombia,2004-10-11,2004-10-26
1485,DFO,DFO-2507,India • Bangladesh,2004-06-20,2004-10-07
1485,DFO,DFO-2541,India • Pakistan,2004-08-01,2004-09-08
1485,DFO,DFO-2570,India • Bangladesh,2004-10-07,2004-10-18
1485,EM-DAT,2004-0298-IND,India,2004-06-20,2004-08-01
1485,EM-DAT,2004-0298-BGD,Bangladesh,2004-06-20,2004-08-03
1485,EM-DAT,2004-0734-PAK,Pakistan,2004-08-01,2004-09-08
1485,EM-DAT,2004-0734-IND,India,2004-08-01,2004-09-08
1485,EM-DAT,2004-0470-BGD,Bangladesh,2004-09-11,2004-09-18
1485,EM-DAT,2004-0489-IND,India,2004-09-20,2004-09-22
1485,EM-DAT,2004-0509-IND,India,2004-10-07,2004-10-18
1485,EM-DAT,2004-0509-BGD,Bangladesh,2004-10-07,2004-10-18
1486,DFO,DFO-2567,Panama,2004-09-17,2004-09-19
1486,EM-DAT,2004-0476-PAN,Panama,2004-09-17,2004-09-19
1487,DFO,DFO-2564,Democratic People's Republic of Korea • Republic of Korea,2004-09-11,2004-09-13
1487,EM-DAT,2004-0500-KOR,Republic of Korea,2004-09-11,2004-09-12
1487,EM-DAT,2004-0500-PRK,Democratic People's Republic of Korea,2004-09-11,2004-09-13
1488,DFO,DFO-2559,China,2004-09-03,2004-09-09
1488,EM-DAT,2004-0457-CHN,China,2004-09-02,2004-09-07
1489,DFO,DFO-2558,Russian Federation,2004-08-31,2004-09-01
1489,EM-DAT,2004-0454-RUS,Russian Federation,2004-08-31,2004-09-01
1490,DFO,DFO-2555,Viet Nam • Cambodia,2004-08-24,2004-10-21
1490,EM-DAT,2004-0735-KHM,Cambodia,2004-08-24,2004-10-21
1490,EM-DAT,2004-0735-VNM,Viet Nam,2004-08-24,2004-10-21
1491,DFO,DFO-2553,Nigeria,2004-08-21,2004-08-23
1491,EM-DAT,2004-0434-NGA,Nigeria,2004-08-21,2004-08-23
1492,DFO,DFO-2549,United Kingdom of Great Britain and Northern Ireland,2004-08-16,2004-08-17
1492,EM-DAT,2004-0423-GBR,United Kingdom of Great Britain and Northern Ireland,2004-08-16,2004-08-17
1493,DFO,DFO-2551,Japan • Republic of Korea,2004-08-16,2004-08-19
1493,EM-DAT,2004-0381-KOR,Republic of Korea,2004-08-15,2004-08-22
1494,DFO,DFO-2552,Türkiye,2004-08-16,2004-08-17
1494,EM-DAT,2004-0424-TUR,Türkiye,2004-08-16,2004-08-17
1495,DFO,DFO-2545,Nigeria,2004-08-08,2004-08-10
1495,DFO,DFO-2546,Nigeria,2004-08-08,2004-08-12
1495,EM-DAT,2004-0402-NGA,Nigeria,2004-08-08,2004-08-10
1495,EM-DAT,2004-0413-NGA,Nigeria,2004-08-08,2004-08-12
1496,DFO,DFO-2544,South Africa,2004-08-07,2004-08-09
1496,EM-DAT,2004-0398-ZAF,South Africa,2004-08-07,2004-08-09
1497,DFO,DFO-2536,Thailand,2004-07-27,2004-08-02
1497,DFO,DFO-2543,Thailand,2004-08-06,2004-10-03
1497,EM-DAT,2004-0441-THA,Thailand,2004-08-06,2004-08-30
1497,EM-DAT,2004-0501-THA,Thailand,2004-09-15,2004-09-15
1498,DFO,DFO-2532,Romania,2004-07-28,2004-08-02
1498,EM-DAT,2004-0365-ROU,Romania,2004-07-28,2004-08-01
1499,DFO,DFO-2534,Slovakia • Poland,2004-07-27,2004-08-10
1499,EM-DAT,2004-0369-SVK,Slovakia,2004-07-27,2004-08-02
1499,EM-DAT,2004-0369-POL,Poland,2004-07-27,2004-08-10
1500,DFO,DFO-2528,New Zealand,2004-07-18,2004-07-29
1500,EM-DAT,2004-0404-NZL,New Zealand,2004-07-18,2004-07-18
1501,DFO,DFO-2530,Viet Nam,2004-07-18,2004-07-28
1501,EM-DAT,2004-0354-VNM,Viet Nam,2004-07-18,2004-07-28
1502,DFO,DFO-2502,China,2004-06-14,2004-06-16
1502,DFO,DFO-2508,China,2004-06-20,2004-06-25
1502,DFO,DFO-2515,China,2004-06-28,2004-06-30
1502,DFO,DFO-2518,China,2004-07-04,2004-07-23
1502,DFO,DFO-2533,China,2004-07-12,2004-07-30
1502,DFO,DFO-2522,China,2004-07-14,2004-07-27
1502,DFO,DFO-2525,China,2004-07-16,2004-07-30
1502,DFO,DFO-2527,China,2004-07-17,2004-07-30
1502,EM-DAT,2004-0287-CHN,China,2004-06-14,2004-06-16
1502,EM-DAT,2004-0284-CHN,China,2004-06-20,2004-06-25
1502,EM-DAT,2004-0299-CHN,China,2004-06-22,2004-06-23
1502,EM-DAT,2004-0306-CHN,China,2004-06-28,2004-06-30
1502,EM-DAT,2004-0372-CHN,China,2004-07-15,2004-07-20
1503,DFO,DFO-2526,Afghanistan,2004-07-16,2004-07-19
1503,EM-DAT,2004-0349-AFG,Afghanistan,2004-07-13,2004-07-19
1504,DFO,DFO-2523,Canada,2004-07-15,2004-07-17
1504,EM-DAT,2004-0346-CAN,Canada,2004-07-13,2004-07-16
1505,DFO,DFO-2524,Republic of Korea • Democratic People's Republic of Korea,2004-07-15,2004-07-25
1505,EM-DAT,2004-0381-PRK,Democratic People's Republic of Korea,2004-07-24,2004-07-25
1506,DFO,DFO-2529,Georgia,2004-07-15,2004-07-20
1506,EM-DAT,2004-0401-GEO,Georgia,2004-07-15,2004-07-20
1507,DFO,DFO-2521,Japan,2004-07-13,2004-07-18
1507,EM-DAT,2004-0339-JPN,Japan,2004-07-12,2004-07-14
1508,DFO,DFO-2485,United States of America,2004-05-22,2004-05-26
1508,DFO,DFO-2488,United States of America,2004-05-27,2004-06-01
1508,DFO,DFO-2491,United States of America,2004-06-03,2004-10-11
1508,DFO,DFO-2520,United States of America,2004-07-12,2004-07-15
1508,EM-DAT,2004-0248-USA,United States of America,2004-05-28,2004-05-28
1508,EM-DAT,2004-0675-USA,United States of America,2004-07-12,2004-07-14
1509,DFO,DFO-2519,Nepal • Bhutan,2004-07-05,2004-08-11
1509,EM-DAT,2004-0298-NPL,Nepal,2004-07-05,2004-07-13
1509,EM-DAT,2004-0298-BTN,Bhutan,2004-07-05,2004-08-11
1510,DFO,DFO-2517,Chile,2004-06-30,2004-07-01
1510,EM-DAT,2004-0307-CHL,Chile,2004-06-30,2004-07-01
1511,DFO,DFO-2514,Philippines,2004-06-28,2004-06-30
1511,DFO,DFO-2516,Philippines • Taiwan (Province of China),2004-06-29,2004-07-13
1511,EM-DAT,2004-0311-PHL,Philippines,2004-06-28,2004-06-30
1512,DFO,DFO-2503,Nigeria,2004-06-17,2004-06-18
1512,DFO,DFO-2509,Nigeria,2004-06-22,2004-06-25
1512,EM-DAT,2004-0268-NGA,Nigeria,2004-06-17,2004-06-18
1512,EM-DAT,2004-0315-NGA,Nigeria,2004-06-22,2004-06-25
1513,DFO,DFO-2504,Brazil,2004-06-17,2004-06-18
1513,EM-DAT,2004-0317-BRA,Brazil,2004-06-17,2004-06-18
1514,DFO,DFO-2499,Mexico,2004-06-12,2004-06-15
1514,EM-DAT,2004-0259-MEX,Mexico,2004-06-12,2004-06-12
1515,DFO,DFO-2496,India,2004-06-09,2004-06-11
1515,EM-DAT,2004-0321-IND,India,2004-06-09,2004-06-11
1516,DFO,DFO-2487,China,2004-05-27,2004-05-28
1516,DFO,DFO-2489,China,2004-05-31,2004-06-01
1516,DFO,DFO-2493,China,2004-06-05,2004-06-06
1516,EM-DAT,2004-0247-CHN,China,2004-05-27,2004-05-28
1516,EM-DAT,2004-0303-CHN,China,2004-06-05,2004-06-06
1517,DFO,DFO-2492,North Macedonia,2004-06-04,2004-06-07
1517,EM-DAT,2004-0252-MKD,North Macedonia,2004-06-04,2004-06-07
1518,DFO,DFO-2490,Brazil,2004-06-01,2004-06-02
1518,EM-DAT,2004-0236-BRA,Brazil,2004-06-01,2004-06-02
1519,DFO,DFO-2486,Dominican Republic • Haiti,2004-05-23,2004-06-01
1519,EM-DAT,2004-0231-DOM,Dominican Republic,2004-05-23,2004-06-01
1519,EM-DAT,2004-0231-HTI,Haiti,2004-05-23,2004-06-01
1520,DFO,DFO-2483,China,2004-05-13,2004-05-17
1520,EM-DAT,2004-0325-CHN,China,2004-05-13,2004-05-17
1521,DFO,DFO-2481,Costa Rica,2004-05-10,2004-05-11
1521,EM-DAT,2004-0214-CRI,Costa Rica,2004-05-10,2004-05-11
1522,DFO,DFO-2474,Viet Nam,2004-04-16,2004-04-17
1522,EM-DAT,2004-0328-VNM,Viet Nam,2004-04-16,2004-04-17
1523,DFO,DFO-2463,Russian Federation • Belarus • Latvia • Ukraine,2004-03-30,2004-05-05
1523,DFO,DFO-2471,Russian Federation,2004-04-14,2004-05-16
1523,EM-DAT,2004-0164-RUS,Russian Federation,2004-03-30,2004-04-09
1523,EM-DAT,2004-0172-RUS,Russian Federation,2004-04-14,2004-05-18
1524,DFO,DFO-2472,Saudi Arabia,2004-04-14,2004-04-16
1524,EM-DAT,2004-0180-SAU,Saudi Arabia,2004-04-14,2004-04-16
1525,DFO,DFO-2473,Bangladesh • India,2004-04-14,2004-05-03
1525,EM-DAT,2004-0178-IND,India,2004-04-10,2004-04-14
1526,DFO,DFO-2460,Bosnia and Herzegovina • Croatia,2004-03-23,2004-04-03
1526,DFO,DFO-2469,Bosnia and Herzegovina • Croatia,2004-04-12,2004-05-02
1526,EM-DAT,2004-0169-BIH,Bosnia and Herzegovina,2004-03-23,2004-04-03
1526,EM-DAT,2004-0163-BIH,Bosnia and Herzegovina,2004-04-06,2004-05-02
1527,DFO,DFO-2470,Djibouti,2004-04-12,2004-04-16
1527,EM-DAT,2004-0158-DJI,Djibouti,2004-04-12,2004-04-16
1528,DFO,DFO-2467,Kenya,2004-04-09,2004-05-11
1528,EM-DAT,2004-0152-KEN,Kenya,2004-04-09,2004-04-12
1528,EM-DAT,2004-0194-KEN,Kenya,2004-04-09,2004-05-11
1529,DFO,DFO-2464,Mexico,2004-04-04,2004-04-06
1529,EM-DAT,2004-0141-MEX,Mexico,2004-04-04,2004-04-06
1530,DFO,DFO-2462,United States of America • Canada,2004-03-28,2004-04-11
1530,EM-DAT,2004-0146-CAN,Canada,2004-03-28,2004-04-11
1530,EM-DAT,2004-0146-USA,United States of America,2004-03-28,2004-04-11
1531,DFO,DFO-2454,Malaysia,2004-03-08,2004-03-13
1531,EM-DAT,2004-0119-MYS,Malaysia,2004-03-08,2004-03-11
1532,DFO,DFO-2449,Papua New Guinea,2004-03-05,2004-03-09
1532,EM-DAT,2004-0104-PNG,Papua New Guinea,2004-03-05,2004-03-09
1533,DFO,DFO-2450,Türkiye • Armenia,2004-03-05,2004-03-09
1533,EM-DAT,2004-0102-ARM,Armenia,2004-03-05,2004-03-09
1533,EM-DAT,2004-0102-TUR,Türkiye,2004-03-05,2004-03-09
1534,DFO,DFO-2417,Australia,2004-01-14,2004-02-25
1534,DFO,DFO-2424,Australia,2004-01-29,2004-02-05
1534,DFO,DFO-2436,Australia,2004-02-13,2004-02-17
1534,DFO,DFO-2441,Australia,2004-02-18,2004-03-10
1534,DFO,DFO-2442,Australia,2004-02-20,2004-03-07
1534,DFO,DFO-2444,Australia,2004-03-01,2004-03-09
1534,EM-DAT,2004-0091-AUS,Australia,2004-01-14,2004-02-25
1535,DFO,DFO-2393,Brazil,2003-11-29,2003-11-30
1535,DFO,DFO-2418,Brazil,2004-01-10,2004-03-08
1535,DFO,DFO-2440,Brazil,2004-02-11,2004-05-05
1535,DFO,DFO-2443,Bolivia (Plurinational State of) • Brazil,2004-02-23,2004-04-01
1535,EM-DAT,2003-0579-BRA,Brazil,2003-11-29,2003-11-29
1535,EM-DAT,2003-0673-BRA,Brazil,2003-12-01,2004-02-19
1536,DFO,DFO-2437,Indonesia,2004-02-17,2004-02-25
1536,DFO,DFO-2438,Indonesia,2004-02-18,2004-02-23
1536,DFO,DFO-2439,Indonesia,2004-02-22,2004-02-25
1536,EM-DAT,2004-0098-IDN,Indonesia,2004-02-18,2004-02-23
1537,DFO,DFO-2435,New Zealand,2004-02-13,2004-02-25
1537,EM-DAT,2004-0067-NZL,New Zealand,2004-02-13,2004-02-25
1538,DFO,DFO-2434,Philippines,2004-02-11,2004-02-25
1538,EM-DAT,2004-0087-PHL,Philippines,2004-02-11,2004-02-26
1539,DFO,DFO-2425,Angola • Namibia,2004-01-27,2004-03-01
1539,DFO,DFO-2430,Namibia • Zambia,2004-02-01,2004-06-02
1539,EM-DAT,2004-0019-AGO,Angola,2004-01-27,2004-03-01
1539,EM-DAT,2004-0159-NAM,Namibia,2004-02-01,2004-06-02
1539,EM-DAT,2004-0159-ZMB,Zambia,2004-02-01,2004-06-02
1539,EM-DAT,2004-0159-AGO,Angola,2004-02-01,2004-06-02
1539,EM-DAT,2004-0149-NAM,Namibia,2004-03-01,2004-03-01
1540,DFO,DFO-2422,Malaysia,2004-01-24,2004-02-03
1540,EM-DAT,2004-0050-MYS,Malaysia,2004-01-24,2004-02-03
1541,DFO,DFO-2419,Afghanistan,2004-01-15,2004-01-17
1541,EM-DAT,2004-0022-AFG,Afghanistan,2004-01-15,2004-01-17
1542,DFO,DFO-2409,Bolivia (Plurinational State of),2003-12-22,2003-12-26
1542,DFO,DFO-2416,Bolivia (Plurinational State of),2004-01-10,2004-01-11
1542,EM-DAT,2003-0621-BOL,Bolivia (Plurinational State of),2003-12-22,2004-01-22
1543,DFO,DFO-2414,Peru,2004-01-08,2004-01-10
1543,EM-DAT,2003-0644-PER,Peru,2003-12-28,2004-01-14
1544,DFO,DFO-2408,United Republic of Tanzania,2003-12-20,2003-12-21
1544,EM-DAT,2003-0620-TZA,United Republic of Tanzania,2003-12-20,2003-12-21
1545,DFO,DFO-2401,Malaysia,2003-11-30,2003-12-18
1545,DFO,DFO-2406,Malaysia,2003-12-17,2004-01-10
1545,EM-DAT,2003-0604-MYS,Malaysia,2003-11-29,2003-12-02
1545,EM-DAT,2003-0655-MYS,Malaysia,2003-12-17,2004-01-05
1546,DFO,DFO-2405,Costa Rica,2003-12-12,2003-12-14
1546,EM-DAT,2003-0659-CRI,Costa Rica,2003-12-12,2003-12-14
1547,DFO,DFO-2402,Thailand,2003-12-10,2003-12-15
1547,EM-DAT,2003-0617-THA,Thailand,2003-12-11,2003-12-11
1548,DFO,DFO-2389,Indonesia,2003-11-22,2003-11-24
1548,DFO,DFO-2397,Indonesia,2003-11-30,2003-12-06
1548,DFO,DFO-2399,Indonesia,2003-12-05,2003-12-10
1548,DFO,DFO-2403,Indonesia,2003-12-10,2004-01-23
1548,EM-DAT,2003-0593-IDN,Indonesia,2003-11-30,2003-12-06
1548,EM-DAT,2003-0776-IDN,Indonesia,2003-12-10,2004-01-05
1549,DFO,DFO-2396,Australia,2003-12-02,2003-12-03
1549,EM-DAT,2003-0587-AUS,Australia,2003-12-02,2003-12-02
1550,DFO,DFO-2395,France,2003-12-01,2003-12-10
1550,EM-DAT,2003-0586-FRA,France,2003-12-01,2003-12-10
1551,DFO,DFO-2373,Colombia,2003-10-29,2003-11-04
1551,DFO,DFO-2394,Colombia,2003-11-29,2003-12-01
1551,EM-DAT,2003-0578-COL,Colombia,2003-08-01,2003-12-01
1552,DFO,DFO-2392,Honduras,2003-11-28,2003-12-24
1552,EM-DAT,2003-0661-HND,Honduras,2003-11-28,2003-12-24
1553,DFO,DFO-2382,United States of America,2003-11-12,2003-11-13
1553,DFO,DFO-2388,United States of America,2003-11-19,2003-11-22
1553,EM-DAT,2003-0663-USA,United States of America,2003-11-12,2003-11-13
1554,DFO,DFO-2387,Morocco,2003-11-17,2003-11-21
1554,EM-DAT,2003-0556-MAR,Morocco,2003-11-17,2003-11-18
1555,DFO,DFO-2383,Viet Nam,2003-11-12,2003-11-17
1555,EM-DAT,2003-0557-VNM,Viet Nam,2003-11-11,2003-11-14
1556,DFO,DFO-2379,Saudi Arabia,2003-11-10,2003-11-11
1556,EM-DAT,2003-0538-SAU,Saudi Arabia,2003-11-11,2003-11-11
1557,DFO,DFO-2377,Indonesia,2003-11-02,2003-11-03
1557,EM-DAT,2003-0531-IDN,Indonesia,2003-11-02,2003-11-03
1558,DFO,DFO-2374,Rwanda,2003-10-30,2003-10-31
1558,EM-DAT,2003-0563-RWA,Rwanda,2003-10-30,2003-10-30
1559,DFO,DFO-2372,Brazil,2003-10-27,2003-10-31
1559,EM-DAT,2003-0521-BRA,Brazil,2003-10-27,2003-10-31
1560,DFO,DFO-2366,United States of America • Mexico,2003-10-12,2003-10-24
1560,DFO,DFO-2369,Canada • United States of America,2003-10-17,2003-10-26
1560,EM-DAT,2003-0511-CAN,Canada,2003-10-17,2003-10-26
1560,EM-DAT,2003-0511-USA,United States of America,2003-10-17,2003-10-26
1561,DFO,DFO-2347,Thailand,2003-09-12,2003-10-12
1561,DFO,DFO-2370,Thailand,2003-10-17,2003-11-04
1561,EM-DAT,2003-0774-THA,Thailand,2003-10-03,2003-10-25
1561,EM-DAT,2003-0561-THA,Thailand,2003-10-15,2003-10-15
1562,DFO,DFO-2367,Algeria,2003-10-15,2003-10-18
1562,EM-DAT,2003-0503-DZA,Algeria,2003-10-15,2003-10-18
1563,DFO,DFO-2368,Viet Nam,2003-10-15,2003-10-22
1563,EM-DAT,2003-0505-VNM,Viet Nam,2003-10-15,2003-10-22
1564,DFO,DFO-2364,Malaysia,2003-10-03,2003-10-25
1564,EM-DAT,2003-0774-MYS,Malaysia,2003-10-03,2003-10-25
1565,DFO,DFO-2311,Nigeria,2003-08-05,2003-10-12
1565,DFO,DFO-2314,Nigeria,2003-08-05,2003-10-12
1565,DFO,DFO-2345,Nigeria,2003-09-05,2003-10-28
1565,DFO,DFO-2361,Nigeria,2003-09-22,2003-10-10
1565,EM-DAT,2003-0455-NGA,Nigeria,2003-09-05,2003-10-28
1566,DFO,DFO-2261,China,2003-06-23,2003-07-28
1566,DFO,DFO-2269,China,2003-07-01,2003-08-07
1566,DFO,DFO-2278,China,2003-07-12,2003-07-15
1566,DFO,DFO-2291,China,2003-07-23,2003-07-25
1566,DFO,DFO-2296,China,2003-07-27,2003-10-10
1566,DFO,DFO-2301,China,2003-07-30,2003-08-01
1566,DFO,DFO-2321,China,2003-08-01,2003-08-25
1566,DFO,DFO-2332,China,2003-08-24,2003-11-12
1566,DFO,DFO-2328,China • Viet Nam,2003-08-25,2003-08-26
1566,DFO,DFO-2337,China,2003-08-26,2003-08-30
1566,DFO,DFO-2353,China,2003-09-20,2003-09-22
1566,EM-DAT,2003-0315-CHN,China,2003-06-23,2003-07-28
1566,EM-DAT,2003-0331-CHN,China,2003-07-01,2003-08-07
1566,EM-DAT,2003-0440-CHN,China,2003-08-24,2003-11-12
1566,EM-DAT,2003-0724-CHN,China,2003-09-20,2003-09-22
1567,DFO,DFO-2346,Viet Nam,2003-09-10,2003-09-14
1567,EM-DAT,2003-0672-VNM,Viet Nam,2003-09-10,2003-09-14
1568,DFO,DFO-2248,Bangladesh • India,2003-06-11,2003-10-10
1568,DFO,DFO-2257,Bangladesh,2003-06-19,2003-07-03
1568,DFO,DFO-2260,India,2003-06-20,2003-06-26
1568,DFO,DFO-2258,India,2003-06-21,2003-06-24
1568,DFO,DFO-2279,Pakistan • India,2003-07-15,2003-09-01
1568,DFO,DFO-2299,India,2003-07-29,2003-08-02
1568,DFO,DFO-2312,India,2003-07-29,2003-08-03
1568,DFO,DFO-2338,India,2003-08-27,2003-10-20
1568,DFO,DFO-2343,Pakistan,2003-09-05,2003-09-06
1568,EM-DAT,2003-0283-IND,India,2003-06-11,2003-10-10
1568,EM-DAT,2003-0283-BGD,Bangladesh,2003-06-11,2003-10-10
1568,EM-DAT,2003-0303-BGD,Bangladesh,2003-06-19,2003-07-03
1568,EM-DAT,2003-0387-PAK,Pakistan,2003-07-15,2003-09-01
1568,EM-DAT,2003-0387-IND,India,2003-07-15,2003-09-01
1568,EM-DAT,2003-0719-IND,India,2003-07-16,2003-07-16
1568,EM-DAT,2003-0359-PAK,Pakistan,2003-07-22,2003-08-05
1568,EM-DAT,2003-0720-IND,India,2003-08-07,2003-08-07
1568,EM-DAT,2003-0683-IND,India,2003-08-27,2003-10-20
1568,EM-DAT,2003-0681-PAK,Pakistan,2003-09-05,2003-09-09
1568,EM-DAT,2003-0775-IND,India,2003-09-10,2003-09-10
1569,DFO,DFO-2339,Haiti,2003-08-29,2003-08-30
1569,EM-DAT,2003-0439-HTI,Haiti,2003-08-29,2003-08-30
1570,DFO,DFO-2340,Italy,2003-08-29,2003-08-30
1570,EM-DAT,2003-0433-ITA,Italy,2003-08-29,2003-08-31
1571,DFO,DFO-2335,Romania,2003-08-27,2003-08-27
1571,EM-DAT,2003-0685-ROU,Romania,2003-08-27,2003-08-27
1572,DFO,DFO-2322,Somalia,2003-08-18,2003-08-20
1572,EM-DAT,2003-0447-SOM,Somalia,2003-08-18,2003-08-20
1573,DFO,DFO-2320,Mali,2003-08-10,2003-10-19
1573,EM-DAT,2003-0389-MLI,Mali,2003-08-10,2003-10-19
1574,DFO,DFO-2315,Algeria,2003-08-09,2003-08-11
1574,EM-DAT,2003-0396-DZA,Algeria,2003-08-09,2003-08-11
1575,DFO,DFO-2316,Senegal • Mauritania,2003-08-09,2003-11-05
1575,EM-DAT,2003-0389-MRT,Mauritania,2003-08-07,2003-08-20
1575,EM-DAT,2003-0389-SEN,Senegal,2003-08-08,2003-08-10
1576,DFO,DFO-2306,Canada,2003-08-04,2003-08-05
1576,EM-DAT,2003-0417-CAN,Canada,2003-08-04,2003-08-05
1577,DFO,DFO-2298,Sudan • Eritrea,2003-07-28,2003-08-21
1577,DFO,DFO-2307,Sudan,2003-08-03,2003-08-25
1577,EM-DAT,2003-0368-SDN,Sudan,2003-07-28,2003-08-21
1577,EM-DAT,2003-0368-ERI,Eritrea,2003-07-28,2003-08-21
1578,DFO,DFO-2300,Afghanistan,2003-07-29,2003-07-30
1578,EM-DAT,2003-0392-AFG,Afghanistan,2003-07-29,2003-07-30
1579,DFO,DFO-2302,Russian Federation,2003-07-29,2003-07-31
1579,EM-DAT,2003-0393-RUS,Russian Federation,2003-07-29,2003-07-31
1580,DFO,DFO-2259,United States of America,2003-06-22,2003-06-28
1580,DFO,DFO-2273,United States of America,2003-07-05,2003-07-21
1580,DFO,DFO-2286,United States of America,2003-07-21,2003-07-28
1580,DFO,DFO-2295,United States of America,2003-07-27,2003-07-31
1580,EM-DAT,2003-0334-USA,United States of America,2003-07-05,2003-07-21
1581,DFO,DFO-2287,Mongolia,2003-07-21,2003-08-10
1581,EM-DAT,2003-0351-MNG,Mongolia,2003-07-21,2003-08-10
1582,DFO,DFO-2283,Japan,2003-07-19,2003-07-21
1582,EM-DAT,2003-0343-JPN,Japan,2003-07-19,2003-07-21
1583,DFO,DFO-2271,Afghanistan,2003-07-02,2003-07-05
1583,DFO,DFO-2272,Afghanistan,2003-07-05,2003-07-06
1583,DFO,DFO-2277,Afghanistan,2003-07-09,2003-07-11
1583,DFO,DFO-2280,Afghanistan,2003-07-15,2003-07-18
1583,EM-DAT,2003-0778-AFG,Afghanistan,2003-07-09,2003-07-09
1583,EM-DAT,2003-0337-AFG,Afghanistan,2003-07-12,2003-07-15
1584,DFO,DFO-2275,Nepal,2003-07-03,2003-08-20
1584,EM-DAT,2003-0341-NPL,Nepal,2003-07-03,2003-08-20
1585,DFO,DFO-2270,Uganda,2003-07-01,2003-07-03
1585,EM-DAT,2003-0706-UGA,Uganda,2003-07-01,2003-07-03
1586,DFO,DFO-2256,Afghanistan,2003-06-16,2003-06-21
1586,DFO,DFO-2265,Afghanistan,2003-06-25,2003-06-26
1586,EM-DAT,2003-0302-AFG,Afghanistan,2003-06-16,2003-06-21
1587,DFO,DFO-2255,Timor-Leste,2003-06-16,2003-06-20
1587,EM-DAT,2003-0293-TLS,Timor-Leste,2003-06-16,2003-06-20
1588,DFO,DFO-2251,Colombia,2003-06-14,2003-06-16
1588,DFO,DFO-2252,Colombia,2003-06-14,2003-06-16
1588,EM-DAT,2003-0284-COL,Colombia,2003-06-14,2003-06-16
1589,DFO,DFO-2243,Mexico,2003-06-05,2003-06-06
1589,DFO,DFO-2249,Mexico,2003-06-12,2003-06-15
1589,EM-DAT,2003-0712-MEX,Mexico,2003-06-05,2003-06-06
1589,EM-DAT,2003-0710-MEX,Mexico,2003-06-12,2003-06-15
1590,DFO,DFO-2246,Tajikistan,2003-06-06,2003-06-10
1590,EM-DAT,2003-0273-TJK,Tajikistan,2003-06-06,2003-06-10
1591,DFO,DFO-2245,China,2003-06-01,2003-06-14
1591,DFO,DFO-2242,China,2003-06-05,2003-06-07
1591,EM-DAT,2003-0274-CHN,China,2003-06-05,2003-06-07
1592,DFO,DFO-2206,Azerbaijan,2003-04-16,2003-06-04
1592,DFO,DFO-2244,Azerbaijan,2003-06-05,2003-06-14
1592,EM-DAT,2003-0212-AZE,Azerbaijan,2003-04-16,2003-06-04
1593,DFO,DFO-2240,Venezuela (Bolivarian Republic of),2003-06-01,2003-06-03
1593,EM-DAT,2003-0713-VEN,Venezuela (Bolivarian Republic of),2003-06-01,2003-06-03
1594,DFO,DFO-2236,Afghanistan,2003-05-26,2003-06-06
1594,EM-DAT,2003-0256-AFG,Afghanistan,2003-05-26,2003-06-06
1595,DFO,DFO-2233,American Samoa,2003-05-18,2003-05-19
1595,EM-DAT,2003-0287-ASM,American Samoa,2003-05-18,2003-05-19
1596,DFO,DFO-2232,Sri Lanka,2003-05-17,2003-05-26
1596,EM-DAT,2003-0229-LKA,Sri Lanka,2003-05-17,2003-05-26
1597,DFO,DFO-2231,China,2003-05-15,2003-05-21
1597,EM-DAT,2003-0227-CHN,China,2003-05-15,2003-05-21
1598,DFO,DFO-2219,United States of America,2003-04-29,2003-05-04
1598,DFO,DFO-2223,United States of America,2003-05-05,2003-05-06
1598,DFO,DFO-2225,United States of America,2003-05-06,2003-05-14
1598,DFO,DFO-2229,United States of America,2003-05-14,2003-05-17
1598,EM-DAT,2003-0756-USA,United States of America,2003-05-06,2003-05-14
1599,DFO,DFO-2228,Australia,2003-05-13,2003-05-18
1599,EM-DAT,2003-0292-AUS,Australia,2003-05-13,2003-05-18
1600,DFO,DFO-2224,Ethiopia • Somalia,2003-05-04,2003-05-20
1600,DFO,DFO-2226,Somalia,2003-05-06,2003-05-08
1600,EM-DAT,2003-0204-ETH,Ethiopia,2003-04-28,2003-05-20
1600,EM-DAT,2003-0204-SOM,Somalia,2003-05-04,2003-05-20
1601,DFO,DFO-2216,Argentina,2003-04-28,2003-05-10
1601,EM-DAT,2003-0196-ARG,Argentina,2003-04-28,2003-05-10
1602,DFO,DFO-2210,Afghanistan,2003-04-18,2003-04-21
1602,DFO,DFO-2211,Afghanistan,2003-04-18,2003-04-20
1602,DFO,DFO-2212,Afghanistan,2003-04-21,2003-04-22
1602,DFO,DFO-2215,Afghanistan,2003-04-23,2003-04-24
1602,EM-DAT,2003-0179-AFG,Afghanistan,2003-04-18,2003-04-21
1603,DFO,DFO-2213,Kenya • Uganda,2003-04-21,2003-06-04
1603,EM-DAT,2003-0204-KEN,Kenya,2003-04-01,2003-05-01
1603,EM-DAT,2003-0204-UGA,Uganda,2003-04-21,2003-06-04
1604,DFO,DFO-2202,Malawi,2003-04-05,2003-04-08
1604,EM-DAT,2003-0728-MWI,Malawi,2003-04-05,2003-04-08
1605,DFO,DFO-2198,Canada,2003-03-31,2003-04-03
1605,EM-DAT,2003-0231-CAN,Canada,2003-03-31,2003-04-03
1606,DFO,DFO-2195,Iran (Islamic Republic of),2003-03-26,2003-03-27
1606,DFO,DFO-2196,Iran (Islamic Republic of),2003-03-27,2003-03-27
1606,EM-DAT,2003-0232-IRN,Iran (Islamic Republic of),2003-03-26,2003-03-27
1607,DFO,DFO-2194,Mozambique,2003-03-26,2003-03-28
1607,EM-DAT,2003-0233-MOZ,Mozambique,2003-03-26,2003-03-28
1608,DFO,DFO-2188,South Africa,2003-03-23,2003-03-26
1608,EM-DAT,2003-0146-ZAF,South Africa,2003-03-23,2003-03-26
1609,DFO,DFO-2184,Afghanistan,2003-03-17,2003-03-28
1609,EM-DAT,2003-0143-AFG,Afghanistan,2003-03-17,2003-03-28
1610,DFO,DFO-2161,Zambia • Angola,2003-01-15,2003-07-01
1610,DFO,DFO-2162,Angola,2003-02-06,2003-02-20
1610,DFO,DFO-2181,Zambia,2003-03-11,2003-03-15
1610,EM-DAT,2003-0072-AGO,Angola,2003-02-06,2003-02-20
1610,EM-DAT,2003-0148-ZMB,Zambia,2003-03-11,2003-03-15
1611,DFO,DFO-2171,Zimbabwe,2003-02-25,2003-02-28
1611,DFO,DFO-2178,Mozambique • Zimbabwe,2003-03-05,2003-03-16
1611,EM-DAT,2003-0742-ZWE,Zimbabwe,2003-02-25,2003-02-28
1612,DFO,DFO-2137,Australia,2003-01-22,2003-03-06
1612,DFO,DFO-2141,Australia,2003-01-25,2003-02-04
1612,DFO,DFO-2143,Australia,2003-01-26,2003-02-04
1612,DFO,DFO-2152,Australia,2003-02-05,2003-02-12
1612,DFO,DFO-2154,Australia,2003-02-11,2003-02-14
1612,DFO,DFO-2165,Australia,2003-02-21,2003-02-24
1612,DFO,DFO-2166,Australia,2003-02-21,2003-02-24
1612,DFO,DFO-2170,Australia,2003-02-22,2003-03-24
1612,DFO,DFO-2176,Australia,2003-03-02,2003-03-11
1612,EM-DAT,2003-0079-AUS,Australia,2003-02-05,2003-02-12
1612,EM-DAT,2003-0109-AUS,Australia,2003-02-21,2003-02-24
1613,DFO,DFO-2164,Lebanon • Israel,2003-02-21,2003-02-24
1613,EM-DAT,2003-0096-LBN,Lebanon,2003-02-01,2003-03-01
1614,DFO,DFO-2127,Indonesia,2003-01-14,2003-02-06
1614,DFO,DFO-2142,Indonesia,2003-01-25,2003-02-06
1614,DFO,DFO-2148,Indonesia,2003-01-30,2003-02-09
1614,DFO,DFO-2149,Indonesia,2003-02-04,2003-02-06
1614,DFO,DFO-2156,Indonesia,2003-02-13,2003-02-14
1614,DFO,DFO-2158,Indonesia,2003-02-16,2003-02-17
1614,EM-DAT,2003-0021-IDN,Indonesia,2003-01-08,2003-01-08
1614,EM-DAT,2003-0067-IDN,Indonesia,2003-01-10,2003-01-10
1614,EM-DAT,2003-0074-IDN,Indonesia,2003-01-28,2003-01-28
1614,EM-DAT,2003-0118-IDN,Indonesia,2003-02-13,2003-02-14
1615,DFO,DFO-2157,Canada,2003-02-15,2003-02-21
1615,EM-DAT,2003-0087-CAN,Canada,2003-02-15,2003-02-21
1616,DFO,DFO-2119,Malawi • Mozambique,2003-01-01,2003-02-17
1616,DFO,DFO-2150,Mozambique,2003-02-04,2003-02-17
1616,EM-DAT,2002-0808-MWI,Malawi,2002-12-28,2002-12-28
1616,EM-DAT,2003-0020-MOZ,Mozambique,2003-01-01,2003-02-17
1616,EM-DAT,2003-0020-MWI,Malawi,2003-01-01,2003-02-17
1616,EM-DAT,2003-0098-MOZ,Mozambique,2003-02-04,2003-02-17
1617,DFO,DFO-2138,Peru,2003-01-23,2003-02-10
1617,DFO,DFO-2144,Peru,2003-01-28,2003-02-10
1617,DFO,DFO-2145,Peru,2003-01-28,2003-02-10
1617,EM-DAT,2003-0051-PER,Peru,2003-01-23,2003-02-10
1618,DFO,DFO-2174,Türkiye • Greece,2003-01-17,2003-03-03
1618,DFO,DFO-2172,Greece,2003-01-27,2003-02-07
1618,EM-DAT,2003-0044-GRC,Greece,2003-01-25,2003-01-26
1618,EM-DAT,2003-0097-GRC,Greece,2003-02-02,2003-02-02
1619,DFO,DFO-2140,Italy,2003-01-25,2003-01-27
1619,EM-DAT,2003-0043-ITA,Italy,2003-01-23,2003-01-26
1620,DFO,DFO-2132,Bolivia (Plurinational State of),2003-01-21,2003-01-22
1620,EM-DAT,2003-0047-BOL,Bolivia (Plurinational State of),2003-01-21,2003-01-22
1621,DFO,DFO-2133,Madagascar,2003-01-18,2003-01-31
1621,EM-DAT,2003-0037-MDG,Madagascar,2003-01-18,2003-01-31
1622,DFO,DFO-2129,Tunisia,2003-01-14,2003-01-16
1622,EM-DAT,2003-0027-TUN,Tunisia,2003-01-14,2003-01-16
1623,DFO,DFO-2124,Brazil,2003-01-11,2003-02-04
1623,DFO,DFO-2173,Brazil,2003-01-11,2003-04-22
1623,DFO,DFO-2131,Brazil,2003-01-14,2003-01-24
1623,EM-DAT,2003-0730-BRA,Brazil,2003-01-11,2003-02-04
1623,EM-DAT,2003-0028-BRA,Brazil,2003-01-14,2003-01-24
1624,DFO,DFO-2122,North Macedonia,2003-01-08,2003-01-10
1624,EM-DAT,2003-0033-MKD,North Macedonia,2003-01-08,2003-01-10
1625,DFO,DFO-2118,Kenya,2003-01-04,2003-01-06
1625,EM-DAT,2003-0729-KEN,Kenya,2003-01-04,2003-01-06
1626,DFO,DFO-2120,Bolivia (Plurinational State of),2003-01-03,2003-01-08
1626,EM-DAT,2003-0012-BOL,Bolivia (Plurinational State of),2003-01-03,2003-01-08
1627,DFO,DFO-2117,Germany • Portugal,2003-01-01,2003-01-08
1627,EM-DAT,2002-0814-PRT,Portugal,2002-12-26,2003-01-03
1627,EM-DAT,2003-0001-PRT,Portugal,2003-01-01,2003-01-08
1628,DFO,DFO-2111,Indonesia,2002-12-26,2002-12-31
1628,EM-DAT,2003-0016-IDN,Indonesia,2003-01-01,2003-01-01
1629,DFO,DFO-2108,Kenya,2002-12-21,2002-12-23
1629,EM-DAT,2002-0800-KEN,Kenya,2002-12-21,2002-12-23
1630,DFO,DFO-2114,Vanuatu,2002-12-21,2002-12-25
1630,EM-DAT,2002-0829-VUT,Vanuatu,2002-12-21,2002-12-25
1631,DFO,DFO-2105,Sri Lanka,2002-12-16,2002-12-20
1631,EM-DAT,2002-0788-LKA,Sri Lanka,2002-12-16,2002-12-20
1632,DFO,DFO-2100,Greece,2002-12-06,2002-12-10
1632,EM-DAT,2002-0764-GRC,Greece,2002-12-06,2002-12-10
1632,EM-DAT,2002-0777-GRC,Greece,2002-12-13,2002-12-13
1633,DFO,DFO-2097,Morocco,2002-11-24,2002-11-29
1633,EM-DAT,2002-0734-MAR,Morocco,2002-11-24,2002-11-29
1634,DFO,DFO-2094,Costa Rica • Panama,2002-11-23,2002-12-13
1634,EM-DAT,2002-0755-CRI,Costa Rica,2002-11-23,2002-12-13
1634,EM-DAT,2002-0755-PAN,Panama,2002-11-23,2002-12-13
1635,DFO,DFO-2099,Italy,2002-11-22,2002-12-03
1635,EM-DAT,2002-0740-ITA,Italy,2002-11-22,2002-12-03
1636,DFO,DFO-2095,Indonesia,2002-11-19,2002-12-03
1636,EM-DAT,2002-0732-IDN,Indonesia,2002-11-19,2002-12-03
1637,DFO,DFO-2092,Uganda • Kenya,2002-11-16,2002-11-25
1637,DFO,DFO-2088,Kenya,2002-11-17,2002-11-20
1637,EM-DAT,2002-0711-KEN,Kenya,2002-11-17,2002-11-20
1638,DFO,DFO-2085,United Kingdom of Great Britain and Northern Ireland,2002-11-14,2002-11-25
1638,EM-DAT,2002-0774-GBR,United Kingdom of Great Britain and Northern Ireland,2002-11-14,2002-11-25
1639,DFO,DFO-2089,Congo • Democratic Republic of the Congo,2002-11-10,2002-11-10
1639,EM-DAT,2002-0739-COG,Congo,2002-11-10,2003-01-05
1640,DFO,DFO-2084,Peru,2002-11-09,2002-11-12
1640,EM-DAT,2002-0708-PER,Peru,2002-11-10,2002-11-10
1641,DFO,DFO-2078,Kenya,2002-10-29,2002-11-04
1641,EM-DAT,2002-0689-KEN,Kenya,2002-10-29,2002-11-04
1642,DFO,DFO-2080,Colombia,2002-10-29,2002-10-31
1642,EM-DAT,2002-0845-COL,Colombia,2002-11-01,2002-11-01
1643,DFO,DFO-2079,China,2002-10-28,2002-11-02
1643,EM-DAT,2002-0691-CHN,China,2002-10-28,2002-11-02
1644,DFO,DFO-2070,Argentina • Chile,2002-10-12,2002-11-02
1644,EM-DAT,2002-0848-ARG,Argentina,2002-10-12,2002-11-02
1644,EM-DAT,2002-0847-CHL,Chile,2002-10-12,2002-11-02
1645,DFO,DFO-2069,India,2002-10-10,2002-10-16
1645,EM-DAT,2002-0650-IND,India,2002-10-10,2002-10-16
1646,DFO,DFO-2065,Algeria,2002-10-09,2002-10-12
1646,EM-DAT,2002-0648-DZA,Algeria,2002-10-09,2002-10-12
1647,DFO,DFO-2056,United States of America,2002-09-06,2002-09-19
1647,DFO,DFO-2057,United States of America,2002-09-21,2002-09-24
1647,DFO,DFO-2063,United States of America,2002-09-26,2002-09-29
1647,EM-DAT,2002-0600-USA,United States of America,2002-09-21,2002-09-24
1648,DFO,DFO-2060,Albania,2002-09-21,2002-10-08
1648,EM-DAT,2002-0607-ALB,Albania,2002-09-17,2002-10-08
1649,DFO,DFO-1991,Viet Nam,2002-07-15,2002-12-02
1649,DFO,DFO-2014,Viet Nam,2002-07-31,2002-08-06
1649,DFO,DFO-2059,Viet Nam,2002-09-20,2002-09-30
1649,EM-DAT,2002-0470-VNM,Viet Nam,2002-07-31,2002-08-06
1649,EM-DAT,2002-0580-VNM,Viet Nam,2002-09-01,2002-09-01
1649,EM-DAT,2002-0610-VNM,Viet Nam,2002-09-20,2002-09-30
1650,DFO,DFO-2054,Mexico,2002-09-17,2002-09-21
1650,EM-DAT,2002-0638-MEX,Mexico,2002-09-17,2002-09-21
1651,DFO,DFO-2039,Thailand • Cambodia,2002-08-18,2002-11-26
1651,DFO,DFO-2061,Thailand,2002-09-17,2002-12-02
1651,EM-DAT,2002-0522-KHM,Cambodia,2002-08-18,2002-11-26
1651,EM-DAT,2002-0629-THA,Thailand,2002-09-29,2002-09-29
1651,EM-DAT,2002-0641-THA,Thailand,2002-10-01,2002-10-01
1652,DFO,DFO-2052,France,2002-09-08,2002-09-12
1652,EM-DAT,2002-0574-FRA,France,2002-09-08,2002-09-12
1653,DFO,DFO-1952,India,2002-06-16,2002-06-22
1653,DFO,DFO-1960,Bangladesh,2002-06-18,2002-06-24
1653,DFO,DFO-1974,India • Bangladesh,2002-06-21,2002-08-28
1653,DFO,DFO-1967,India,2002-06-25,2002-06-26
1653,DFO,DFO-1969,India,2002-06-26,2002-07-03
1653,DFO,DFO-2027,India,2002-08-11,2002-08-13
1653,DFO,DFO-2049,India,2002-09-03,2002-09-06
1653,EM-DAT,2002-0374-IND,India,2002-06-21,2002-08-28
1653,EM-DAT,2002-0402-BGD,Bangladesh,2002-07-01,2002-08-01
1653,EM-DAT,2002-0490-IND,India,2002-08-11,2002-08-13
1653,EM-DAT,2002-0539-IND,India,2002-08-20,2002-08-20
1653,EM-DAT,2002-0568-IND,India,2002-09-03,2002-09-06
1654,DFO,DFO-2042,Chile,2002-08-24,2002-08-29
1654,EM-DAT,2002-0546-CHL,Chile,2002-08-24,2002-08-29
1655,DFO,DFO-2040,Pakistan,2002-08-22,2002-08-28
1655,EM-DAT,2002-0509-PAK,Pakistan,2002-08-15,2002-08-15
1655,EM-DAT,2002-0543-PAK,Pakistan,2002-08-22,2002-08-28
1656,DFO,DFO-2051,Yemen,2002-08-22,2002-09-06
1656,EM-DAT,2002-0576-YEM,Yemen,2002-08-22,2002-09-06
1657,DFO,DFO-2038,Algeria,2002-08-17,2002-08-28
1657,EM-DAT,2002-0540-DZA,Algeria,2002-08-17,2002-08-28
1658,DFO,DFO-2033,South Africa,2002-08-16,2002-08-18
1658,EM-DAT,2002-0514-ZAF,South Africa,2002-08-16,2002-08-18
1659,DFO,DFO-2032,Mexico,2002-08-15,2002-08-17
1659,EM-DAT,2002-0510-MEX,Mexico,2002-08-15,2002-08-17
1660,DFO,DFO-2005,China,2002-07-21,2002-07-29
1660,DFO,DFO-2016,China,2002-08-03,2002-08-06
1660,DFO,DFO-2018,China,2002-08-04,2002-08-05
1660,DFO,DFO-2019,China,2002-08-05,2002-08-12
1660,DFO,DFO-2023,China,2002-08-06,2002-08-28
1660,DFO,DFO-2028,China,2002-08-08,2002-08-13
1660,DFO,DFO-2031,China,2002-08-13,2002-08-17
1660,DFO,DFO-2034,China,2002-08-14,2002-08-20
1660,DFO,DFO-2036,China,2002-08-15,2002-08-19
1660,EM-DAT,2002-0461-CHN,China,2002-07-21,2002-07-29
1660,EM-DAT,2002-0481-CHN,China,2002-08-01,2002-08-01
1660,EM-DAT,2002-0483-CHN,China,2002-08-05,2002-08-05
1660,EM-DAT,2002-0659-CHN,China,2002-08-11,2002-08-11
1660,EM-DAT,2002-0498-CHN,China,2002-08-14,2002-08-20
1661,DFO,DFO-2030,Philippines,2002-08-13,2002-08-17
1661,EM-DAT,2002-0499-PHL,Philippines,2002-08-13,2002-08-17
1662,DFO,DFO-2026,United Kingdom of Great Britain and Northern Ireland,2002-08-10,2002-08-12
1662,EM-DAT,2002-0488-GBR,United Kingdom of Great Britain and Northern Ireland,2002-08-10,2002-08-12
1663,DFO,DFO-2029,Iran (Islamic Republic of),2002-08-10,2002-08-14
1663,EM-DAT,2002-0500-IRN,Iran (Islamic Republic of),2002-08-10,2002-08-14
1664,DFO,DFO-1984,Russian Federation,2002-07-12,2002-07-16
1664,DFO,DFO-1997,Russian Federation,2002-07-20,2002-07-26
1664,DFO,DFO-2015,Russian Federation,2002-08-01,2002-08-06
1664,DFO,DFO-2025,Russian Federation,2002-08-08,2002-08-12
1664,EM-DAT,2002-0533-RUS,Russian Federation,2002-07-20,2002-07-26
1664,EM-DAT,2002-0482-RUS,Russian Federation,2002-08-08,2002-08-18
1665,DFO,DFO-2022,Tajikistan,2002-08-07,2002-08-08
1665,EM-DAT,2002-0475-TJK,Tajikistan,2002-08-07,2002-08-08
1666,DFO,DFO-2013,Germany,2002-07-31,2002-08-08
1666,DFO,DFO-2024,Germany,2002-08-07,2002-08-28
1666,EM-DAT,2002-0467-DEU,Germany,2002-08-11,2002-08-20
1667,DFO,DFO-1995,Romania,2002-07-19,2002-07-23
1667,DFO,DFO-2012,Romania,2002-07-30,2002-08-03
1667,DFO,DFO-2021,Romania,2002-08-06,2002-08-07
1667,EM-DAT,2002-0447-ROU,Romania,2002-07-19,2002-08-03
1667,EM-DAT,2002-0466-ROU,Romania,2002-08-01,2002-08-01
1667,EM-DAT,2002-0471-ROU,Romania,2002-08-06,2002-08-07
1668,DFO,DFO-2020,Republic of Korea • Democratic People's Republic of Korea,2002-08-05,2002-08-11
1668,EM-DAT,2002-0478-PRK,Democratic People's Republic of Korea,2002-08-05,2002-08-11
1668,EM-DAT,2002-0474-KOR,Republic of Korea,2002-08-05,2002-08-11
1669,DFO,DFO-1943,United States of America,2002-06-08,2002-06-29
1669,DFO,DFO-1972,United States of America,2002-06-30,2002-07-23
1669,DFO,DFO-1979,United States of America,2002-07-06,2002-07-08
1669,DFO,DFO-2001,United States of America,2002-07-23,2002-07-24
1669,DFO,DFO-2006,United States of America,2002-07-25,2002-07-27
1669,EM-DAT,2002-0411-USA,United States of America,2002-06-30,2002-07-23
1670,DFO,DFO-2004,Yemen,2002-07-24,2002-07-26
1670,EM-DAT,2002-0454-YEM,Yemen,2002-07-24,2002-07-26
1671,DFO,DFO-2000,Türkiye,2002-07-23,2002-07-27
1671,EM-DAT,2002-0450-TUR,Türkiye,2002-07-23,2002-07-27
1672,DFO,DFO-1996,Venezuela (Bolivarian Republic of),2002-07-20,2002-07-31
1672,EM-DAT,2002-0445-VEN,Venezuela (Bolivarian Republic of),2002-07-20,2002-07-31
1673,DFO,DFO-1981,Philippines,2002-07-06,2002-07-19
1673,DFO,DFO-1998,Philippines,2002-07-20,2002-07-28
1673,EM-DAT,2002-0532-PHL,Philippines,2002-07-20,2002-07-28
1674,DFO,DFO-1978,Yemen,2002-07-06,2002-07-08
1674,EM-DAT,2002-0410-YEM,Yemen,2002-07-06,2002-07-08
1675,DFO,DFO-1977,Colombia,2002-07-05,2002-07-08
1675,EM-DAT,2002-0839-COL,Colombia,2002-07-05,2002-08-08
1676,DFO,DFO-1929,China,2002-05-22,2002-05-29
1676,DFO,DFO-1940,China,2002-05-23,2002-06-22
1676,DFO,DFO-1944,China,2002-06-08,2002-06-18
1676,DFO,DFO-1954,China,2002-06-12,2002-06-19
1676,DFO,DFO-1958,China,2002-06-13,2002-06-24
1676,DFO,DFO-1959,China,2002-06-14,2002-06-22
1676,DFO,DFO-1955,China,2002-06-15,2002-06-24
1676,DFO,DFO-1964,China,2002-06-21,2002-06-25
1676,DFO,DFO-1973,China,2002-06-29,2002-07-06
1676,EM-DAT,2002-0305-CHN,China,2002-05-22,2002-05-29
1676,EM-DAT,2002-0344-CHN,China,2002-05-23,2002-06-22
1676,EM-DAT,2002-0350-CHN,China,2002-06-08,2002-06-18
1677,DFO,DFO-1946,Russian Federation,2002-06-09,2002-06-15
1677,DFO,DFO-1949,Russian Federation,2002-06-12,2002-06-14
1677,DFO,DFO-1962,Russian Federation,2002-06-19,2002-07-01
1677,EM-DAT,2002-0376-RUS,Russian Federation,2002-06-19,2002-07-01
1678,DFO,DFO-1953,Tajikistan,2002-06-16,2002-06-18
1678,EM-DAT,2002-0375-TJK,Tajikistan,2002-06-16,2002-06-18
1679,DFO,DFO-1948,Jamaica,2002-06-12,2002-06-16
1679,EM-DAT,2002-0325-JAM,Jamaica,2002-05-23,2002-06-05
1680,DFO,DFO-1951,Cuba,2002-06-12,2002-06-16
1680,EM-DAT,2002-0359-CUB,Cuba,2002-06-12,2002-06-22
1681,DFO,DFO-1956,Brazil,2002-06-12,2002-06-19
1681,EM-DAT,2002-0403-BRA,Brazil,2002-06-12,2002-06-19
1682,DFO,DFO-1947,Ghana,2002-06-10,2002-06-12
1682,EM-DAT,2002-0373-GHA,Ghana,2002-06-10,2002-06-12
1683,DFO,DFO-1963,Canada,2002-06-09,2002-06-12
1683,EM-DAT,2002-0404-CAN,Canada,2002-06-09,2002-06-12
1684,DFO,DFO-1941,Honduras,2002-06-06,2002-06-13
1684,EM-DAT,2002-0329-HND,Honduras,2002-05-23,2002-06-05
1685,DFO,DFO-1942,Austria • Switzerland • Italy • Germany,2002-06-06,2002-06-09
1685,EM-DAT,2002-0343-ITA,Italy,2002-06-06,2002-06-09
1686,DFO,DFO-1936,Colombia,2002-06-04,2002-06-13
1686,EM-DAT,2002-0339-COL,Colombia,2002-06-04,2002-06-13
1687,DFO,DFO-1932,Chile,2002-05-24,2002-06-05
1687,EM-DAT,2002-0322-CHL,Chile,2002-05-24,2002-06-05
1688,DFO,DFO-1928,Nicaragua,2002-05-23,2002-06-05
1688,EM-DAT,2002-0328-NIC,Nicaragua,2002-05-23,2002-06-05
1689,DFO,DFO-1901,Afghanistan,2002-04-04,2002-04-07
1689,DFO,DFO-1909,Afghanistan,2002-04-23,2002-04-26
1689,DFO,DFO-1926,Afghanistan,2002-05-16,2002-05-20
1689,EM-DAT,2002-0196-AFG,Afghanistan,2002-04-04,2002-07-04
1689,EM-DAT,2002-0242-AFG,Afghanistan,2002-04-23,2002-04-26
1690,DFO,DFO-1911,United States of America,2002-04-25,2002-04-27
1690,DFO,DFO-2007,United States of America,2002-04-27,2002-05-31
1690,DFO,DFO-1916,United States of America,2002-05-02,2002-05-08
1690,DFO,DFO-1919,United States of America,2002-05-07,2002-06-08
1690,DFO,DFO-1920,United States of America,2002-05-07,2002-05-09
1690,EM-DAT,2002-0266-USA,United States of America,2002-05-02,2002-05-08
1691,DFO,DFO-1918,Costa Rica • Panama,2002-05-06,2002-05-11
1691,EM-DAT,2002-0263-CRI,Costa Rica,2002-05-06,2002-05-11
1691,EM-DAT,2002-0264-PAN,Panama,2002-05-06,2002-05-11
1692,DFO,DFO-1925,Paraguay,2002-05-06,2002-05-28
1692,EM-DAT,2002-0296-PRY,Paraguay,2002-05-06,2002-05-28
1693,DFO,DFO-1917,Uganda • Kenya • Rwanda • United Republic of Tanzania,2002-04-26,2002-05-28
1693,DFO,DFO-1915,Kenya,2002-04-29,2002-05-02
1693,EM-DAT,2002-0265-KEN,Kenya,2002-04-26,2002-05-28
1693,EM-DAT,2002-0272-UGA,Uganda,2002-04-26,2002-05-28
1693,EM-DAT,2002-0274-TZA,United Republic of Tanzania,2002-04-26,2002-05-28
1693,EM-DAT,2002-0273-RWA,Rwanda,2002-04-26,2002-05-28
1694,DFO,DFO-1912,Colombia,2002-04-24,2002-04-29
1694,EM-DAT,2002-0307-COL,Colombia,2002-04-24,2002-04-29
1695,DFO,DFO-1905,Indonesia,2002-04-17,2002-04-19
1695,DFO,DFO-1906,Indonesia,2002-04-17,2002-04-20
1695,EM-DAT,2002-0236-IDN,Indonesia,2002-04-17,2002-04-20
1696,DFO,DFO-1907,Ethiopia,2002-04-16,2002-04-21
1696,EM-DAT,2002-0225-ETH,Ethiopia,2002-04-16,2002-04-21
1697,DFO,DFO-1903,Iran (Islamic Republic of),2002-04-14,2002-04-16
1697,EM-DAT,2002-0218-IRN,Iran (Islamic Republic of),2002-04-14,2002-04-16
1698,DFO,DFO-1902,Saudi Arabia,2002-04-08,2002-04-13
1698,EM-DAT,2002-0210-SAU,Saudi Arabia,2002-04-08,2002-04-13
1699,DFO,DFO-1900,Canary Islands,2002-03-31,2002-04-02
1699,EM-DAT,2002-0171-SPI,Canary Islands,2002-03-31,2002-04-02
1700,DFO,DFO-1897,Indonesia,2002-03-27,2002-03-30
1700,EM-DAT,2002-0186-IDN,Indonesia,2002-03-27,2002-03-30
1701,DFO,DFO-1899,Tajikistan,2002-03-25,2002-04-02
1701,EM-DAT,2002-0193-TJK,Tajikistan,2002-03-23,2002-03-23
1702,DFO,DFO-1896,Philippines,2002-03-21,2002-03-26
1702,EM-DAT,2002-0176-PHL,Philippines,2002-03-21,2002-03-26
1703,DFO,DFO-1894,Mozambique,2002-03-18,2002-03-22
1703,EM-DAT,2002-0163-MOZ,Mozambique,2002-03-18,2002-03-22
1704,DFO,DFO-1893,United States of America,2002-03-17,2002-03-24
1704,EM-DAT,2002-0183-USA,United States of America,2002-03-17,2002-03-24
1705,DFO,DFO-1898,Peru,2002-03-17,2002-03-31
1705,EM-DAT,2002-0187-PER,Peru,2002-03-17,2002-03-31
1706,DFO,DFO-1891,Egypt,2002-03-09,2002-03-11
1706,EM-DAT,2002-0144-EGY,Egypt,2002-03-03,2002-03-11
1707,DFO,DFO-1890,Ecuador,2002-03-06,2002-04-29
1707,EM-DAT,2002-0125-ECU,Ecuador,2002-03-06,2002-04-29
1707,EM-DAT,2002-0162-ECU,Ecuador,2002-03-19,2002-03-19
1708,DFO,DFO-1884,Bolivia (Plurinational State of),2002-02-19,2002-02-21
1708,EM-DAT,2002-0110-BOL,Bolivia (Plurinational State of),2002-02-19,2002-02-21
1709,DFO,DFO-1851,Indonesia,2001-12-28,2002-01-01
1709,DFO,DFO-1856,Indonesia,2002-01-01,2002-01-04
1709,DFO,DFO-1859,Indonesia,2002-01-05,2002-01-07
1709,DFO,DFO-1860,Indonesia,2002-01-08,2002-01-12
1709,DFO,DFO-1864,Indonesia,2002-01-13,2002-01-18
1709,DFO,DFO-1865,Indonesia,2002-01-15,2002-01-26
1709,DFO,DFO-1870,Indonesia,2002-01-27,2002-02-12
1709,DFO,DFO-1879,Indonesia,2002-02-13,2002-02-23
1709,DFO,DFO-1882,Indonesia,2002-02-17,2002-02-25
1709,EM-DAT,2001-0719-IDN,Indonesia,2001-12-28,2002-01-01
1709,EM-DAT,2002-0018-IDN,Indonesia,2002-01-08,2002-01-12
1709,EM-DAT,2002-0035-IDN,Indonesia,2002-01-13,2002-01-18
1709,EM-DAT,2002-0054-IDN,Indonesia,2002-01-27,2002-02-12
1710,DFO,DFO-1875,Democratic Republic of the Congo,2002-02-06,2002-02-08
1710,EM-DAT,2002-0080-COD,Democratic Republic of the Congo,2002-02-06,2002-02-08
1711,DFO,DFO-1873,Peru,2002-02-04,2002-02-15
1711,EM-DAT,2002-0077-PER,Peru,2002-02-04,2002-02-15
1712,DFO,DFO-1885,Brazil,2002-01-15,2002-04-02
1712,DFO,DFO-1872,Brazil,2002-02-03,2002-02-05
1712,EM-DAT,2002-0082-BRA,Brazil,2002-02-03,2002-02-05
1713,DFO,DFO-1878,New Zealand,2002-01-12,2002-01-15
1713,EM-DAT,2002-0036-NZL,New Zealand,2002-01-12,2002-01-15
1714,DFO,DFO-1863,Iran (Islamic Republic of),2002-01-11,2002-01-13
1714,EM-DAT,2002-0020-IRN,Iran (Islamic Republic of),2002-01-11,2002-01-13
1715,DFO,DFO-1866,Senegal,2002-01-09,2002-01-12
1715,EM-DAT,2002-0026-SEN,Senegal,2002-01-09,2002-01-12
1716,DFO,DFO-1862,Russian Federation,2002-01-06,2002-01-23
1716,EM-DAT,2002-0024-RUS,Russian Federation,2002-01-06,2002-01-23
1717,DFO,DFO-1858,Philippines,2002-01-04,2002-01-07
1717,EM-DAT,2002-0005-PHL,Philippines,2002-01-04,2002-01-07
1718,DFO,DFO-1854,Malawi,2001-12-29,2002-03-05
1718,EM-DAT,2001-0710-MWI,Malawi,2001-12-30,2001-12-30
1718,EM-DAT,2002-0083-MWI,Malawi,2002-01-01,2002-03-05
1719,DFO,DFO-1848,Peru,2001-12-26,2001-12-29
1719,EM-DAT,2001-0703-PER,Peru,2001-12-26,2001-12-29
1720,DFO,DFO-1846,Brazil,2001-12-24,2001-12-25
1720,EM-DAT,2001-0696-BRA,Brazil,2001-12-24,2001-12-25
1721,DFO,DFO-1845,Morocco,2001-12-23,2001-12-26
1721,EM-DAT,2001-0694-MAR,Morocco,2001-12-23,2001-12-26
1722,DFO,DFO-1842,Malaysia,2001-12-16,2001-12-19
1722,DFO,DFO-1844,Malaysia,2001-12-22,2002-01-03
1722,EM-DAT,2001-0693-MYS,Malaysia,2001-12-22,2002-01-03
1723,DFO,DFO-1835,South Africa,2001-12-11,2001-12-12
1723,DFO,DFO-1843,South Africa,2001-12-19,2001-12-22
1723,EM-DAT,2001-0664-ZAF,South Africa,2001-12-19,2001-12-22
1724,DFO,DFO-1841,Democratic Republic of the Congo,2001-12-17,2001-12-20
1724,EM-DAT,2001-0683-COD,Democratic Republic of the Congo,2001-12-14,2001-12-14
1725,DFO,DFO-1853,China,2001-12-17,2001-12-18
1725,EM-DAT,2001-0716-CHN,China,2001-12-17,2001-12-18
1726,DFO,DFO-1831,Türkiye,2001-12-02,2001-12-09
1726,DFO,DFO-1838,Türkiye,2001-12-16,2001-12-18
1726,EM-DAT,2001-0665-TUR,Türkiye,2001-12-02,2001-12-09
1727,DFO,DFO-1830,Greece,2001-11-29,2001-11-29
1727,EM-DAT,2001-0642-GRC,Greece,2001-11-29,2001-11-29
1728,DFO,DFO-1828,Brazil,2001-11-19,2001-11-23
1728,EM-DAT,2001-0723-BRA,Brazil,2001-11-19,2001-11-23
1729,DFO,DFO-1825,United States of America,2001-11-15,2001-11-19
1729,EM-DAT,2001-0724-USA,United States of America,2001-11-15,2001-11-19
1730,DFO,DFO-1824,Algeria,2001-11-10,2001-11-14
1730,EM-DAT,2001-0620-DZA,Algeria,2001-11-10,2001-11-14
1731,DFO,DFO-1821,Malaysia,2001-11-05,2001-11-12
1731,EM-DAT,2001-0649-MYS,Malaysia,2001-10-30,2001-10-30
1732,DFO,DFO-1820,Somalia,2001-11-01,2001-11-14
1732,EM-DAT,2001-0653-SOM,Somalia,2001-11-01,2001-11-14
1733,DFO,DFO-1819,Rwanda,2001-10-30,2001-11-02
1733,EM-DAT,2001-0672-RWA,Rwanda,2001-10-30,2001-11-02
1734,DFO,DFO-1816,United Kingdom of Great Britain and Northern Ireland,2001-10-21,2001-10-23
1734,EM-DAT,2001-0645-GBR,United Kingdom of Great Britain and Northern Ireland,2001-10-21,2001-10-23
1735,DFO,DFO-1776,Thailand • Viet Nam,2001-08-10,2001-08-25
1735,DFO,DFO-1781,Cambodia • Viet Nam,2001-08-15,2001-11-19
1735,DFO,DFO-1783,Viet Nam,2001-08-20,2001-08-22
1735,DFO,DFO-1792,Thailand,2001-09-10,2001-09-12
1735,DFO,DFO-1815,Viet Nam,2001-10-20,2001-10-24
1735,EM-DAT,2001-0450-THA,Thailand,2001-08-08,2001-09-06
1735,EM-DAT,2001-0492-VNM,Viet Nam,2001-08-15,2001-11-19
1735,EM-DAT,2001-0485-KHM,Cambodia,2001-08-15,2001-11-19
1735,EM-DAT,2001-0528-THA,Thailand,2001-08-31,2001-08-31
1735,EM-DAT,2001-0587-VNM,Viet Nam,2001-10-20,2001-10-24
1735,EM-DAT,2001-0654-VNM,Viet Nam,2001-11-04,2001-11-04
1736,DFO,DFO-1808,Philippines,2001-10-10,2001-10-10
1736,EM-DAT,2001-0596-PHL,Philippines,2001-10-10,2001-10-10
1737,DFO,DFO-1809,Democratic People's Republic of Korea,2001-10-09,2001-10-11
1737,EM-DAT,2001-0571-PRK,Democratic People's Republic of Korea,2001-10-09,2001-10-11
1738,DFO,DFO-1804,Iran (Islamic Republic of),2001-10-01,2001-10-02
1738,EM-DAT,2001-0545-IRN,Iran (Islamic Republic of),2001-10-01,2001-10-02
1739,DFO,DFO-1810,Argentina,2001-10-01,2001-12-01
1739,EM-DAT,2001-0582-ARG,Argentina,2001-10-01,2001-12-01
1740,DFO,DFO-1744,India,2001-07-04,2001-07-16
1740,DFO,DFO-1747,India,2001-07-08,2001-08-10
1740,DFO,DFO-1753,India,2001-07-16,2001-07-16
1740,DFO,DFO-1766,Bangladesh • India,2001-07-31,2001-09-01
1740,DFO,DFO-1779,India,2001-08-14,2001-08-15
1740,DFO,DFO-1789,India,2001-08-20,2001-09-11
1740,DFO,DFO-1791,India,2001-09-07,2001-09-24
1740,DFO,DFO-1803,India,2001-09-30,2001-10-02
1740,EM-DAT,2001-0387-IND,India,2001-07-04,2001-07-16
1740,EM-DAT,2001-0332-IND,India,2001-07-08,2001-07-10
1740,EM-DAT,2001-0465-IND,India,2001-08-01,2001-08-01
1740,EM-DAT,2001-0502-IND,India,2001-08-01,2001-08-01
1740,EM-DAT,2001-0515-IND,India,2001-08-20,2001-08-20
1740,EM-DAT,2001-0459-BGD,Bangladesh,2001-08-31,2001-08-31
1740,EM-DAT,2001-0527-IND,India,2001-09-01,2001-09-01
1740,EM-DAT,2001-0794-IND,India,2001-09-07,2001-09-24
1741,DFO,DFO-1799,Mexico,2001-09-24,2001-10-02
1741,EM-DAT,2001-0559-MEX,Mexico,2001-09-18,2001-09-21
1742,DFO,DFO-1801,Rwanda,2001-09-22,2001-09-22
1742,EM-DAT,2001-0541-RWA,Rwanda,2001-09-22,2001-09-22
1743,DFO,DFO-1797,China,2001-09-19,2001-09-22
1743,EM-DAT,2001-0534-CHN,China,2001-09-19,2001-09-22
1744,DFO,DFO-1784,China,2001-08-25,2001-08-25
1744,DFO,DFO-1787,China,2001-08-28,2001-09-09
1744,EM-DAT,2001-0360-CHN,China,2001-08-25,2001-08-25
1745,DFO,DFO-1786,Nigeria,2001-08-27,2001-09-04
1745,EM-DAT,2001-0494-NGA,Nigeria,2001-08-27,2001-09-04
1746,DFO,DFO-1778,Chad,2001-08-19,2001-10-11
1746,EM-DAT,2001-0521-TCD,Chad,2001-08-19,2001-10-11
1747,DFO,DFO-1793,Guinea • Mali,2001-08-18,2001-10-09
1747,EM-DAT,2001-0524-MLI,Mali,2001-08-18,2001-10-09
1747,EM-DAT,2001-0549-GIN,Guinea,2001-08-18,2001-10-09
1748,DFO,DFO-1777,Philippines,2001-08-12,2001-08-14
1748,EM-DAT,2001-0445-PHL,Philippines,2001-08-12,2001-08-14
1749,DFO,DFO-1775,Iran (Islamic Republic of),2001-08-10,2001-08-12
1749,EM-DAT,2001-0453-IRN,Iran (Islamic Republic of),2001-08-10,2001-08-12
1750,DFO,DFO-1772,Sudan • Ethiopia,2001-08-06,2001-09-13
1750,EM-DAT,2001-0769-ETH,Ethiopia,2001-08-01,2001-08-01
1750,EM-DAT,2001-0417-SDN,Sudan,2001-08-06,2001-09-13
1750,EM-DAT,2001-0448-ETH,Ethiopia,2001-08-10,2001-08-10
1751,DFO,DFO-1773,Russian Federation,2001-08-06,2001-08-12
1751,EM-DAT,2001-0420-RUS,Russian Federation,2001-08-06,2001-08-12
1752,DFO,DFO-1760,Yemen,2001-07-26,2001-07-29
1752,DFO,DFO-1771,Yemen,2001-08-05,2001-08-05
1752,EM-DAT,2001-0402-YEM,Yemen,2001-07-26,2001-07-29
1753,DFO,DFO-1761,United States of America,2001-07-29,2001-07-29
1753,DFO,DFO-1769,United States of America,2001-08-03,2001-08-04
1753,EM-DAT,2001-0772-USA,United States of America,2001-08-01,2001-08-01
1754,DFO,DFO-1770,Democratic People's Republic of Korea,2001-08-01,2001-08-04
1754,EM-DAT,2001-0410-PRK,Democratic People's Republic of Korea,2001-08-01,2001-08-04
1755,DFO,DFO-1765,Indonesia,2001-07-31,2001-08-01
1755,DFO,DFO-1767,Indonesia,2001-07-31,2001-08-01
1755,EM-DAT,2001-0407-IDN,Indonesia,2001-07-31,2001-08-01
1756,DFO,DFO-1763,Republic of Korea,2001-07-29,2001-07-30
1756,EM-DAT,2001-0403-KOR,Republic of Korea,2001-07-29,2001-07-30
1757,DFO,DFO-1732,China,2001-06-06,2001-06-17
1757,DFO,DFO-1736,China,2001-06-19,2001-06-23
1757,DFO,DFO-1743,Philippines • China,2001-07-01,2001-07-19
1757,DFO,DFO-1759,China,2001-07-25,2001-07-26
1757,EM-DAT,2001-0241-CHN,China,2001-06-02,2001-06-02
1757,EM-DAT,2001-0740-CHN,China,2001-06-15,2001-06-15
1757,EM-DAT,2001-0741-CHN,China,2001-06-19,2001-06-23
1757,EM-DAT,2001-0356-CHN,China,2001-06-27,2001-06-27
1757,EM-DAT,2001-0392-CHN,China,2001-07-25,2001-07-26
1758,DFO,DFO-1757,Pakistan,2001-07-22,2001-07-25
1758,EM-DAT,2001-0376-PAK,Pakistan,2001-07-22,2001-07-25
1759,DFO,DFO-1768,Nigeria,2001-07-22,2001-07-22
1759,EM-DAT,2001-0408-NGA,Nigeria,2001-07-22,2001-07-22
1760,DFO,DFO-1755,Iran (Islamic Republic of),2001-07-20,2001-07-21
1760,EM-DAT,2001-0375-IRN,Iran (Islamic Republic of),2001-07-20,2001-07-21
1761,DFO,DFO-1748,Poland,2001-07-10,2001-07-10
1761,DFO,DFO-1758,Poland,2001-07-20,2001-08-03
1761,EM-DAT,2001-0390-POL,Poland,2001-07-09,2001-08-05
1762,DFO,DFO-1752,Republic of Korea,2001-07-14,2001-07-15
1762,EM-DAT,2001-0335-KOR,Republic of Korea,2001-07-14,2001-07-15
1763,DFO,DFO-1746,United States of America,2001-07-08,2001-07-09
1763,EM-DAT,2001-0460-USA,United States of America,2001-07-08,2001-07-09
1764,DFO,DFO-1745,Russian Federation,2001-07-07,2001-07-13
1764,EM-DAT,2001-0388-RUS,Russian Federation,2001-07-07,2001-07-13
1765,DFO,DFO-1742,Viet Nam,2001-07-03,2001-07-06
1765,EM-DAT,2001-0361-VNM,Viet Nam,2001-06-30,2001-06-30
1766,DFO,DFO-1741,Cameroon,2001-06-28,2001-06-29
1766,EM-DAT,2001-0299-CMR,Cameroon,2001-06-28,2001-06-29
1767,DFO,DFO-1740,Ghana,2001-06-27,2001-06-30
1767,EM-DAT,2001-0314-GHA,Ghana,2001-06-27,2001-06-30
1768,DFO,DFO-1731,India • Bangladesh,2001-06-05,2001-06-22
1768,DFO,DFO-1737,India,2001-06-20,2001-06-21
1768,EM-DAT,2001-0349-IND,India,2001-06-01,2001-06-01
1768,EM-DAT,2001-0243-IND,India,2001-06-05,2001-06-22
1768,EM-DAT,2001-0393-BGD,Bangladesh,2001-06-05,2001-06-05
1769,DFO,DFO-1738,Timor-Leste,2001-06-20,2001-06-23
1769,EM-DAT,2001-0320-TLS,Timor-Leste,2001-06-20,2001-06-23
1770,DFO,DFO-1734,Ecuador,2001-06-11,2001-06-20
1770,EM-DAT,2001-0252-ECU,Ecuador,2001-06-11,2001-06-20
1771,DFO,DFO-1728,Democratic Republic of the Congo,2001-05-18,2001-05-18
1771,EM-DAT,2001-0209-COD,Democratic Republic of the Congo,2001-05-18,2001-05-18
1772,DFO,DFO-1727,Haiti,2001-05-16,2001-05-18
1772,EM-DAT,2001-0207-HTI,Haiti,2001-05-16,2001-05-18
1773,DFO,DFO-1719,Russian Federation,2001-05-01,2001-05-17
1773,DFO,DFO-1725,Russian Federation,2001-05-12,2001-06-08
1773,EM-DAT,2001-0227-RUS,Russian Federation,2001-05-12,2001-05-27
1774,DFO,DFO-1722,Türkiye,2001-05-07,2001-05-08
1774,EM-DAT,2001-0309-TUR,Türkiye,2001-05-07,2001-05-08
1775,DFO,DFO-1721,Iran (Islamic Republic of),2001-05-06,2001-05-06
1775,EM-DAT,2001-0180-IRN,Iran (Islamic Republic of),2001-05-06,2001-05-06
1776,DFO,DFO-1723,Puerto Rico,2001-05-06,2001-05-07
1776,EM-DAT,2001-0307-PRI,Puerto Rico,2001-05-06,2001-05-07
1777,DFO,DFO-1720,Thailand,2001-05-04,2001-05-05
1777,EM-DAT,2001-0176-THA,Thailand,2001-05-04,2001-05-05
1778,DFO,DFO-1718,Uruguay,2001-04-30,2001-06-02
1778,EM-DAT,2001-0236-URY,Uruguay,2001-06-01,2001-06-01
1779,DFO,DFO-1713,Peru,2001-04-25,2001-04-26
1779,EM-DAT,2001-0271-PER,Peru,2001-04-25,2001-04-26
1780,DFO,DFO-1714,Brazil,2001-04-25,2001-04-26
1780,EM-DAT,2001-0213-BRA,Brazil,2001-04-25,2001-04-26
1781,DFO,DFO-1712,United States of America,2001-04-15,2001-05-15
1781,EM-DAT,2001-0268-USA,United States of America,2001-04-15,2001-05-15
1782,DFO,DFO-1709,Angola,2001-04-02,2001-04-09
1782,DFO,DFO-1711,Angola,2001-04-14,2001-04-15
1782,EM-DAT,2001-0146-AGO,Angola,2001-04-02,2001-04-09
1783,DFO,DFO-1710,France,2001-04-07,2001-05-02
1783,EM-DAT,2001-0229-FRA,France,2001-04-07,2001-05-02
1784,DFO,DFO-1706,France,2001-03-21,2001-03-28
1784,EM-DAT,2001-0193-FRA,France,2001-03-21,2001-03-28
1785,DFO,DFO-1702,Türkiye,2001-03-08,2001-03-08
1785,EM-DAT,2001-0188-TUR,Türkiye,2001-03-08,2001-03-08
1786,DFO,DFO-1703,Australia,2001-03-08,2001-03-15
1786,EM-DAT,2001-0130-AUS,Australia,2001-03-08,2001-03-15
1787,DFO,DFO-1704,Ecuador,2001-03-08,2001-03-10
1787,EM-DAT,2001-0186-ECU,Ecuador,2001-03-08,2001-03-10
1788,DFO,DFO-1708,Peru,2001-03-01,2001-03-21
1788,EM-DAT,2001-0117-PER,Peru,2001-03-01,2001-03-21
1789,DFO,DFO-1697,United States of America,2001-02-27,2001-03-01
1789,EM-DAT,2001-0262-USA,United States of America,2001-02-27,2001-03-01
1790,DFO,DFO-1698,United Republic of Tanzania,2001-02-27,2001-02-27
1790,EM-DAT,2001-0109-TZA,United Republic of Tanzania,2001-02-27,2001-02-27
1791,DFO,DFO-1696,Australia,2001-02-18,2001-02-23
1791,EM-DAT,2001-0103-AUS,Australia,2001-02-18,2001-02-23
1792,DFO,DFO-1689,Bolivia (Plurinational State of),2001-01-01,2001-03-22
1792,DFO,DFO-1695,Bolivia (Plurinational State of),2001-02-16,2001-02-22
1792,EM-DAT,2001-0029-BOL,Bolivia (Plurinational State of),2001-01-01,2001-03-22
1793,DFO,DFO-1693,Indonesia • Malaysia,2001-02-04,2001-02-18
1793,EM-DAT,2001-0051-IDN,Indonesia,2001-02-04,2001-02-18
1794,DFO,DFO-1692,Australia,2001-02-01,2001-02-06
1794,EM-DAT,2001-0087-AUS,Australia,2001-02-01,2001-02-01
1795,DFO,DFO-1691,Portugal,2001-01-26,2001-01-29
1795,EM-DAT,2001-0040-PRT,Portugal,2001-01-26,2001-01-29
1796,DFO,DFO-1687,Philippines,2001-01-15,2001-01-15
1796,EM-DAT,2001-0059-PHL,Philippines,2001-01-15,2001-01-15
1797,DFO,DFO-1685,France • Belgium,2001-01-05,2001-01-07
1797,EM-DAT,2001-0066-FRA,France,2001-01-01,2001-01-07
1798,DFO,DFO-1684,Malawi,2001-01-04,2001-01-04
1798,EM-DAT,2001-0025-MWI,Malawi,2001-01-01,2001-01-01
1799,DFO,DFO-1683,Mozambique • Somalia,2001-01-01,2001-04-27
1799,EM-DAT,2001-0019-MOZ,Mozambique,2001-01-01,2001-04-27
1800,DFO,DFO-1682,Croatia,2000-12-28,2000-12-30
1800,EM-DAT,2000-0868-HRV,Croatia,2000-12-28,2000-12-30
1801,DFO,DFO-1679,Brazil,2000-12-17,2000-12-26
1801,EM-DAT,2000-0809-BRA,Brazil,2000-12-17,2000-12-26
1802,DFO,DFO-1680,Australia,2000-12-15,2001-01-09
1802,EM-DAT,2001-0028-AUS,Australia,2001-01-01,2001-01-01
1803,DFO,DFO-1671,Indonesia • Malaysia,2000-11-21,2000-12-01
1803,DFO,DFO-1676,Indonesia,2000-11-30,2000-12-03
1803,DFO,DFO-1677,Indonesia,2000-12-03,2000-12-06
1803,EM-DAT,2000-0774-MYS,Malaysia,2000-11-21,2000-12-01
1803,EM-DAT,2000-0770-IDN,Indonesia,2000-11-28,2000-12-04
1803,EM-DAT,2000-0791-IDN,Indonesia,2000-12-03,2000-12-06
1804,DFO,DFO-1675,United Republic of Tanzania,2000-12-01,2000-12-31
1804,EM-DAT,2000-0790-TZA,United Republic of Tanzania,2000-12-01,2000-12-31
1805,DFO,DFO-1672,Somalia,2000-11-20,2000-11-30
1805,EM-DAT,2000-0778-SOM,Somalia,2000-11-20,2000-11-20
1806,DFO,DFO-1670,South Africa,2000-11-19,2000-11-23
1806,EM-DAT,2000-0754-ZAF,South Africa,2000-11-19,2000-11-23
1807,DFO,DFO-1668,Viet Nam,2000-11-18,2000-11-26
1807,EM-DAT,2000-0748-VNM,Viet Nam,2000-11-18,2000-11-26
1808,DFO,DFO-1669,Sri Lanka,2000-11-18,2000-11-22
1808,EM-DAT,2000-0741-LKA,Sri Lanka,2000-11-18,2000-11-22
1809,DFO,DFO-1667,Australia,2000-11-17,2000-12-02
1809,EM-DAT,2000-0750-AUS,Australia,2000-11-17,2000-12-02
1810,DFO,DFO-1665,Venezuela (Bolivarian Republic of),2000-11-12,2000-11-17
1810,EM-DAT,2000-0735-VEN,Venezuela (Bolivarian Republic of),2000-11-12,2000-11-17
1811,DFO,DFO-1662,Italy,2000-11-05,2000-11-07
1811,EM-DAT,2000-0752-ITA,Italy,2000-11-06,2000-11-26
1812,DFO,DFO-1659,United States of America,2000-11-02,2000-11-03
1812,DFO,DFO-1661,United States of America,2000-11-02,2000-11-07
1812,EM-DAT,2000-0865-USA,United States of America,2000-11-02,2000-11-02
1813,DFO,DFO-1646,United Kingdom of Great Britain and Northern Ireland,2000-10-11,2000-10-14
1813,DFO,DFO-1657,United Kingdom of Great Britain and Northern Ireland • Ireland,2000-10-29,2000-10-30
1813,EM-DAT,2000-0662-GBR,United Kingdom of Great Britain and Northern Ireland,2000-10-09,2000-11-12
1814,DFO,DFO-1653,Algeria • Morocco,2000-10-22,2000-10-25
1814,EM-DAT,2000-0692-DZA,Algeria,2000-10-22,2000-10-25
1814,EM-DAT,2000-0691-MAR,Morocco,2000-10-22,2000-10-25
1815,DFO,DFO-1651,Spain,2000-10-20,2000-10-26
1815,EM-DAT,2000-0699-ESP,Spain,2000-10-20,2000-10-23
1816,DFO,DFO-1650,Italy,2000-10-14,2000-10-22
1816,EM-DAT,2000-0671-ITA,Italy,2000-10-13,2000-10-16
1817,DFO,DFO-1648,Brazil,2000-10-12,2000-10-15
1817,EM-DAT,2000-0666-BRA,Brazil,2000-10-12,2000-10-15
1818,DFO,DFO-1649,China,2000-10-12,2000-10-18
1818,EM-DAT,2000-0677-CHN,China,2000-10-12,2000-10-18
1819,DFO,DFO-1614,Thailand • Viet Nam,2000-07-11,2000-08-10
1819,DFO,DFO-1622,Viet Nam • Thailand,2000-08-21,2000-08-28
1819,DFO,DFO-1629,Cambodia • Viet Nam,2000-08-28,2000-09-01
1819,DFO,DFO-1645,Viet Nam,2000-10-10,2000-10-19
1819,EM-DAT,2000-0408-VNM,Viet Nam,2000-07-01,2000-11-01
1819,EM-DAT,2000-0777-THA,Thailand,2000-09-01,2000-09-01
1820,DFO,DFO-1615,India,2000-07-17,2000-07-30
1820,DFO,DFO-1616,India,2000-07-31,2000-08-04
1820,DFO,DFO-1617,India • Bangladesh,2000-08-02,2000-08-30
1820,DFO,DFO-1623,India,2000-08-23,2000-08-31
1820,DFO,DFO-1626,India,2000-08-29,2000-09-14
1820,DFO,DFO-1628,India,2000-08-30,2000-09-01
1820,DFO,DFO-1641,India,2000-09-18,2000-10-21
1820,DFO,DFO-1642,Nigeria • Bangladesh,2000-09-20,2000-09-21
1820,EM-DAT,2000-0445-IND,India,2000-08-02,2000-08-30
1820,EM-DAT,2000-0534-IND,India,2000-08-23,2000-08-31
1820,EM-DAT,2000-0555-BGD,Bangladesh,2000-08-30,2000-08-30
1820,EM-DAT,2000-0617-BGD,Bangladesh,2000-09-01,2000-10-01
1820,EM-DAT,2000-0610-IND,India,2000-09-18,2000-10-21
1820,EM-DAT,2000-0620-NGA,Nigeria,2000-09-20,2000-09-21
1820,EM-DAT,2000-0628-NGA,Nigeria,2000-09-23,2000-09-23
1820,EM-DAT,2000-0738-IND,India,2000-10-19,2000-10-19
1821,DFO,DFO-1644,Colombia,2000-09-20,2000-09-30
1821,EM-DAT,2000-0648-COL,Colombia,2000-09-20,2000-09-20
1822,DFO,DFO-1638,Sri Lanka,2000-09-18,2000-09-22
1822,EM-DAT,2000-0613-LKA,Sri Lanka,2000-09-18,2000-09-22
1823,DFO,DFO-1637,Brazil,2000-09-16,2000-09-18
1823,EM-DAT,2000-0590-BRA,Brazil,2000-09-16,2000-09-18
1824,DFO,DFO-1636,Guatemala,2000-09-15,2000-09-17
1824,EM-DAT,2000-0609-GTM,Guatemala,2000-09-15,2000-09-17
1825,DFO,DFO-1635,Japan • Republic of Korea,2000-09-11,2000-09-17
1825,EM-DAT,2000-0606-JPN,Japan,2000-09-10,2000-09-17
1826,DFO,DFO-1633,El Salvador,2000-09-05,2000-09-08
1826,EM-DAT,2000-0595-SLV,El Salvador,2000-09-05,2000-09-09
1827,DFO,DFO-1632,Philippines,2000-09-04,2000-09-05
1827,EM-DAT,2000-0597-PHL,Philippines,2000-09-04,2000-09-05
1828,DFO,DFO-1627,China • Russian Federation,2000-08-30,2000-09-10
1828,EM-DAT,2000-0549-RUS,Russian Federation,2000-08-28,2000-08-28
1829,DFO,DFO-1625,Republic of Korea,2000-08-26,2000-08-29
1829,EM-DAT,2000-0535-KOR,Republic of Korea,2000-08-26,2000-08-29
1830,DFO,DFO-1624,Ethiopia,2000-08-10,2000-08-21
1830,EM-DAT,2000-0497-ETH,Ethiopia,2000-08-10,2000-08-21
1831,DFO,DFO-1621,Iran (Islamic Republic of),2000-08-07,2000-08-09
1831,EM-DAT,2000-0499-IRN,Iran (Islamic Republic of),2000-08-08,2000-08-09
1832,DFO,DFO-1620,Cameroon,2000-08-03,2000-08-05
1832,EM-DAT,2000-0475-CMR,Cameroon,2000-08-03,2000-08-05
1833,DFO,DFO-1619,Russian Federation,2000-07-30,2000-08-06
1833,EM-DAT,2000-0478-RUS,Russian Federation,2000-07-30,2000-08-06
1833,EM-DAT,2000-0354-RUS,Russian Federation,2000-08-01,2000-08-01
1834,DFO,DFO-1605,China,2000-05-31,2000-06-19
1834,DFO,DFO-1610,China,2000-06-17,2000-06-30
1834,DFO,DFO-1613,China,2000-06-30,2000-07-10
1834,EM-DAT,2000-0302-CHN,China,2000-05-31,2000-06-19
1834,EM-DAT,2000-0330-CHN,China,2000-06-01,2000-06-01
1834,EM-DAT,2000-0376-CHN,China,2000-06-08,2000-06-08
1834,EM-DAT,2000-0372-CHN,China,2000-06-17,2000-06-30
1834,EM-DAT,2000-0472-CHN,China,2000-07-11,2000-07-14
1835,DFO,DFO-1603,Bangladesh,2000-05-27,2000-06-19
1835,DFO,DFO-1611,Bangladesh,2000-06-19,2000-06-26
1835,EM-DAT,2000-0373-BGD,Bangladesh,2000-06-24,2000-06-24
1836,DFO,DFO-1606,India,2000-06-10,2000-06-16
1836,EM-DAT,2000-0332-IND,India,2000-06-10,2000-06-10
1837,DFO,DFO-1609,Guatemala,2000-06-06,2000-06-21
1837,EM-DAT,2000-0299-GTM,Guatemala,2000-06-06,2000-06-21
1838,DFO,DFO-1607,Chile,2000-06-05,2000-06-16
1838,EM-DAT,2000-0310-CHL,Chile,2000-06-05,2000-06-16
1838,EM-DAT,2000-0375-CHL,Chile,2000-06-12,2000-06-26
1839,DFO,DFO-1601,Colombia,2000-05-18,2000-05-24
1839,EM-DAT,2000-0265-COL,Colombia,2000-05-18,2000-05-24
1840,DFO,DFO-1602,Türkiye,2000-05-18,2000-05-24
1840,EM-DAT,2000-0281-TUR,Türkiye,2000-05-27,2000-05-27
1841,DFO,DFO-1600,Timor-Leste • Indonesia,2000-05-16,2000-05-24
1841,EM-DAT,2000-0258-IDN,Indonesia,2000-05-16,2000-05-24
1842,DFO,DFO-1597,United States of America,2000-05-06,2000-05-09
1842,EM-DAT,2000-0271-USA,United States of America,2000-05-06,2000-05-09
1842,EM-DAT,2000-0232-USA,United States of America,2000-05-06,2000-05-09
1843,DFO,DFO-1598,Somalia,2000-05-01,2000-05-30
1843,EM-DAT,2000-0259-SOM,Somalia,2000-05-01,2000-05-01
1844,DFO,DFO-1596,China,2000-04-13,2000-04-17
1844,EM-DAT,2000-0200-CHN,China,2000-04-13,2000-04-17
1845,DFO,DFO-1595,Romania • Hungary,2000-04-05,2000-04-25
1845,EM-DAT,2000-0191-HUN,Hungary,2000-04-05,2000-04-25
1845,EM-DAT,2000-0187-ROU,Romania,2000-04-05,2000-04-25
1846,DFO,DFO-1591,Argentina,2000-03-09,2000-03-17
1846,EM-DAT,2000-0116-ARG,Argentina,2000-03-09,2000-03-17
1847,DFO,DFO-1592,Czechia • Romania,2000-03-09,2000-03-11
1847,EM-DAT,2000-0167-CZE,Czechia,2000-03-08,2000-03-13
1847,EM-DAT,2000-0167-ROU,Romania,2000-03-09,2000-03-11
1848,DFO,DFO-1593,South Africa,2000-03-09,2000-03-15
1848,EM-DAT,2000-0043-ZAF,South Africa,2000-01-26,2000-03-27
1849,DFO,DFO-1589,Zambia,2000-03-03,2000-03-04
1849,EM-DAT,2000-0103-ZMB,Zambia,2000-03-03,2000-03-04
1850,DFO,DFO-1585,United States of America,2000-02-18,2000-02-22
1850,EM-DAT,2000-0080-USA,United States of America,2000-02-18,2000-02-22
1851,DFO,DFO-1584,Philippines,2000-01-28,2000-02-01
1851,EM-DAT,2000-0066-PHL,Philippines,2000-01-22,2000-01-22
1851,EM-DAT,2000-0038-PHL,Philippines,2000-01-28,2000-02-01
1852,DFO,DFO-1583,Mozambique,2000-01-26,2000-03-27
1852,EM-DAT,2000-0012-MOZ,Mozambique,2000-01-26,2000-03-27
1853,DFO,DFO-1582,Angola,2000-01-08,2000-01-15
1853,EM-DAT,2000-0002-AGO,Angola,2000-01-08,2000-01-15
1854,DFO,DFO-1581,Brazil,2000-01-01,2000-01-10
1854,EM-DAT,2000-0019-BRA,Brazil,2000-01-01,2000-01-06
1855,DFO,DFO-1578,South Africa,1999-12-21,1999-12-23
1855,EM-DAT,1999-0593-ZAF,South Africa,1999-12-21,1999-12-23
1856,DFO,DFO-1576,Venezuela (Bolivarian Republic of) • Colombia,1999-12-15,1999-12-20
1856,EM-DAT,1999-0547-VEN,Venezuela (Bolivarian Republic of),1999-12-15,1999-12-20
1857,DFO,DFO-1574,Thailand,1999-12-04,1999-12-07
1857,EM-DAT,1999-0616-THA,Thailand,1999-12-04,1999-12-07
1858,DFO,DFO-1572,Viet Nam,1999-12-02,1999-12-10
1858,EM-DAT,1999-0574-VNM,Viet Nam,1999-12-02,1999-12-10
1859,DFO,DFO-1569,Democratic Republic of the Congo • Congo,1999-11-29,1999-12-31
1859,EM-DAT,1999-0531-COD,Democratic Republic of the Congo,1999-11-29,1999-11-29
1860,DFO,DFO-1570,United States of America,1999-11-26,1999-11-28
1860,EM-DAT,1999-0740-USA,United States of America,1999-11-26,1999-11-28
1861,DFO,DFO-1568,France,1999-11-12,1999-11-15
1861,EM-DAT,1999-0450-FRA,France,1999-11-12,1999-11-15
1862,DFO,DFO-1566,Ethiopia,1999-10-30,1999-11-02
1862,EM-DAT,1999-0431-ETH,Ethiopia,1999-10-30,1999-11-02
1863,DFO,DFO-1563,Nigeria,1999-10-26,1999-11-08
1863,EM-DAT,1999-0430-NGA,Nigeria,1999-10-26,1999-11-08
1864,DFO,DFO-1564,South Africa,1999-10-26,1999-10-28
1864,EM-DAT,1999-0426-ZAF,South Africa,1999-10-26,1999-10-28
1865,DFO,DFO-1565,Viet Nam • Thailand,1999-10-25,1999-11-09
1865,EM-DAT,1999-0427-THA,Thailand,1999-10-25,1999-11-09
1865,EM-DAT,1999-0428-VNM,Viet Nam,1999-10-25,1999-11-09
1866,DFO,DFO-1546,Mexico,1999-09-07,1999-09-08
1866,DFO,DFO-1552,El Salvador,1999-09-10,1999-09-13
1866,DFO,DFO-1558,Mexico • El Salvador,1999-09-12,1999-10-12
1866,DFO,DFO-1561,Mexico,1999-10-12,1999-10-29
1866,EM-DAT,1999-0349-SLV,El Salvador,1999-09-10,1999-09-13
1866,EM-DAT,1999-0391-MEX,Mexico,1999-09-12,1999-10-29
1867,DFO,DFO-1560,Nigeria • Ghana,1999-09-15,1999-10-11
1867,EM-DAT,1999-0370-NGA,Nigeria,1999-09-15,1999-10-10
1868,DFO,DFO-1575,Colombia,1999-09-15,1999-12-15
1868,EM-DAT,1999-0372-COL,Colombia,1999-10-04,1999-10-15
1868,EM-DAT,1999-0448-COL,Colombia,1999-11-01,1999-11-01
1869,DFO,DFO-1554,Niger,1999-09-07,1999-09-14
1869,EM-DAT,1999-0387-NER,Niger,1999-09-07,1999-09-14
1870,DFO,DFO-1548,China,1999-09-06,1999-09-07
1870,EM-DAT,1999-0645-CHN,China,1999-09-06,1999-09-07
1871,DFO,DFO-1551,Ghana,1999-09-03,1999-09-13
1871,EM-DAT,1999-0315-GHA,Ghana,1999-09-01,1999-09-01
1872,DFO,DFO-1550,Ethiopia,1999-08-23,1999-09-07
1872,EM-DAT,1999-0351-ETH,Ethiopia,1999-08-23,1999-09-09
1873,DFO,DFO-1521,China,1999-04-25,1999-06-29
1873,DFO,DFO-1512,China,1999-05-26,1999-06-23
1873,DFO,DFO-1515,China,1999-06-12,1999-06-19
1873,DFO,DFO-1522,China,1999-06-23,1999-08-03
1873,DFO,DFO-1529,China,1999-07-13,1999-07-15
1873,DFO,DFO-1536,China,1999-08-04,1999-08-07
1873,DFO,DFO-1539,China,1999-08-12,1999-08-16
1873,DFO,DFO-1543,China,1999-08-21,1999-08-25
1873,EM-DAT,1999-0118-CHN,China,1999-04-25,1999-04-25
1873,EM-DAT,1999-0191-CHN,China,1999-06-23,1999-08-03
1873,EM-DAT,1999-0731-CHN,China,1999-07-03,1999-07-03
1873,EM-DAT,1999-0733-CHN,China,1999-08-12,1999-08-14
1873,EM-DAT,1999-0735-CHN,China,1999-08-14,1999-08-14
1874,DFO,DFO-1542,Venezuela (Bolivarian Republic of),1999-08-17,1999-08-21
1874,EM-DAT,1999-0282-VEN,Venezuela (Bolivarian Republic of),1999-08-17,1999-08-21
1875,DFO,DFO-1517,Bangladesh,1999-06-21,1999-07-06
1875,DFO,DFO-1527,Bangladesh • India,1999-07-11,1999-08-03
1875,DFO,DFO-1540,Bangladesh • India,1999-08-11,1999-08-15
1875,EM-DAT,1999-0730-BGD,Bangladesh,1999-06-30,1999-07-20
1875,EM-DAT,1999-0213-IND,India,1999-07-11,1999-08-03
1875,EM-DAT,1999-0225-BGD,Bangladesh,1999-07-11,1999-08-03
1875,EM-DAT,1999-0734-BGD,Bangladesh,1999-07-28,1999-08-05
1875,EM-DAT,1999-0277-BGD,Bangladesh,1999-08-11,1999-08-15
1876,DFO,DFO-1537,Iran (Islamic Republic of),1999-08-08,1999-08-09
1876,EM-DAT,1999-0276-IRN,Iran (Islamic Republic of),1999-08-08,1999-08-09
1877,DFO,DFO-1535,Cambodia,1999-08-02,1999-08-08
1877,EM-DAT,1999-0259-KHM,Cambodia,1999-08-02,1999-08-08
1878,DFO,DFO-1534,Sudan,1999-08-01,1999-09-10
1878,EM-DAT,1999-0264-SDN,Sudan,1999-08-01,1999-09-10
1878,EM-DAT,1999-0316-SDN,Sudan,1999-09-10,1999-09-10
1879,DFO,DFO-1541,Chad,1999-08-01,1999-08-23
1879,EM-DAT,1999-0265-TCD,Chad,1999-08-01,1999-08-23
1880,DFO,DFO-1533,Democratic People's Republic of Korea • Republic of Korea,1999-07-30,1999-08-08
1880,EM-DAT,1999-0247-KOR,Republic of Korea,1999-07-30,1999-08-08
1880,EM-DAT,1999-0248-PRK,Democratic People's Republic of Korea,1999-07-30,1999-08-08
1881,DFO,DFO-1532,Viet Nam • Thailand,1999-07-24,1999-08-05
1881,EM-DAT,1999-0269-THA,Thailand,1999-07-24,1999-08-05
1881,EM-DAT,1999-0244-VNM,Viet Nam,1999-07-24,1999-08-05
1881,EM-DAT,1999-0353-THA,Thailand,1999-08-01,1999-08-01
1882,DFO,DFO-1530,Iran (Islamic Republic of),1999-07-15,1999-07-27
1882,EM-DAT,1999-0235-IRN,Iran (Islamic Republic of),1999-07-15,1999-07-27
1883,DFO,DFO-1525,Romania • Hungary,1999-07-09,1999-07-16
1883,EM-DAT,1999-0203-HUN,Hungary,1999-07-09,1999-07-16
1883,EM-DAT,1999-0231-ROU,Romania,1999-07-11,1999-07-16
1884,DFO,DFO-1523,Tajikistan,1999-07-07,1999-07-12
1884,EM-DAT,1999-0229-TJK,Tajikistan,1999-07-07,1999-07-12
1885,DFO,DFO-1519,Japan,1999-06-28,1999-06-30
1885,EM-DAT,1999-0243-JPN,Japan,1999-06-28,1999-06-30
1886,DFO,DFO-1516,Romania • Slovakia,1999-06-22,1999-07-01
1886,EM-DAT,1999-0230-ROU,Romania,1999-06-09,1999-06-25
1886,EM-DAT,1999-0233-SVK,Slovakia,1999-06-22,1999-07-01
1887,DFO,DFO-1514,Mexico,1999-06-14,1999-06-16
1887,EM-DAT,1999-0193-MEX,Mexico,1999-06-12,1999-06-12
1887,EM-DAT,1999-0241-MEX,Mexico,1999-06-14,1999-06-16
1888,DFO,DFO-1507,Switzerland • Germany,1999-05-12,1999-05-17
1888,DFO,DFO-1511,Germany • Austria,1999-05-22,1999-05-29
1888,EM-DAT,1999-0182-AUT,Austria,1999-05-11,1999-06-30
1888,EM-DAT,1999-0182-CHE,Switzerland,1999-05-11,1999-05-29
1888,EM-DAT,1999-0182-DEU,Germany,1999-05-12,1999-05-29
1889,DFO,DFO-1509,Peru,1999-05-13,1999-05-24
1889,EM-DAT,1999-0704-PER,Peru,1999-05-13,1999-05-24
1890,DFO,DFO-1505,Sri Lanka,1999-04-17,1999-04-22
1890,EM-DAT,1999-0161-LKA,Sri Lanka,1999-04-17,1999-04-22
1891,DFO,DFO-1500,Bolivia (Plurinational State of),1999-03-15,1999-03-18
1891,EM-DAT,1999-0120-BOL,Bolivia (Plurinational State of),1999-03-15,1999-03-18
1892,DFO,DFO-1498,United Kingdom of Great Britain and Northern Ireland,1999-03-07,1999-03-13
1892,EM-DAT,1999-0091-GBR,United Kingdom of Great Britain and Northern Ireland,1999-03-07,1999-03-13
1893,DFO,DFO-1503,Belarus,1999-03-07,1999-04-10
1893,EM-DAT,1999-0132-BLR,Belarus,1999-03-07,1999-04-10
1894,DFO,DFO-1496,Romania • Hungary,1999-02-21,1999-03-18
1894,EM-DAT,1999-0064-HUN,Hungary,1999-02-21,1999-03-18
1895,DFO,DFO-1493,Philippines,1999-02-20,1999-02-22
1895,EM-DAT,1999-0053-PHL,Philippines,1999-02-20,1999-02-22
1895,EM-DAT,1999-0608-PHL,Philippines,1999-03-01,1999-03-01
1896,DFO,DFO-1497,Mozambique,1999-01-15,1999-03-15
1896,EM-DAT,1999-0071-MOZ,Mozambique,1999-01-15,1999-03-15
1897,DFO,DFO-1478,Indonesia,1998-12-27,1998-12-31
1897,EM-DAT,1999-0002-IDN,Indonesia,1999-01-05,1999-01-05
1898,DFO,DFO-1477,Congo,1998-11-24,1998-11-30
1898,EM-DAT,1998-0397-COG,Congo,1998-11-24,1998-11-30
1899,DFO,DFO-1467,Ukraine • Slovakia,1998-11-05,1998-11-23
1899,EM-DAT,1998-0359-UKR,Ukraine,1998-11-08,1998-11-08
1900,DFO,DFO-1462,Viet Nam,1998-10-16,1998-10-23
1900,EM-DAT,1998-0316-VNM,Viet Nam,1998-10-16,1998-10-23
1901,DFO,DFO-1454,Nigeria,1998-10-12,1998-10-18
1901,EM-DAT,1998-0308-NGA,Nigeria,1998-10-10,1998-10-10
1902,DFO,DFO-1458,Brazil,1998-10-03,1998-10-14
1902,EM-DAT,1998-0332-BRA,Brazil,1998-10-03,1998-10-14
1903,DFO,DFO-1449,Liberia,1998-09-17,1998-10-02
1903,EM-DAT,1998-0331-LBR,Liberia,1998-09-17,1998-10-02
1904,DFO,DFO-1413,Bangladesh • India,1998-07-05,1998-09-22
1904,DFO,DFO-1444,India,1998-09-16,1998-09-18
1904,EM-DAT,1998-0203-BGD,Bangladesh,1998-07-05,1998-09-22
1904,EM-DAT,1998-0392-IND,India,1998-08-01,1998-08-01
1904,EM-DAT,1998-0449-IND,India,1998-09-16,1998-09-18
1904,EM-DAT,1998-0450-IND,India,1998-09-20,1998-09-20
1905,DFO,DFO-1442,Belgium • Netherlands (Kingdom of the),1998-09-14,1998-09-16
1905,EM-DAT,1998-0292-BEL,Belgium,1998-09-12,1998-09-14
1905,EM-DAT,1998-0293-NLD,Netherlands (Kingdom of the),1998-09-13,1998-09-14
1906,DFO,DFO-1432,United States of America • Mexico,1998-08-22,1998-08-27
1906,DFO,DFO-1438,Mexico • Guatemala,1998-09-03,1998-09-12
1906,EM-DAT,1998-0289-MEX,Mexico,1998-09-03,1998-09-12
1906,EM-DAT,1998-0448-MEX,Mexico,1998-09-17,1998-09-17
1907,DFO,DFO-1434,Japan,1998-08-28,1998-09-02
1907,EM-DAT,1998-0248-JPN,Japan,1998-08-26,1998-08-26
1908,DFO,DFO-1435,Sudan,1998-08-28,1998-09-10
1908,EM-DAT,1998-0251-SDN,Sudan,1998-08-28,1998-09-10
1909,DFO,DFO-1380,China,1998-06-09,1998-06-12
1909,DFO,DFO-1398,China,1998-06-12,1998-07-09
1909,DFO,DFO-1399,China,1998-06-12,1998-06-25
1909,DFO,DFO-1400,China,1998-06-12,1998-06-27
1909,DFO,DFO-1396,China,1998-06-15,1998-06-28
1909,DFO,DFO-1394,China,1998-06-18,1998-07-13
1909,DFO,DFO-1397,China,1998-06-18,1998-06-19
1909,DFO,DFO-1395,China,1998-06-25,1998-07-06
1909,DFO,DFO-1393,China,1998-06-27,1998-07-13
1909,DFO,DFO-1392,China,1998-07-04,1998-07-20
1909,DFO,DFO-1391,China,1998-07-17,1998-08-05
1909,DFO,DFO-1389,China,1998-08-03,1998-08-07
1909,DFO,DFO-1390,China,1998-08-05,1998-09-07
1909,DFO,DFO-1428,China,1998-08-08,1998-09-14
1909,DFO,DFO-1388,China,1998-08-19,1998-08-29
1909,DFO,DFO-1436,China • Nepal,1998-08-28,1998-08-31
1909,EM-DAT,1998-0445-CHN,China,1998-06-11,1998-06-11
1909,EM-DAT,1998-0165-CHN,China,1998-07-01,1998-08-30
1909,EM-DAT,1998-0221-NPL,Nepal,1998-07-04,1998-08-25
1909,EM-DAT,1998-0604-CHN,China,1998-08-08,1998-09-14
1909,EM-DAT,1998-0282-NPL,Nepal,1998-08-28,1998-08-31
1909,EM-DAT,1998-0321-CHN,China,1998-08-31,1998-08-31
1910,DFO,DFO-1429,Yemen,1998-08-14,1998-08-30
1910,EM-DAT,1998-0263-YEM,Yemen,1998-08-14,1998-08-30
1911,DFO,DFO-1426,Türkiye,1998-08-10,1998-08-11
1911,EM-DAT,1998-0255-TUR,Türkiye,1998-08-10,1998-08-11
1912,DFO,DFO-1425,United States of America,1998-08-04,1998-08-06
1912,EM-DAT,1998-0605-USA,United States of America,1998-08-04,1998-08-06
1912,EM-DAT,1998-0256-USA,United States of America,1998-08-07,1998-08-07
1913,DFO,DFO-1424,Democratic People's Republic of Korea • Republic of Korea,1998-07-31,1998-08-01
1913,EM-DAT,1998-0219-KOR,Republic of Korea,1998-07-31,1998-08-10
1914,DFO,DFO-1421,Czechia,1998-07-23,1998-07-24
1914,EM-DAT,1998-0224-CZE,Czechia,1998-07-23,1998-07-27
1915,DFO,DFO-1422,Indonesia,1998-07-23,1998-07-26
1915,EM-DAT,1998-0355-IDN,Indonesia,1998-08-02,1998-08-02
1916,DFO,DFO-1423,Poland,1998-07-23,1998-07-27
1916,EM-DAT,1998-0225-POL,Poland,1998-07-23,1998-07-27
1917,DFO,DFO-1418,Uganda,1998-07-20,1998-07-24
1917,EM-DAT,1998-0240-UGA,Uganda,1998-07-31,1998-07-31
1918,DFO,DFO-1420,Slovakia,1998-07-20,1998-07-24
1918,EM-DAT,1998-0224-SVK,Slovakia,1998-07-20,1998-07-24
1919,DFO,DFO-1419,Australia,1998-07-19,1998-09-10
1919,EM-DAT,1998-0227-AUS,Australia,1998-07-17,1998-09-08
1919,EM-DAT,1998-0261-AUS,Australia,1998-07-21,1998-09-09
1920,DFO,DFO-1417,Sri Lanka,1998-07-17,1998-07-20
1920,EM-DAT,1998-0226-LKA,Sri Lanka,1998-07-17,1998-07-20
1921,DFO,DFO-1405,Romania,1998-06-08,1998-06-24
1921,DFO,DFO-1404,Romania,1998-07-01,1998-07-10
1921,EM-DAT,1998-0193-ROU,Romania,1998-06-19,1998-07-01
1922,DFO,DFO-1411,New Zealand,1998-06-30,1998-07-20
1922,EM-DAT,1998-0211-NZL,New Zealand,1998-06-30,1998-07-20
1923,DFO,DFO-1385,United States of America,1998-06-13,1998-06-19
1923,DFO,DFO-1401,United States of America,1998-06-13,1998-06-17
1923,DFO,DFO-1402,United States of America,1998-06-14,1998-06-15
1923,DFO,DFO-1409,United States of America,1998-06-24,1998-07-01
1923,EM-DAT,1998-0606-USA,United States of America,1998-06-13,1998-06-17
1923,EM-DAT,1998-0199-USA,United States of America,1998-06-24,1998-07-01
1923,EM-DAT,1998-0200-USA,United States of America,1998-06-29,1998-06-29
1924,DFO,DFO-1406,Australia,1998-06-22,1998-06-24
1924,EM-DAT,1998-0192-AUS,Australia,1998-06-22,1998-06-24
1925,DFO,DFO-1386,Türkiye,1998-06-12,1998-06-15
1925,EM-DAT,1998-0189-TUR,Türkiye,1998-06-12,1998-06-12
1926,DFO,DFO-1362,Russian Federation,1998-05-16,1998-06-06
1926,DFO,DFO-1377,Russian Federation,1998-06-03,1998-06-07
1926,EM-DAT,1998-0179-RUS,Russian Federation,1998-05-16,1998-06-06
1926,EM-DAT,1998-0166-RUS,Russian Federation,1998-05-17,1998-05-17
1927,DFO,DFO-1378,Taiwan (Province of China),1998-06-01,1998-06-08
1927,EM-DAT,1998-0607-TWN,Taiwan (Province of China),1998-06-01,1998-06-08
1928,DFO,DFO-1361,China,1998-05-12,1998-05-17
1928,DFO,DFO-1366,China,1998-05-16,1998-05-20
1928,DFO,DFO-1367,China,1998-05-20,1998-05-21
1928,DFO,DFO-1368,China,1998-05-20,1998-05-25
1928,DFO,DFO-1369,China,1998-05-20,1998-05-24
1928,DFO,DFO-1370,China,1998-05-20,1998-05-25
1928,DFO,DFO-1371,China,1998-05-24,1998-06-01
1928,EM-DAT,1998-0174-CHN,China,1998-05-24,1998-05-24
1929,DFO,DFO-1364,Türkiye,1998-05-20,1998-05-23
1929,EM-DAT,1998-0167-TUR,Türkiye,1998-05-20,1998-05-23
1930,DFO,DFO-1372,Kyrgyzstan,1998-05-18,1998-05-22
1930,EM-DAT,1998-0213-KGZ,Kyrgyzstan,1998-05-18,1998-05-22
1931,DFO,DFO-1360,Iran (Islamic Republic of),1998-05-12,1998-05-16
1931,EM-DAT,1998-0157-IRN,Iran (Islamic Republic of),1998-05-12,1998-05-16
1932,DFO,DFO-1353,Russian Federation,1998-05-04,1998-05-07
1932,EM-DAT,1998-0121-RUS,Russian Federation,1998-05-07,1998-05-07
1933,DFO,DFO-1350,United Republic of Tanzania,1998-04-27,1998-05-04
1933,EM-DAT,1998-0112-TZA,United Republic of Tanzania,1998-04-27,1998-05-04
1934,DFO,DFO-1344,Tajikistan,1998-04-24,1998-04-27
1934,DFO,DFO-1345,Tajikistan,1998-04-24,1998-05-07
1934,EM-DAT,1998-0111-TJK,Tajikistan,1998-04-24,1998-04-27
1935,DFO,DFO-1351,Paraguay,1998-03-01,1998-05-07
1935,DFO,DFO-1334,Argentina • Paraguay,1998-04-14,1998-05-10
1935,EM-DAT,1998-0080-PRY,Paraguay,1998-04-11,1998-05-08
1935,EM-DAT,1998-0080-ARG,Argentina,1998-04-11,1998-06-24
1936,DFO,DFO-1339,Brazil,1998-04-11,1998-04-11
1936,EM-DAT,1998-0080-BRA,Brazil,1998-04-11,1998-05-08
1937,DFO,DFO-1333,United Kingdom of Great Britain and Northern Ireland,1998-04-10,1998-04-13
1937,EM-DAT,1998-0441-GBR,United Kingdom of Great Britain and Northern Ireland,1998-04-09,1998-04-13
1938,DFO,DFO-1327,Iran (Islamic Republic of),1998-03-28,1998-04-05
1938,EM-DAT,1998-0085-IRN,Iran (Islamic Republic of),1998-03-28,1998-04-04
1939,DFO,DFO-1330,Canada,1998-03-28,1998-04-06
1939,EM-DAT,1998-0091-CAN,Canada,1998-03-28,1998-03-28
1940,DFO,DFO-1311,United States of America,1998-03-07,1998-03-13
1940,DFO,DFO-1324,United States of America,1998-03-20,1998-03-24
1940,EM-DAT,1998-0066-USA,United States of America,1998-03-07,1998-03-13
1941,DFO,DFO-1321,Yemen,1998-03-14,1998-03-16
1941,EM-DAT,1998-0052-YEM,Yemen,1998-03-14,1998-03-16
1942,DFO,DFO-1308,Pakistan • Iran (Islamic Republic of),1998-03-02,1998-03-05
1942,EM-DAT,1998-0048-PAK,Pakistan,1998-03-02,1998-03-05
1943,DFO,DFO-1309,Australia,1998-03-01,1998-03-06
1943,EM-DAT,1998-0059-AUS,Australia,1998-03-05,1998-03-05
1944,DFO,DFO-1307,Afghanistan,1998-02-20,1998-02-27
1944,EM-DAT,1998-0054-AFG,Afghanistan,1998-02-20,1998-02-27
1945,DFO,DFO-1316,Russian Federation,1998-02-18,1998-03-07
1945,EM-DAT,1998-0608-RUS,Russian Federation,1998-02-18,1998-03-07
1946,DFO,DFO-1287,Ecuador,1997-11-01,1997-11-30
1946,DFO,DFO-1299,Peru • Ecuador,1997-11-15,1998-02-12
1946,DFO,DFO-1303,Peru • Ecuador,1998-02-10,1998-03-15
1946,EM-DAT,1997-0526-ECU,Ecuador,1997-10-01,1998-03-01
1947,DFO,DFO-1315,Greece,1998-02-06,1998-02-07
1947,EM-DAT,1998-0023-GRC,Greece,1998-02-06,1998-02-07
1948,DFO,DFO-1296,Australia,1998-01-01,1998-02-01
1948,DFO,DFO-1300,Australia,1998-01-25,1998-01-28
1948,EM-DAT,1998-0011-AUS,Australia,1998-01-01,1998-02-01
1948,EM-DAT,1998-0022-AUS,Australia,1998-01-25,1998-01-28
1949,DFO,DFO-1314,Malawi,1998-01-19,1998-02-04
1949,EM-DAT,1998-0018-MWI,Malawi,1998-01-19,1998-02-04
1950,DFO,DFO-1200,Albania,1997-12-20,1997-12-23
1950,EM-DAT,1997-0302-ALB,Albania,1997-12-20,1997-12-23
1951,DFO,DFO-1201,United Republic of Tanzania,1997-12-20,1997-12-31
1951,EM-DAT,1997-0306-TZA,United Republic of Tanzania,1997-12-20,1997-12-31
1952,DFO,DFO-1305,Bulgaria • Türkiye,1997-12-14,1998-02-16
1952,EM-DAT,1997-0572-BGR,Bulgaria,1997-12-14,1998-02-16
1953,DFO,DFO-1286,Uganda,1997-11-14,1997-11-28
1953,EM-DAT,1997-0301-UGA,Uganda,1997-11-14,1997-11-28
1954,DFO,DFO-1313,Somalia,1997-10-15,1998-01-09
1954,DFO,DFO-1195,Somalia • Kenya,1997-10-19,1997-11-28
1954,EM-DAT,1997-0265-SOM,Somalia,1997-10-19,1997-11-17
1955,DFO,DFO-1278,Egypt,1997-10-17,1997-10-23
1955,EM-DAT,1997-0250-EGY,Egypt,1997-10-18,1997-10-20
1956,DFO,DFO-1279,Israel,1997-10-17,1997-10-19
1956,EM-DAT,1997-0250-ISR,Israel,1997-10-17,1997-10-19
1957,DFO,DFO-1280,Jordan,1997-10-17,1997-10-19
1957,EM-DAT,1997-0250-JOR,Jordan,1997-10-18,1997-10-20
1958,DFO,DFO-1191,Brazil • Argentina,1997-10-05,1997-10-15
1958,DFO,DFO-1193,Brazil,1997-10-15,1997-10-22
1958,EM-DAT,1997-0249-BRA,Brazil,1997-10-15,1997-10-22
1959,DFO,DFO-1192,Colombia,1997-10-14,1997-10-16
1959,EM-DAT,1997-0569-COL,Colombia,1997-10-14,1997-10-16
1960,DFO,DFO-1282,Sudan,1997-10-07,1997-10-09
1960,EM-DAT,1997-0268-SDN,Sudan,1997-10-01,1997-10-01
1961,DFO,DFO-1187,Morocco,1997-09-28,1997-09-29
1961,EM-DAT,1997-0236-MAR,Morocco,1997-09-28,1997-09-29
1962,DFO,DFO-1189,Spain,1997-09-28,1997-10-01
1962,EM-DAT,1997-0237-ESP,Spain,1997-09-28,1997-10-01
1963,DFO,DFO-1275,India,1997-09-19,1997-09-24
1963,EM-DAT,1997-0357-IND,India,1997-09-19,1997-09-24
1964,DFO,DFO-1184,Sri Lanka,1997-09-13,1997-09-17
1964,EM-DAT,1997-0570-LKA,Sri Lanka,1997-09-13,1997-09-19
1965,DFO,DFO-1182,Afghanistan,1997-09-07,1997-09-08
1965,EM-DAT,1997-0356-AFG,Afghanistan,1997-09-07,1997-09-08
1966,DFO,DFO-1180,China,1997-08-19,1997-08-25
1966,DFO,DFO-1273,China,1997-09-01,1997-09-08
1966,EM-DAT,1997-0354-CHN,China,1997-09-01,1997-09-08
1967,DFO,DFO-1232,India,1997-06-22,1997-08-26
1967,DFO,DFO-1256,India,1997-07-05,1997-07-22
1967,DFO,DFO-1258,India,1997-07-05,1997-07-14
1967,DFO,DFO-1168,India,1997-08-01,1997-08-11
1967,DFO,DFO-1172,India,1997-08-08,1997-08-14
1967,DFO,DFO-1267,India,1997-08-19,1997-08-24
1967,DFO,DFO-1265,India,1997-08-22,1997-08-26
1967,EM-DAT,1997-0337-IND,India,1997-06-22,1997-06-28
1967,EM-DAT,1997-0348-IND,India,1997-08-01,1997-08-01
1967,EM-DAT,1997-0170-IND,India,1997-08-08,1997-08-14
1967,EM-DAT,1997-0182-IND,India,1997-08-22,1997-08-22
1967,EM-DAT,1997-0260-IND,India,1997-09-01,1997-09-01
1968,DFO,DFO-1181,Pakistan,1997-08-12,1997-09-03
1968,EM-DAT,1997-0183-PAK,Pakistan,1997-08-12,1997-09-03
1969,DFO,DFO-1170,United States of America,1997-08-10,1997-08-12
1969,EM-DAT,1997-0172-USA,United States of America,1997-08-10,1997-08-12
1970,DFO,DFO-1176,Myanmar,1997-08-10,1997-08-20
1970,EM-DAT,1997-0177-MMR,Myanmar,1997-08-21,1997-08-21
1971,DFO,DFO-1158,China,1997-07-06,1997-08-01
1971,DFO,DFO-1254,China,1997-07-10,1997-07-30
1971,DFO,DFO-1257,China,1997-07-15,1997-07-18
1971,DFO,DFO-1255,China,1997-07-17,1997-07-22
1971,DFO,DFO-1167,China,1997-08-02,1997-08-07
1971,DFO,DFO-1268,China,1997-08-07,1997-08-14
1971,EM-DAT,1997-0558-CHN,China,1997-06-30,1997-08-01
1971,EM-DAT,1997-0342-CHN,China,1997-07-10,1997-07-30
1971,EM-DAT,1997-0196-CHN,China,1997-07-10,1997-07-22
1972,DFO,DFO-1272,Republic of Korea,1997-07-29,1997-08-03
1972,EM-DAT,1997-0167-KOR,Republic of Korea,1997-08-04,1997-08-04
1973,DFO,DFO-1164,Romania,1997-07-25,1997-08-05
1973,EM-DAT,1997-0166-ROU,Romania,1997-07-04,1997-08-09
1974,DFO,DFO-1166,United States of America,1997-07-25,1997-08-01
1974,EM-DAT,1997-0347-USA,United States of America,1997-07-25,1997-08-01
1975,DFO,DFO-1251,Pakistan,1997-07-25,1997-07-29
1975,DFO,DFO-1252,Pakistan,1997-07-25,1997-07-28
1975,EM-DAT,1997-0156-PAK,Pakistan,1997-07-25,1997-07-28
1976,DFO,DFO-1250,Republic of Moldova,1997-07-06,1997-07-29
1976,EM-DAT,1997-0522-MDA,Republic of Moldova,1997-07-06,1997-07-29
1977,DFO,DFO-1163,Germany,1997-07-04,1997-08-09
1977,EM-DAT,1997-0154-DEU,Germany,1997-07-10,1997-08-09
1978,DFO,DFO-1161,Poland,1997-07-03,1997-08-09
1978,EM-DAT,1997-0143-POL,Poland,1997-07-03,1997-08-09
1979,DFO,DFO-1162,Bangladesh,1997-07-03,1997-07-15
1979,EM-DAT,1997-0164-BGD,Bangladesh,1997-07-13,1997-07-13
1980,DFO,DFO-1160,Czechia,1997-07-02,1997-07-24
1980,EM-DAT,1997-0142-CZE,Czechia,1997-07-02,1997-07-24
1981,DFO,DFO-1235,Iran (Islamic Republic of),1997-06-17,1997-06-21
1981,DFO,DFO-1233,Iran (Islamic Republic of),1997-06-18,1997-06-28
1981,DFO,DFO-1260,Iran (Islamic Republic of),1997-07-02,1997-07-06
1981,EM-DAT,1997-0563-IRN,Iran (Islamic Republic of),1997-06-18,1997-06-28
1981,EM-DAT,1997-0561-IRN,Iran (Islamic Republic of),1997-07-02,1997-07-06
1982,DFO,DFO-1234,Republic of Korea,1997-06-22,1997-06-26
1982,DFO,DFO-1263,Republic of Korea,1997-06-28,1997-07-05
1982,EM-DAT,1997-0560-KOR,Republic of Korea,1997-07-01,1997-07-03
1983,DFO,DFO-1237,United States of America,1997-06-19,1997-06-23
1983,EM-DAT,1997-0127-USA,United States of America,1997-06-13,1997-06-13
1984,DFO,DFO-1236,Chile,1997-06-10,1997-06-24
1984,EM-DAT,1997-0137-CHL,Chile,1997-06-10,1997-06-24
1985,DFO,DFO-1248,China,1997-06-02,1997-06-04
1985,DFO,DFO-1245,China,1997-06-03,1997-06-10
1985,DFO,DFO-1246,China,1997-06-06,1997-06-10
1985,DFO,DFO-1243,China,1997-06-08,1997-06-12
1985,EM-DAT,1997-0562-CHN,China,1997-06-03,1997-06-10
1986,DFO,DFO-1244,Cuba,1997-06-07,1997-06-11
1986,EM-DAT,1997-0123-CUB,Cuba,1997-06-08,1997-06-08
1987,DFO,DFO-1227,Afghanistan,1997-05-12,1997-05-15
1987,EM-DAT,1997-0097-AFG,Afghanistan,1997-05-12,1997-05-15
1988,DFO,DFO-1226,China,1997-05-03,1997-05-16
1988,DFO,DFO-1229,China,1997-05-05,1997-05-11
1988,DFO,DFO-1228,China,1997-05-09,1997-05-13
1988,EM-DAT,1997-0144-CHN,China,1997-05-03,1997-05-16
1989,DFO,DFO-1156,Somalia,1997-05-02,1997-05-07
1989,EM-DAT,1997-0106-SOM,Somalia,1997-05-02,1997-05-07
1990,DFO,DFO-1220,Georgia,1997-04-26,1997-05-02
1990,EM-DAT,1997-0565-GEO,Georgia,1997-04-26,1997-05-02
1991,DFO,DFO-1224,Russian Federation,1997-04-15,1997-04-17
1991,DFO,DFO-1222,Russian Federation,1997-04-24,1997-04-30
1991,EM-DAT,1997-0564-RUS,Russian Federation,1997-04-15,1997-04-17
1992,DFO,DFO-1223,Ethiopia,1997-04-19,1997-04-22
1992,EM-DAT,1997-0328-ETH,Ethiopia,1997-04-19,1997-04-22
1993,DFO,DFO-1153,United States of America • Canada,1997-03-22,1997-04-25
1993,EM-DAT,1997-0083-USA,United States of America,1997-04-17,1997-05-07
1993,EM-DAT,1997-0082-CAN,Canada,1997-04-24,1997-05-07
1994,DFO,DFO-1154,United Republic of Tanzania,1997-03-20,1997-04-15
1994,EM-DAT,1997-0049-TZA,United Republic of Tanzania,1997-04-04,1997-04-04
1995,DFO,DFO-1149,United States of America,1997-02-28,1997-03-15
1995,DFO,DFO-1151,United States of America,1997-03-15,1997-03-19
1995,EM-DAT,1997-0040-USA,United States of America,1997-03-08,1997-03-08
1996,DFO,DFO-1214,Ecuador,1997-03-09,1997-03-24
1996,EM-DAT,1997-0092-ECU,Ecuador,1997-03-09,1997-03-19
1997,DFO,DFO-1215,Philippines,1997-03-09,1997-03-13
1997,EM-DAT,1997-0567-PHL,Philippines,1997-03-09,1997-03-13
1998,DFO,DFO-1218,Bolivia (Plurinational State of),1997-03-01,1997-03-04
1998,EM-DAT,1997-0566-BOL,Bolivia (Plurinational State of),1997-03-01,1997-03-04
1999,DFO,DFO-1144,Bolivia (Plurinational State of),1997-02-01,1997-02-15
1999,EM-DAT,1997-0022-BOL,Bolivia (Plurinational State of),1997-02-01,1997-02-15
2000,DFO,DFO-1150,Brazil,1997-01-15,1997-03-15
2000,DFO,DFO-1202,Brazil,1997-01-22,1997-01-27
2000,EM-DAT,1997-0077-BRA,Brazil,1997-01-22,1997-01-27
2001,DFO,DFO-1148,Malawi • Mozambique,1997-01-15,1997-02-28
2001,EM-DAT,1997-0026-MOZ,Mozambique,1997-01-15,1997-02-28
2001,EM-DAT,1997-0025-MWI,Malawi,1997-02-18,1997-02-18
2002,DFO,DFO-1205,Greece,1997-01-12,1997-01-14
2002,EM-DAT,1997-0555-GRC,Greece,1997-01-12,1997-01-14
2003,DFO,DFO-1140,United States of America,1996-12-26,1997-01-03
2003,DFO,DFO-1210,United States of America,1996-12-26,1997-01-03
2003,DFO,DFO-1141,United States of America,1997-01-01,1997-02-01
2003,EM-DAT,1996-0295-USA,United States of America,1996-12-27,1997-01-03
2003,EM-DAT,1997-0008-USA,United States of America,1997-01-01,1997-02-07
2003,EM-DAT,1997-0318-USA,United States of America,1997-01-25,1997-01-25
2004,DFO,DFO-1207,Brazil,1997-01-01,1997-01-08
2004,EM-DAT,1997-0002-BRA,Brazil,1997-01-06,1997-01-06
2005,DFO,DFO-1209,Georgia,1997-01-01,1997-01-06
2005,EM-DAT,1997-0568-GEO,Georgia,1997-01-01,1997-01-06
2006,DFO,DFO-1138,Spain • Portugal,1996-12-22,1996-12-26
2006,EM-DAT,1996-0281-ESP,Spain,1996-12-11,1996-12-26
2007,DFO,DFO-1136,Venezuela (Bolivarian Republic of),1996-12-03,1996-12-05
2007,EM-DAT,1996-0462-VEN,Venezuela (Bolivarian Republic of),1996-12-03,1996-12-05
2008,DFO,DFO-1131,Egypt,1996-11-13,1996-11-25
2008,EM-DAT,1996-0464-EGY,Egypt,1996-11-13,1996-11-18
2009,DFO,DFO-1132,Haiti,1996-11-13,1996-11-17
2009,EM-DAT,1996-0463-HTI,Haiti,1996-11-15,1996-11-17
2010,DFO,DFO-1130,Iran (Islamic Republic of),1996-11-09,1996-11-13
2010,EM-DAT,1996-0465-IRN,Iran (Islamic Republic of),1996-11-09,1996-11-13
2011,DFO,DFO-1126,Sudan,1996-10-22,1996-10-26
2011,EM-DAT,1996-0466-SDN,Sudan,1996-10-22,1996-10-26
2012,DFO,DFO-1125,India,1996-10-21,1996-10-25
2012,EM-DAT,1996-0245-IND,India,1996-10-21,1996-10-25
2013,DFO,DFO-1124,Indonesia,1996-10-20,1996-10-22
2013,EM-DAT,1996-0246-IDN,Indonesia,1996-10-20,1996-10-22
2014,DFO,DFO-1121,Mexico,1996-10-06,1996-10-10
2014,EM-DAT,1996-0467-MEX,Mexico,1996-10-06,1996-10-08
2015,DFO,DFO-1091,Thailand,1996-07-18,1996-08-21
2015,DFO,DFO-1120,Thailand,1996-10-03,1996-10-28
2015,EM-DAT,1996-0241-THA,Thailand,1996-06-30,1996-10-22
2016,DFO,DFO-1119,Viet Nam,1996-10-01,1996-11-13
2016,EM-DAT,1996-0248-VNM,Viet Nam,1996-10-01,1996-11-13
2017,DFO,DFO-1113,Cambodia • Lao People's Democratic Republic,1996-09-27,1996-10-04
2017,EM-DAT,1996-0221-KHM,Cambodia,1996-09-30,1996-11-03
2018,DFO,DFO-1107,Sudan,1996-09-02,1996-09-06
2018,DFO,DFO-1111,Sudan,1996-09-10,1996-09-15
2018,EM-DAT,1996-0468-SDN,Sudan,1996-09-11,1996-09-15
2019,DFO,DFO-1110,Nepal,1996-09-06,1996-09-13
2019,EM-DAT,1996-0469-NPL,Nepal,1996-09-06,1996-09-13
2020,DFO,DFO-1108,Pakistan,1996-09-02,1996-09-07
2020,EM-DAT,1996-0192-PAK,Pakistan,1996-08-19,1996-09-02
2021,DFO,DFO-1105,Bangladesh,1996-08-26,1996-09-07
2021,EM-DAT,1996-0196-BGD,Bangladesh,1996-08-26,1996-09-07
2022,DFO,DFO-1103,Ethiopia,1996-08-12,1996-08-30
2022,EM-DAT,1996-0470-ETH,Ethiopia,1996-08-12,1996-08-25
2023,DFO,DFO-1102,Mongolia,1996-08-09,1996-08-11
2023,EM-DAT,1996-0186-MNG,Mongolia,1996-08-09,1996-08-11
2024,DFO,DFO-1078,China,1996-06-13,1996-06-25
2024,DFO,DFO-1083,China,1996-06-30,1996-07-08
2024,DFO,DFO-1096,China,1996-07-19,1996-07-25
2024,DFO,DFO-1099,China,1996-08-06,1996-08-10
2024,EM-DAT,1996-0103-CHN,China,1996-06-30,1996-07-26
2024,EM-DAT,1996-0169-CHN,China,1996-08-01,1996-08-01
2024,EM-DAT,1996-0171-CHN,China,1996-08-03,1996-08-03
2025,DFO,DFO-1098,Russian Federation,1996-08-01,1996-08-25
2025,EM-DAT,1996-0471-RUS,Russian Federation,1996-08-01,1996-08-25
2026,DFO,DFO-1106,Democratic People's Republic of Korea • Republic of Korea,1996-07-25,1996-08-30
2026,EM-DAT,1996-0109-KOR,Republic of Korea,1996-07-26,1996-07-29
2026,EM-DAT,1996-0105-PRK,Democratic People's Republic of Korea,1996-07-26,1996-07-31
2027,DFO,DFO-1093,Canada,1996-07-19,1996-07-22
2027,EM-DAT,1996-0116-CAN,Canada,1996-07-19,1996-07-22
2028,DFO,DFO-1094,Bangladesh,1996-07-19,1996-08-02
2028,EM-DAT,1996-0104-BGD,Bangladesh,1996-07-19,1996-08-02
2029,DFO,DFO-1092,United States of America,1996-07-18,1996-07-21
2029,EM-DAT,1996-0494-USA,United States of America,1996-07-18,1996-07-21
2030,DFO,DFO-1088,India,1996-07-10,1996-07-24
2030,DFO,DFO-1090,India,1996-07-17,1996-08-10
2030,EM-DAT,1996-0496-IND,India,1996-07-10,1996-07-24
2030,EM-DAT,1996-0183-IND,India,1996-07-11,1996-07-11
2030,EM-DAT,1996-0503-IND,India,1996-07-17,1996-08-10
2031,DFO,DFO-1087,Iran (Islamic Republic of),1996-07-12,1996-07-16
2031,EM-DAT,1996-0121-IRN,Iran (Islamic Republic of),1996-07-07,1996-07-14
2032,DFO,DFO-1084,Russian Federation,1996-07-03,1996-07-07
2032,EM-DAT,1996-0359-RUS,Russian Federation,1996-07-03,1996-07-07
2033,DFO,DFO-1079,Italy,1996-06-19,1996-06-23
2033,EM-DAT,1996-0148-ITA,Italy,1996-06-19,1996-06-20
2034,DFO,DFO-1076,Somalia,1996-06-13,1996-06-14
2034,EM-DAT,1996-0473-SOM,Somalia,1996-06-13,1996-06-14
2035,DFO,DFO-1075,Ethiopia,1996-05-29,1996-06-10
2035,EM-DAT,1996-0141-ETH,Ethiopia,1996-06-08,1996-06-08
2036,DFO,DFO-1072,Yemen,1996-05-14,1996-05-18
2036,DFO,DFO-1073,Yemen,1996-05-14,1996-05-18
2036,EM-DAT,1996-0498-YEM,Yemen,1996-05-14,1996-05-18
2037,DFO,DFO-1069,Czechia,1996-05-10,1996-05-14
2037,EM-DAT,1996-0499-CZE,Czechia,1996-05-10,1996-05-14
2038,DFO,DFO-1068,Australia,1996-05-02,1996-05-09
2038,EM-DAT,1996-0320-AUS,Australia,1996-05-02,1996-05-09
2039,DFO,DFO-1067,Algeria,1996-04-23,1996-04-30
2039,EM-DAT,1996-0079-DZA,Algeria,1996-04-23,1996-04-30
2040,DFO,DFO-1063,Ukraine,1996-04-10,1996-04-22
2040,EM-DAT,1996-0475-UKR,Ukraine,1996-04-03,1996-04-10
2041,DFO,DFO-1065,Afghanistan,1996-04-09,1996-04-23
2041,EM-DAT,1996-0072-AFG,Afghanistan,1996-04-09,1996-04-23
2042,DFO,DFO-1064,Kenya,1996-04-08,1996-04-11
2042,EM-DAT,1996-0474-KEN,Kenya,1996-04-06,1996-04-11
2043,DFO,DFO-1061,Iran (Islamic Republic of),1996-03-28,1996-04-01
2043,EM-DAT,1996-0476-IRN,Iran (Islamic Republic of),1996-03-28,1996-04-01
2044,DFO,DFO-1062,Indonesia,1996-03-27,1996-03-31
2044,EM-DAT,1996-0118-IDN,Indonesia,1996-03-27,1996-03-31
2045,DFO,DFO-1055,Indonesia,1996-02-09,1996-02-13
2045,EM-DAT,1996-0082-IDN,Indonesia,1996-02-09,1996-02-13
2046,DFO,DFO-1053,South Africa,1996-02-06,1996-02-10
2046,DFO,DFO-1057,South Africa,1996-02-09,1996-02-19
2046,EM-DAT,1996-0027-ZAF,South Africa,1996-02-09,1996-02-19
2047,DFO,DFO-1054,Costa Rica,1996-02-07,1996-02-14
2047,EM-DAT,1996-0023-CRI,Costa Rica,1996-02-07,1996-02-14
2048,DFO,DFO-1056,United States of America,1996-02-07,1996-02-13
2048,EM-DAT,1996-0031-USA,United States of America,1996-02-07,1996-02-13
2049,DFO,DFO-1051,France,1996-01-27,1996-01-30
2049,EM-DAT,1996-0016-FRA,France,1996-01-28,1996-01-30
2050,DFO,DFO-1049,Morocco,1996-01-21,1996-02-01
2050,EM-DAT,1996-0014-MAR,Morocco,1996-01-21,1996-02-01
2051,DFO,DFO-1046,United States of America,1996-01-15,1996-01-21
2051,EM-DAT,1996-0015-USA,United States of America,1996-01-15,1996-01-21
2052,DFO,DFO-1042,Indonesia,1996-01-06,1996-01-09
2052,EM-DAT,1995-0476-IDN,Indonesia,1995-12-28,1996-01-02
2052,EM-DAT,1996-0495-IDN,Indonesia,1996-01-01,1996-01-01
2053,DFO,DFO-1040,Romania,1995-12-28,1996-01-07
2053,EM-DAT,1995-0475-ROU,Romania,1995-12-23,1996-01-07
2054,DFO,DFO-1041,Brazil,1995-12-25,1996-01-08
2054,EM-DAT,1995-0301-BRA,Brazil,1995-12-25,1995-12-25
2054,EM-DAT,1996-0003-BRA,Brazil,1996-01-01,1996-01-04
2055,DFO,DFO-1035,Philippines,1995-12-10,1995-12-16
2055,DFO,DFO-1037,Philippines,1995-12-24,1995-12-27
2055,DFO,DFO-1038,Philippines,1995-12-24,1995-12-27
2055,EM-DAT,1995-0291-PHL,Philippines,1995-12-10,1995-12-10
2055,EM-DAT,1995-0290-PHL,Philippines,1995-12-11,1995-12-11
2055,EM-DAT,1995-0304-PHL,Philippines,1995-12-22,1995-12-22
2056,DFO,DFO-1039,South Africa,1995-12-24,1995-12-27
2056,EM-DAT,1995-0305-ZAF,South Africa,1995-12-25,1996-01-02
2057,DFO,DFO-1033,United States of America,1995-11-28,1995-12-10
2057,EM-DAT,1995-0481-USA,United States of America,1995-11-28,1995-12-10
2058,DFO,DFO-1030,Türkiye,1995-11-04,1995-11-08
2058,EM-DAT,1995-0273-TUR,Türkiye,1995-11-04,1995-11-08
2059,DFO,DFO-1031,Somalia,1995-11-04,1995-11-07
2059,EM-DAT,1995-0317-SOM,Somalia,1995-11-05,1995-11-05
2060,DFO,DFO-1027,India,1995-10-20,1995-10-23
2060,EM-DAT,1995-0491-IND,India,1995-10-23,1995-10-23
2061,DFO,DFO-1000,United States of America,1995-09-18,1995-10-16
2061,DFO,DFO-1017,United States of America,1995-10-04,1995-10-08
2061,DFO,DFO-1025,United States of America,1995-10-13,1995-10-28
2061,EM-DAT,1995-0483-USA,United States of America,1995-09-18,1995-10-16
2062,DFO,DFO-1023,Panama,1995-10-10,1995-10-20
2062,EM-DAT,1995-0482-PAN,Panama,1995-10-10,1995-10-20
2063,DFO,DFO-1003,Viet Nam,1995-09-21,1995-10-19
2063,DFO,DFO-1018,Viet Nam,1995-10-08,1995-11-15
2063,EM-DAT,1995-0236-VNM,Viet Nam,1995-09-21,1995-10-19
2064,DFO,DFO-1012,Bangladesh,1995-09-29,1995-10-16
2064,EM-DAT,1995-0243-BGD,Bangladesh,1995-09-29,1995-10-16
2065,DFO,DFO-1011,El Salvador,1995-09-27,1995-10-12
2065,EM-DAT,1995-0235-SLV,El Salvador,1995-09-28,1995-09-28
2066,DFO,DFO-990,India,1995-09-01,1995-09-20
2066,DFO,DFO-992,India,1995-09-05,1995-09-08
2066,DFO,DFO-1010,India,1995-09-26,1995-10-02
2066,EM-DAT,1995-0228-IND,India,1995-09-01,1995-09-20
2066,EM-DAT,1995-0485-IND,India,1995-09-05,1995-09-08
2067,DFO,DFO-1001,Albania,1995-09-21,1995-09-24
2067,EM-DAT,1995-0234-ALB,Albania,1995-09-20,1995-09-24
2068,DFO,DFO-994,Honduras,1995-09-09,1995-09-12
2068,EM-DAT,1995-0186-HND,Honduras,1995-09-09,1995-09-12
2069,DFO,DFO-988,Philippines,1995-08-29,1995-09-06
2069,DFO,DFO-989,Philippines,1995-09-04,1995-09-15
2069,EM-DAT,1995-0209-PHL,Philippines,1995-09-04,1995-09-15
2070,DFO,DFO-991,Morocco,1995-09-03,1995-09-06
2070,EM-DAT,1995-0196-MAR,Morocco,1995-09-04,1995-09-04
2071,DFO,DFO-983,Morocco,1995-08-17,1995-08-18
2071,EM-DAT,1995-0177-MAR,Morocco,1995-08-17,1995-08-18
2072,DFO,DFO-978,Guatemala • Mexico,1995-08-04,1995-08-23
2072,EM-DAT,1995-0172-GTM,Guatemala,1995-08-09,1995-08-09
2073,DFO,DFO-975,Democratic People's Republic of Korea,1995-08-01,1995-09-08
2073,EM-DAT,1995-0182-PRK,Democratic People's Republic of Korea,1995-08-01,1995-09-08
2074,DFO,DFO-976,Thailand,1995-08-01,1995-11-09
2074,EM-DAT,1995-0198-THA,Thailand,1995-08-01,1995-11-09
2075,DFO,DFO-974,Philippines,1995-07-29,1995-07-31
2075,EM-DAT,1995-0161-PHL,Philippines,1995-07-29,1995-07-29
2076,DFO,DFO-952,China,1995-05-15,1995-08-15
2076,DFO,DFO-969,China,1995-07-05,1995-07-19
2076,DFO,DFO-977,China,1995-07-25,1995-08-28
2076,EM-DAT,1995-0139-CHN,China,1995-05-15,1995-08-15
2076,EM-DAT,1995-0255-CHN,China,1995-07-25,1995-07-25
2076,EM-DAT,1995-0490-CHN,China,1995-08-02,1995-08-02
2077,DFO,DFO-973,Pakistan,1995-07-19,1995-08-10
2077,EM-DAT,1995-0471-PAK,Pakistan,1995-07-19,1995-08-10
2077,EM-DAT,1995-0156-PAK,Pakistan,1995-07-22,1995-07-29
2078,DFO,DFO-971,Ghana,1995-07-05,1995-07-07
2078,EM-DAT,1995-0140-GHA,Ghana,1995-07-05,1995-07-07
2079,DFO,DFO-967,Togo,1995-07-03,1995-07-05
2079,EM-DAT,1995-0174-TGO,Togo,1995-07-03,1995-07-03
2080,DFO,DFO-966,Georgia,1995-07-01,1995-07-11
2080,EM-DAT,1995-0173-GEO,Georgia,1995-07-01,1995-07-11
2081,DFO,DFO-965,Ukraine,1995-06-29,1995-07-11
2081,EM-DAT,1995-0175-UKR,Ukraine,1995-06-29,1995-06-29
2082,DFO,DFO-964,Cuba,1995-06-21,1995-06-23
2082,EM-DAT,1995-0215-CUB,Cuba,1995-06-23,1995-06-23
2083,DFO,DFO-962,Nepal,1995-06-19,1995-07-25
2083,EM-DAT,1995-0105-NPL,Nepal,1995-06-19,1995-07-25
2084,DFO,DFO-961,Bangladesh,1995-06-16,1995-06-23
2084,EM-DAT,1995-0100-BGD,Bangladesh,1995-06-16,1995-06-23
2085,DFO,DFO-960,Azerbaijan,1995-06-15,1995-06-25
2085,EM-DAT,1995-0099-AZE,Azerbaijan,1995-06-15,1995-06-25
2085,EM-DAT,1995-0170-AZE,Azerbaijan,1995-06-21,1995-06-21
2086,DFO,DFO-958,Norway,1995-06-01,1995-06-14
2086,EM-DAT,1995-0095-NOR,Norway,1995-05-28,1995-06-14
2087,DFO,DFO-956,Iran (Islamic Republic of),1995-05-31,1995-06-03
2087,EM-DAT,1995-0094-IRN,Iran (Islamic Republic of),1995-06-01,1995-06-01
2088,DFO,DFO-955,United Republic of Tanzania,1995-05-27,1995-06-01
2088,EM-DAT,1995-0109-TZA,United Republic of Tanzania,1995-05-26,1995-05-26
2089,DFO,DFO-953,Bangladesh,1995-05-17,1995-05-24
2089,EM-DAT,1995-0101-BGD,Bangladesh,1995-05-15,1995-05-15
2089,EM-DAT,1995-0487-BGD,Bangladesh,1995-05-17,1995-05-24
2090,DFO,DFO-948,United States of America,1995-05-07,1995-05-13
2090,DFO,DFO-950,United States of America,1995-05-10,1995-06-01
2090,EM-DAT,1995-0045-USA,United States of America,1995-05-07,1995-05-13
2090,EM-DAT,1995-0046-USA,United States of America,1995-05-08,1995-05-08
2090,EM-DAT,1995-0488-USA,United States of America,1995-05-10,1995-06-01
2091,DFO,DFO-951,Sri Lanka,1995-05-07,1995-05-11
2091,EM-DAT,1995-0108-LKA,Sri Lanka,1995-05-07,1995-05-11
2092,DFO,DFO-949,Indonesia,1995-05-01,1995-05-13
2092,EM-DAT,1995-0071-IDN,Indonesia,1995-05-01,1995-05-01
2092,EM-DAT,1995-0079-IDN,Indonesia,1995-05-07,1995-05-07
2093,DFO,DFO-947,Ethiopia,1995-04-28,1995-05-15
2093,EM-DAT,1995-0103-ETH,Ethiopia,1995-04-28,1995-05-15
2094,DFO,DFO-945,Iran (Islamic Republic of),1995-04-21,1995-04-23
2094,EM-DAT,1995-0466-IRN,Iran (Islamic Republic of),1995-04-21,1995-04-21
2095,DFO,DFO-944,Afghanistan,1995-04-19,1995-04-21
2095,EM-DAT,1995-0066-AFG,Afghanistan,1995-04-20,1995-04-20
2096,DFO,DFO-939,United Republic of Tanzania,1995-03-04,1995-03-10
2096,EM-DAT,1995-0038-TZA,United Republic of Tanzania,1995-03-08,1995-03-08
2097,DFO,DFO-937,Botswana,1995-02-23,1995-03-02
2097,EM-DAT,1995-0035-BWA,Botswana,1995-02-19,1995-02-19
2098,DFO,DFO-936,Paraguay,1995-02-14,1995-02-21
2098,EM-DAT,1995-0032-PRY,Paraguay,1995-02-15,1995-02-15
2099,DFO,DFO-934,Indonesia,1995-02-03,1995-02-17
2099,EM-DAT,1995-0029-IDN,Indonesia,1995-02-03,1995-02-17
2100,DFO,DFO-931,Argentina,1995-01-15,1995-01-20
2100,EM-DAT,1995-0005-ARG,Argentina,1995-01-21,1995-01-21
2101,DFO,DFO-930,Indonesia,1995-01-09,1995-01-11
2101,EM-DAT,1995-0019-IDN,Indonesia,1995-01-11,1995-01-11
2102,DFO,DFO-928,Malawi,1995-01-07,1995-01-09
2102,EM-DAT,1995-0010-MWI,Malawi,1995-01-01,1995-01-01
2103,DFO,DFO-924,Indonesia,1994-12-02,1994-12-07
2103,EM-DAT,1994-0773-IDN,Indonesia,1994-12-02,1994-12-02
2104,DFO,DFO-922,Djibouti,1994-11-17,1994-11-22
2104,EM-DAT,1994-0507-DJI,Djibouti,1994-11-19,1994-11-19
2105,DFO,DFO-921,Iran (Islamic Republic of),1994-11-14,1994-11-28
2105,EM-DAT,1994-0511-IRN,Iran (Islamic Republic of),1994-11-14,1994-11-28
2106,DFO,DFO-916,Somalia,1994-11-04,1994-11-11
2106,EM-DAT,1994-0573-SOM,Somalia,1994-11-11,1994-11-11
2107,DFO,DFO-915,Egypt,1994-11-02,1994-11-08
2107,EM-DAT,1994-0509-EGY,Egypt,1994-11-02,1994-11-08
2108,DFO,DFO-912,Italy,1994-11-01,1994-11-10
2108,EM-DAT,1994-0557-ITA,Italy,1994-11-01,1994-11-10
2109,DFO,DFO-910,Greece,1994-10-24,1994-10-27
2109,EM-DAT,1994-0543-GRC,Greece,1994-10-20,1994-10-27
2110,DFO,DFO-905,United States of America,1994-10-17,1994-10-23
2110,EM-DAT,1994-0361-USA,United States of America,1994-10-17,1994-10-23
2111,DFO,DFO-903,Algeria,1994-09-21,1994-09-26
2111,EM-DAT,1994-0347-DZA,Algeria,1994-09-21,1994-09-26
2111,EM-DAT,1994-0503-DZA,Algeria,1994-10-01,1994-10-01
2112,DFO,DFO-901,Russian Federation,1994-09-17,1994-09-26
2112,EM-DAT,1994-0218-RUS,Russian Federation,1994-09-17,1994-09-26
2113,DFO,DFO-899,Nigeria • Niger,1994-09-11,1994-09-15
2113,EM-DAT,1994-0208-NGA,Nigeria,1994-09-11,1994-09-15
2114,DFO,DFO-898,Cameroon,1994-09-09,1994-09-14
2114,EM-DAT,1994-0213-CMR,Cameroon,1994-09-09,1994-09-14
2115,DFO,DFO-897,Thailand,1994-09-03,1994-12-18
2115,EM-DAT,1994-0308-THA,Thailand,1994-09-25,1994-09-25
2115,EM-DAT,1994-0657-THA,Thailand,1994-10-21,1994-10-21
2116,DFO,DFO-855,India,1994-07-01,1994-07-24
2116,DFO,DFO-858,India,1994-07-03,1994-07-12
2116,DFO,DFO-879,India,1994-08-04,1994-08-11
2116,DFO,DFO-880,India,1994-08-08,1994-08-10
2116,DFO,DFO-887,India,1994-08-20,1994-08-23
2116,DFO,DFO-892,India,1994-08-26,1994-09-02
2116,DFO,DFO-894,India,1994-08-31,1994-09-05
2116,DFO,DFO-895,India,1994-09-02,1994-09-07
2116,EM-DAT,1994-0068-IND,India,1994-05-01,1994-10-01
2116,EM-DAT,1994-0763-IND,India,1994-08-17,1994-08-17
2117,DFO,DFO-885,Ethiopia,1994-08-15,1994-08-18
2117,DFO,DFO-890,Ethiopia,1994-08-25,1994-08-31
2117,EM-DAT,1994-0194-ETH,Ethiopia,1994-08-15,1994-08-18
2118,DFO,DFO-889,Republic of Moldova,1994-08-24,1994-08-29
2118,EM-DAT,1994-0180-MDA,Republic of Moldova,1994-08-24,1994-08-29
2119,DFO,DFO-859,Pakistan,1994-07-04,1994-07-08
2119,DFO,DFO-863,Pakistan,1994-07-11,1994-09-16
2119,DFO,DFO-883,Pakistan,1994-08-09,1994-08-15
2119,DFO,DFO-888,Pakistan,1994-08-22,1994-08-27
2119,EM-DAT,1994-0075-PAK,Pakistan,1994-07-11,1994-09-16
2120,DFO,DFO-861,Philippines,1994-07-10,1994-07-16
2120,DFO,DFO-864,Philippines,1994-07-15,1994-07-20
2120,DFO,DFO-868,Philippines,1994-07-22,1994-08-02
2120,DFO,DFO-869,Philippines,1994-07-23,1994-08-03
2120,DFO,DFO-873,Philippines,1994-08-06,1994-08-10
2120,EM-DAT,1994-0778-PHL,Philippines,1994-07-22,1994-08-02
2121,DFO,DFO-862,China,1994-07-11,1994-07-18
2121,DFO,DFO-866,China,1994-07-22,1994-07-27
2121,DFO,DFO-867,China,1994-07-23,1994-08-13
2121,DFO,DFO-878,China,1994-08-06,1994-08-10
2121,EM-DAT,1994-0780-CHN,China,1994-07-11,1994-07-18
2121,EM-DAT,1994-0066-CHN,China,1994-07-11,1994-07-29
2121,EM-DAT,1994-0779-CHN,China,1994-07-23,1994-08-13
2122,DFO,DFO-876,Russian Federation,1994-08-05,1994-08-08
2122,EM-DAT,1994-0775-RUS,Russian Federation,1994-08-05,1994-08-08
2123,DFO,DFO-874,Cambodia,1994-07-30,1994-08-08
2123,EM-DAT,1994-0064-KHM,Cambodia,1994-07-31,1994-07-31
2124,DFO,DFO-860,Iran (Islamic Republic of),1994-07-09,1994-07-11
2124,EM-DAT,1994-0069-IRN,Iran (Islamic Republic of),1994-07-09,1994-07-11
2125,DFO,DFO-854,South Africa,1994-06-24,1994-06-28
2125,EM-DAT,1994-0632-ZAF,South Africa,1994-06-19,1994-06-19
2126,DFO,DFO-851,China,1994-06-09,1994-06-29
2126,EM-DAT,1994-0065-CHN,China,1994-06-09,1994-06-25
2126,EM-DAT,1994-0785-CHN,China,1994-06-30,1994-06-30
2127,DFO,DFO-849,Bangladesh,1994-06-01,1994-06-06
2127,EM-DAT,1994-0131-BGD,Bangladesh,1994-06-01,1994-06-03
2128,DFO,DFO-844,China,1994-05-01,1994-05-03
2128,DFO,DFO-845,China,1994-05-01,1994-05-09
2128,EM-DAT,1994-0789-CHN,China,1994-05-01,1994-05-03
2129,DFO,DFO-842,Bangladesh,1994-04-19,1994-04-23
2129,EM-DAT,1994-0754-BGD,Bangladesh,1994-04-19,1994-04-19
2130,DFO,DFO-840,Russian Federation,1994-04-06,1994-04-14
2130,EM-DAT,1994-0099-RUS,Russian Federation,1994-04-01,1994-04-01
2131,DFO,DFO-833,Indonesia,1994-03-12,1994-03-16
2131,DFO,DFO-835,Indonesia,1994-03-23,1994-03-26
2131,EM-DAT,1994-0626-IDN,Indonesia,1994-03-23,1994-03-26
2132,DFO,DFO-838,Philippines,1994-03-18,1994-03-31
2132,EM-DAT,1994-0782-PHL,Philippines,1994-03-18,1994-03-31
2133,DFO,DFO-834,Russian Federation,1994-03-17,1994-03-22
2133,EM-DAT,1994-0758-RUS,Russian Federation,1994-03-17,1994-03-22
2134,DFO,DFO-828,Peru,1994-01-31,1994-02-20
2134,DFO,DFO-831,Peru,1994-02-27,1994-03-06
2134,EM-DAT,1994-0301-PER,Peru,1994-02-01,1994-02-01
2134,EM-DAT,1994-0017-PER,Peru,1994-02-21,1994-02-25
2135,DFO,DFO-826,Colombia,1994-01-31,1994-02-02
2135,EM-DAT,1994-0651-COL,Colombia,1994-01-31,1994-02-02
2136,DFO,DFO-822,Indonesia,1994-01-12,1994-01-22
2136,DFO,DFO-825,Indonesia,1994-01-28,1994-01-31
2136,EM-DAT,1994-0012-IDN,Indonesia,1994-01-12,1994-01-22
2137,DFO,DFO-821,United Republic of Tanzania,1994-01-09,1994-01-13
2137,EM-DAT,1994-0013-TZA,United Republic of Tanzania,1994-01-09,1994-01-13
2138,DFO,DFO-819,United Kingdom of Great Britain and Northern Ireland,1993-12-30,1993-12-31
2138,EM-DAT,1993-0237-GBR,United Kingdom of Great Britain and Northern Ireland,1993-12-26,1993-12-31
2138,EM-DAT,1994-0048-GBR,United Kingdom of Great Britain and Northern Ireland,1994-01-07,1994-01-12
2139,DFO,DFO-816,Indonesia,1993-12-26,1993-12-27
2139,EM-DAT,1993-0560-IDN,Indonesia,1993-12-26,1993-12-27
2140,DFO,DFO-813,Malaysia,1993-12-22,1993-12-27
2140,EM-DAT,1993-0234-MYS,Malaysia,1993-12-22,1993-12-27
2141,DFO,DFO-812,France • Germany,1993-12-21,1993-12-31
2141,EM-DAT,1993-0237-FRA,France,1993-12-20,1993-12-31
2141,EM-DAT,1993-0237-DEU,Germany,1993-12-20,1994-01-01
2141,EM-DAT,1994-0048-FRA,France,1994-01-06,1994-01-12
2141,EM-DAT,1994-0048-DEU,Germany,1994-01-07,1994-01-12
2142,DFO,DFO-814,Ukraine,1993-12-20,1993-12-24
2142,EM-DAT,1993-0230-UKR,Ukraine,1993-12-20,1993-12-24
2143,DFO,DFO-809,Sri Lanka,1993-12-15,1993-12-27
2143,EM-DAT,1993-0229-LKA,Sri Lanka,1993-12-15,1993-12-27
2143,EM-DAT,1994-0300-LKA,Sri Lanka,1994-01-01,1994-01-01
2144,DFO,DFO-803,Philippines,1993-11-29,1993-12-01
2144,DFO,DFO-805,Philippines • Viet Nam,1993-12-05,1993-12-13
2144,EM-DAT,1993-0221-PHL,Philippines,1993-11-29,1993-12-01
2145,DFO,DFO-802,Thailand,1993-11-27,1993-12-02
2145,EM-DAT,1993-0222-THA,Thailand,1993-11-27,1993-12-02
2145,EM-DAT,1993-0484-THA,Thailand,1993-12-01,1993-12-01
2146,DFO,DFO-800,Cuba,1993-11-24,1993-11-28
2146,EM-DAT,1993-0083-CUB,Cuba,1993-11-24,1993-11-28
2147,DFO,DFO-794,Honduras,1993-10-31,1993-11-03
2147,EM-DAT,1993-0084-HND,Honduras,1993-10-31,1993-11-03
2148,DFO,DFO-792,Algeria,1993-10-19,1993-10-20
2148,EM-DAT,1993-0217-DZA,Algeria,1993-10-19,1993-10-20
2149,DFO,DFO-791,India,1993-10-11,1993-10-21
2149,EM-DAT,1993-0218-IND,India,1993-10-11,1993-10-21
2150,DFO,DFO-790,South Africa,1993-10-06,1993-10-08
2150,EM-DAT,1993-0215-ZAF,South Africa,1993-10-06,1993-10-08
2151,DFO,DFO-789,Trinidad and Tobago,1993-10-05,1993-10-05
2151,EM-DAT,1993-0493-TTO,Trinidad and Tobago,1993-10-05,1993-10-05
2152,DFO,DFO-786,Australia,1993-10-03,1993-10-15
2152,EM-DAT,1993-0214-AUS,Australia,1993-10-03,1993-10-15
2153,DFO,DFO-788,Viet Nam,1993-10-02,1993-10-12
2153,EM-DAT,1993-0213-VNM,Viet Nam,1993-10-02,1993-10-12
2154,DFO,DFO-784,Mexico,1993-09-28,1993-09-29
2154,EM-DAT,1993-0075-MEX,Mexico,1993-09-16,1993-09-22
2155,DFO,DFO-783,China,1993-09-27,1993-09-28
2155,EM-DAT,1993-0251-CHN,China,1993-10-03,1993-10-03
2156,DFO,DFO-778,India • Nepal,1993-09-09,1993-09-17
2156,EM-DAT,1993-0325-IND,India,1993-09-09,1993-09-17
2157,DFO,DFO-754,United States of America,1993-06-24,1993-08-23
2157,DFO,DFO-772,United States of America,1993-08-21,1993-08-22
2157,EM-DAT,1993-0043-USA,United States of America,1993-06-24,1993-08-23
2158,DFO,DFO-770,Philippines,1993-08-19,1993-08-22
2158,EM-DAT,1993-0054-PHL,Philippines,1993-08-26,1993-08-26
2159,DFO,DFO-759,China,1993-07-03,1993-07-31
2159,DFO,DFO-761,China,1993-07-26,1993-08-15
2159,DFO,DFO-762,China,1993-07-27,1993-08-01
2159,DFO,DFO-767,China,1993-08-04,1993-08-23
2159,EM-DAT,1993-0179-CHN,China,1993-07-27,1993-08-01
2160,DFO,DFO-765,Belarus • Ukraine,1993-07-25,1993-08-12
2160,EM-DAT,1993-0047-BLR,Belarus,1993-07-25,1993-08-12
2160,EM-DAT,1993-0058-UKR,Ukraine,1993-07-25,1993-08-12
2161,DFO,DFO-757,India • Nepal,1993-07-08,1993-08-13
2161,EM-DAT,1993-0570-IND,India,1993-07-01,1993-07-01
2161,EM-DAT,1993-0042-IND,India,1993-07-08,1993-07-31
2162,DFO,DFO-750,Russian Federation,1993-06-13,1993-06-17
2162,DFO,DFO-753,Russian Federation,1993-06-15,1993-06-30
2162,EM-DAT,1993-0039-RUS,Russian Federation,1993-06-13,1993-06-17
2163,DFO,DFO-747,India • Bangladesh,1993-06-04,1993-06-22
2163,EM-DAT,1993-0028-BGD,Bangladesh,1993-06-04,1993-06-22
2164,DFO,DFO-745,Haiti • Cuba,1993-05-31,1993-06-02
2164,EM-DAT,1993-0031-CUB,Cuba,1993-05-31,1993-06-02
2165,DFO,DFO-744,Sri Lanka,1993-05-28,1993-06-07
2165,EM-DAT,1993-0040-LKA,Sri Lanka,1993-05-28,1993-06-07
2166,DFO,DFO-742,Kazakhstan,1993-05-26,1993-06-04
2166,EM-DAT,1993-0037-KAZ,Kazakhstan,1993-05-26,1993-06-04
2167,DFO,DFO-748,China,1993-05-25,1993-06-30
2167,EM-DAT,1993-0568-CHN,China,1993-06-01,1993-06-01
2168,DFO,DFO-741,Jamaica,1993-05-19,1993-06-01
2168,EM-DAT,1993-0036-JAM,Jamaica,1993-05-21,1993-05-21
2169,DFO,DFO-740,Argentina,1993-05-11,1993-05-15
2169,EM-DAT,1993-0027-ARG,Argentina,1993-05-11,1993-05-15
2170,DFO,DFO-737,Chile,1993-05-03,1993-05-03
2170,EM-DAT,1993-0010-CHL,Chile,1993-05-05,1993-05-05
2171,DFO,DFO-736,Colombia,1993-04-26,1993-05-01
2171,EM-DAT,1993-0011-COL,Colombia,1993-04-26,1993-05-01
2172,DFO,DFO-732,United States of America,1993-02-23,1993-03-06
2172,DFO,DFO-733,United States of America,1993-03-07,1993-03-12
2172,EM-DAT,1993-0123-USA,United States of America,1993-02-28,1993-02-28
2172,EM-DAT,1993-0126-USA,United States of America,1993-03-07,1993-03-12
2173,DFO,DFO-731,United Republic of Tanzania,1993-02-08,1993-02-12
2173,EM-DAT,1993-0005-TZA,United Republic of Tanzania,1993-02-12,1993-02-12
2174,DFO,DFO-730,Yemen,1993-02-05,1993-02-10
2174,EM-DAT,1993-0022-YEM,Yemen,1993-02-05,1993-02-10
2175,DFO,DFO-727,Iran (Islamic Republic of),1993-02-03,1993-02-22
2175,EM-DAT,1993-0585-IRN,Iran (Islamic Republic of),1993-02-01,1993-02-08
2175,EM-DAT,1993-0004-IRN,Iran (Islamic Republic of),1993-02-03,1993-02-22
2176,DFO,DFO-728,Philippines,1993-02-01,1993-02-05
2176,EM-DAT,1993-0113-PHL,Philippines,1993-02-01,1993-02-05
2177,DFO,DFO-729,Indonesia,1993-02-01,1993-02-05
2177,EM-DAT,1993-0003-IDN,Indonesia,1993-02-02,1993-02-05
2178,DFO,DFO-724,Mexico • United States of America,1993-01-06,1993-01-20
2178,DFO,DFO-726,United States of America,1993-01-20,1993-01-21
2178,EM-DAT,1993-0420-USA,United States of America,1993-01-06,1993-01-20
2178,EM-DAT,1993-0009-MEX,Mexico,1993-01-06,1993-01-20
2178,EM-DAT,1993-0099-USA,United States of America,1993-01-20,1993-01-20
2178,EM-DAT,1993-0421-USA,United States of America,1993-01-20,1993-01-21
2179,DFO,DFO-725,United Kingdom of Great Britain and Northern Ireland,1993-01-15,1993-01-18
2179,EM-DAT,1993-0098-GBR,United Kingdom of Great Britain and Northern Ireland,1993-01-15,1993-01-18
2180,DFO,DFO-713,Albania,1992-11-17,1992-11-19
2180,EM-DAT,1992-0160-ALB,Albania,1992-11-17,1992-11-19
2181,DFO,DFO-711,Italy,1992-10-31,1992-10-31
2181,EM-DAT,1992-0376-ITA,Italy,1992-10-17,1992-10-31
2182,DFO,DFO-709,Viet Nam • Thailand,1992-10-28,1992-10-31
2182,DFO,DFO-710,Philippines • Viet Nam,1992-10-28,1992-10-30
2182,EM-DAT,1992-0145-VNM,Viet Nam,1992-10-28,1992-10-31
2183,DFO,DFO-705,Viet Nam,1992-10-05,1992-10-09
2183,EM-DAT,1992-0144-VNM,Viet Nam,1992-10-05,1992-10-09
2184,DFO,DFO-701,El Salvador • Honduras,1992-09-28,1992-10-02
2184,EM-DAT,1992-0150-SLV,El Salvador,1992-09-28,1992-09-29
2185,DFO,DFO-699,France,1992-09-22,1992-09-22
2185,DFO,DFO-700,France,1992-09-27,1992-09-27
2185,DFO,DFO-703,Italy,1992-09-28,1992-09-28
2185,DFO,DFO-704,France • Italy,1992-09-28,1992-10-08
2185,EM-DAT,1992-0371-FRA,France,1992-09-26,1992-09-27
2185,EM-DAT,1992-0266-ITA,Italy,1992-09-28,1992-09-28
2186,DFO,DFO-656,India,1992-06-15,1992-07-23
2186,DFO,DFO-667,India,1992-07-10,1992-07-20
2186,DFO,DFO-672,India,1992-07-26,1992-08-07
2186,DFO,DFO-675,India,1992-08-01,1992-09-03
2186,DFO,DFO-692,Pakistan • India,1992-09-08,1992-09-18
2186,DFO,DFO-694,India • Sri Lanka,1992-09-12,1992-11-20
2186,EM-DAT,1992-0333-IND,India,1992-07-26,1992-07-31
2186,EM-DAT,1992-0083-IND,India,1992-09-08,1992-09-30
2186,EM-DAT,1992-0062-PAK,Pakistan,1992-09-08,1992-09-18
2186,EM-DAT,1992-0147-IND,India,1992-10-08,1992-10-08
2186,EM-DAT,1992-0483-IND,India,1992-11-10,1992-11-10
2187,DFO,DFO-690,Afghanistan,1992-09-03,1992-09-03
2187,EM-DAT,1992-0063-AFG,Afghanistan,1992-09-03,1992-09-30
2188,DFO,DFO-653,China,1992-06-12,1992-08-01
2188,DFO,DFO-654,China,1992-06-13,1992-06-15
2188,DFO,DFO-660,China,1992-06-29,1992-07-14
2188,DFO,DFO-663,China,1992-07-02,1992-07-05
2188,DFO,DFO-664,China,1992-07-02,1992-07-21
2188,DFO,DFO-671,China,1992-07-22,1992-07-23
2188,DFO,DFO-674,China,1992-08-01,1992-08-20
2188,DFO,DFO-681,China,1992-08-16,1992-08-22
2188,EM-DAT,1992-0210-CHN,China,1992-06-12,1992-08-01
2188,EM-DAT,1992-0217-CHN,China,1992-06-29,1992-07-14
2188,EM-DAT,1992-0216-CHN,China,1992-07-02,1992-07-21
2188,EM-DAT,1992-0297-CHN,China,1992-07-22,1992-07-29
2188,EM-DAT,1992-0298-CHN,China,1992-08-01,1992-08-20
2189,DFO,DFO-680,Philippines,1992-08-14,1992-09-29
2189,EM-DAT,1992-0505-PHL,Philippines,1992-10-01,1992-10-01
2190,DFO,DFO-668,Pakistan,1992-07-15,1992-08-10
2190,DFO,DFO-679,Pakistan,1992-08-10,1992-08-15
2190,EM-DAT,1992-0060-PAK,Pakistan,1992-07-15,1992-08-10
2191,DFO,DFO-670,Philippines,1992-07-21,1992-07-29
2191,EM-DAT,1992-0057-PHL,Philippines,1992-07-01,1992-08-01
2192,DFO,DFO-666,Iran (Islamic Republic of),1992-07-09,1992-07-10
2192,EM-DAT,1992-0074-IRN,Iran (Islamic Republic of),1992-07-09,1992-07-11
2193,DFO,DFO-659,Bangladesh,1992-06-25,1992-06-25
2193,EM-DAT,1992-0213-BGD,Bangladesh,1992-06-22,1992-06-26
2194,DFO,DFO-650,Sri Lanka,1992-06-05,1992-06-08
2194,EM-DAT,1992-0206-LKA,Sri Lanka,1992-06-05,1992-06-08
2195,DFO,DFO-646,Afghanistan,1992-05-13,1992-05-26
2195,EM-DAT,1992-0197-AFG,Afghanistan,1992-05-08,1992-05-08
2196,DFO,DFO-642,Tajikistan,1992-04-15,1992-06-09
2196,EM-DAT,1992-0233-TJK,Tajikistan,1992-05-25,1992-05-25
2197,DFO,DFO-638,Argentina • Brazil,1992-04-01,1992-07-02
2197,EM-DAT,1992-0075-ARG,Argentina,1992-04-01,1992-07-02
2197,EM-DAT,1992-0076-BRA,Brazil,1992-04-01,1992-07-02
2198,DFO,DFO-634,China,1992-03-15,1992-04-23
2198,DFO,DFO-635,China,1992-03-15,1992-05-02
2198,DFO,DFO-640,China,1992-04-01,1992-05-08
2198,EM-DAT,1992-0036-CHN,China,1992-03-15,1992-04-23
2199,DFO,DFO-636,Iran (Islamic Republic of),1992-03-28,1992-06-08
2199,EM-DAT,1992-0073-IRN,Iran (Islamic Republic of),1992-04-28,1992-06-06
2200,DFO,DFO-637,Ecuador,1992-03-24,1992-05-08
2200,EM-DAT,1992-0024-ECU,Ecuador,1992-03-24,1992-05-08
2201,DFO,DFO-630,Bolivia (Plurinational State of),1992-03-10,1992-03-11
2201,EM-DAT,1992-0552-BOL,Bolivia (Plurinational State of),1992-01-01,1992-05-26
2201,EM-DAT,1992-0023-BOL,Bolivia (Plurinational State of),1992-03-10,1992-03-11
2202,DFO,DFO-622,Cuba,1992-02-06,1992-02-10
2202,EM-DAT,1992-0017-CUB,Cuba,1992-02-06,1992-02-10
2203,DFO,DFO-620,Brazil,1992-02-01,1992-02-12
2203,EM-DAT,1992-0013-BRA,Brazil,1992-02-01,1992-02-12
2204,DFO,DFO-619,Algeria,1992-01-21,1992-01-29
2204,EM-DAT,1992-0011-DZA,Algeria,1992-01-21,1992-01-29
2205,DFO,DFO-615,Argentina,1992-01-05,1992-01-07
2205,EM-DAT,1992-0016-ARG,Argentina,1992-01-01,1992-01-06
2206,DFO,DFO-616,Puerto Rico,1992-01-05,1992-01-08
2206,EM-DAT,1992-0006-PRI,Puerto Rico,1992-01-05,1992-01-08
2207,DFO,DFO-613,Brazil,1992-01-04,1992-01-05
2207,EM-DAT,1992-0014-BRA,Brazil,1992-01-04,1992-01-05
2208,DFO,DFO-606,United States of America,1991-12-14,1991-12-16
2208,DFO,DFO-608,United States of America,1991-12-18,1991-12-31
2208,EM-DAT,1991-0776-USA,United States of America,1991-12-18,1992-01-10
2209,DFO,DFO-607,Indonesia,1991-12-16,1991-12-22
2209,EM-DAT,1991-0692-IDN,Indonesia,1991-12-16,1991-12-19
2210,DFO,DFO-603,Iran (Islamic Republic of),1991-12-07,1991-12-11
2210,EM-DAT,1991-0434-IRN,Iran (Islamic Republic of),1991-12-10,1991-12-11
2211,DFO,DFO-597,Philippines,1991-11-05,1991-11-08
2211,EM-DAT,1991-0379-PHL,Philippines,1991-11-11,1991-11-11
2212,DFO,DFO-591,Iran (Islamic Republic of),1991-10-05,1991-10-06
2212,EM-DAT,1991-0542-IRN,Iran (Islamic Republic of),1991-10-03,1991-10-06
2213,DFO,DFO-586,Viet Nam,1991-09-19,1991-09-25
2213,EM-DAT,1991-0538-VNM,Viet Nam,1991-09-19,1991-09-25
2214,DFO,DFO-570,India,1991-08-14,1991-08-18
2214,DFO,DFO-571,India,1991-08-15,1991-08-29
2214,DFO,DFO-578,India,1991-09-01,1991-09-14
2214,DFO,DFO-585,India,1991-09-14,1991-09-15
2214,EM-DAT,1991-0532-IND,India,1991-08-15,1991-08-29
2214,EM-DAT,1991-0766-IND,India,1991-09-14,1991-09-15
2215,DFO,DFO-583,Bangladesh,1991-09-11,1991-09-17
2215,EM-DAT,1991-0224-BGD,Bangladesh,1991-09-02,1991-09-10
2216,DFO,DFO-576,Cambodia,1991-08-22,1991-08-30
2216,EM-DAT,1991-0211-KHM,Cambodia,1991-08-22,1991-08-30
2217,DFO,DFO-569,Costa Rica,1991-08-13,1991-08-22
2217,EM-DAT,1991-0209-CRI,Costa Rica,1991-08-13,1991-08-22
2218,DFO,DFO-513,China,1991-05-18,1991-06-15
2218,DFO,DFO-524,China,1991-06-12,1991-06-14
2218,DFO,DFO-528,China,1991-07-01,1991-07-18
2218,DFO,DFO-529,China,1991-07-01,1991-07-09
2218,DFO,DFO-530,China,1991-07-02,1991-07-18
2218,DFO,DFO-545,China,1991-07-19,1991-07-20
2218,DFO,DFO-548,China,1991-07-23,1991-08-03
2218,DFO,DFO-562,China,1991-08-08,1991-08-09
2218,DFO,DFO-564,China,1991-08-09,1991-08-12
2218,EM-DAT,1991-0123-CHN,China,1991-06-01,1991-07-19
2218,EM-DAT,1991-0767-CHN,China,1991-08-09,1991-08-12
2219,DFO,DFO-557,Austria,1991-08-02,1991-08-06
2219,EM-DAT,1991-0296-AUT,Austria,1991-08-02,1991-08-06
2220,DFO,DFO-552,Romania,1991-07-29,1991-07-30
2220,EM-DAT,1991-0172-ROU,Romania,1991-07-24,1991-08-18
2221,DFO,DFO-553,India,1991-07-29,1991-07-31
2221,EM-DAT,1991-0527-IND,India,1991-07-30,1991-07-30
2222,DFO,DFO-551,Viet Nam,1991-07-28,1991-07-31
2222,EM-DAT,1991-0315-VNM,Viet Nam,1991-07-28,1991-07-31
2222,EM-DAT,1991-0229-VNM,Viet Nam,1991-08-01,1991-08-01
2223,DFO,DFO-549,Thailand,1991-07-25,1991-07-27
2223,EM-DAT,1991-0530-THA,Thailand,1991-08-01,1991-08-01
2224,DFO,DFO-546,Republic of Korea,1991-07-22,1991-07-26
2224,EM-DAT,1991-0177-KOR,Republic of Korea,1991-07-22,1991-07-26
2225,DFO,DFO-532,Soviet Union,1991-07-05,1991-07-08
2225,DFO,DFO-534,Soviet Union,1991-07-09,1991-07-10
2225,DFO,DFO-538,Soviet Union,1991-07-11,1991-07-29
2225,DFO,DFO-544,Soviet Union,1991-07-18,1991-07-22
2225,EM-DAT,1991-0522-SUN,Soviet Union,1991-07-11,1991-07-25
2226,DFO,DFO-540,Ghana,1991-07-14,1991-07-16
2226,EM-DAT,1991-0188-GHA,Ghana,1991-07-14,1991-07-16
2227,DFO,DFO-521,India,1991-06-10,1991-06-12
2227,DFO,DFO-539,India,1991-07-13,1991-07-19
2227,EM-DAT,1991-0509-IND,India,1991-06-01,1991-07-09
2227,EM-DAT,1991-0278-IND,India,1991-06-10,1991-06-12
2227,EM-DAT,1991-0189-IND,India,1991-07-13,1991-07-19
2228,DFO,DFO-536,Myanmar,1991-07-10,1991-07-23
2228,EM-DAT,1991-0168-MMR,Myanmar,1991-07-13,1991-07-13
2229,DFO,DFO-525,Bangladesh,1991-06-17,1991-06-27
2229,DFO,DFO-531,Bangladesh,1991-07-04,1991-07-06
2229,EM-DAT,1991-0170-BGD,Bangladesh,1991-07-01,1991-07-01
2230,DFO,DFO-520,Indonesia,1991-06-09,1991-06-11
2230,EM-DAT,1991-0512-IDN,Indonesia,1991-06-06,1991-06-06
2231,DFO,DFO-518,Sri Lanka,1991-06-02,1991-06-06
2231,EM-DAT,1991-0321-LKA,Sri Lanka,1991-06-02,1991-06-06
2232,DFO,DFO-516,Afghanistan,1991-05-28,1991-06-04
2232,EM-DAT,1991-0130-AFG,Afghanistan,1991-05-28,1991-06-04
2233,DFO,DFO-514,Jamaica,1991-05-21,1991-05-23
2233,EM-DAT,1991-0128-JAM,Jamaica,1991-05-21,1991-05-23
2234,DFO,DFO-512,Türkiye,1991-05-16,1991-05-17
2234,EM-DAT,1991-0714-TUR,Türkiye,1991-05-16,1991-05-17
2235,DFO,DFO-507,Bangladesh,1991-04-29,1991-05-10
2235,DFO,DFO-511,Bangladesh,1991-05-14,1991-05-31
2235,EM-DAT,1991-0764-BGD,Bangladesh,1991-05-14,1991-05-26
2236,DFO,DFO-510,India,1991-05-07,1991-05-11
2236,EM-DAT,1991-0338-IND,India,1991-05-07,1991-05-08
2237,DFO,DFO-506,United States of America,1991-04-28,1991-05-02
2237,DFO,DFO-509,United States of America,1991-05-03,1991-05-07
2237,EM-DAT,1991-0499-USA,United States of America,1991-04-24,1991-04-24
2237,EM-DAT,1991-0501-USA,United States of America,1991-05-02,1991-05-02
2237,EM-DAT,1991-0502-USA,United States of America,1991-05-10,1991-05-10
2238,DFO,DFO-508,Soviet Union,1991-05-01,1991-05-08
2238,EM-DAT,1991-0161-SUN,Soviet Union,1991-04-27,1991-04-27
2239,DFO,DFO-504,United States of America,1991-04-05,1991-04-09
2239,EM-DAT,1991-0493-USA,United States of America,1991-04-08,1991-04-08
2239,EM-DAT,1991-0494-USA,United States of America,1991-04-11,1991-04-11
2240,DFO,DFO-495,Iran (Islamic Republic of),1991-03-07,1991-04-01
2240,DFO,DFO-502,Iran (Islamic Republic of),1991-03-30,1991-04-01
2240,EM-DAT,1991-0763-IRN,Iran (Islamic Republic of),1991-03-07,1991-04-01
2241,DFO,DFO-500,Jordan,1991-03-24,1991-03-25
2241,EM-DAT,1991-0342-JOR,Jordan,1991-03-21,1991-03-21
2242,DFO,DFO-498,Brazil,1991-03-19,1991-03-31
2242,EM-DAT,1991-0109-BRA,Brazil,1991-03-19,1991-03-31
2243,DFO,DFO-499,United States of America,1991-03-19,1991-03-25
2243,EM-DAT,1991-0490-USA,United States of America,1991-03-21,1991-03-21
2243,EM-DAT,1991-0491-USA,United States of America,1991-03-26,1991-03-26
2243,EM-DAT,1991-0492-USA,United States of America,1991-03-28,1991-03-28
2244,DFO,DFO-496,Malawi,1991-03-11,1991-03-14
2244,EM-DAT,1991-0048-MWI,Malawi,1991-03-10,1991-03-15
2245,DFO,DFO-493,Afghanistan,1991-01-28,1991-02-17
2245,EM-DAT,1991-0032-AFG,Afghanistan,1991-02-06,1991-02-17
2246,DFO,DFO-491,Iran (Islamic Republic of),1991-01-27,1991-02-05
2246,EM-DAT,1991-0030-IRN,Iran (Islamic Republic of),1991-01-27,1991-02-05
2247,DFO,DFO-486,Peru,1990-12-28,1990-12-30
2247,EM-DAT,1990-0245-PER,Peru,1990-12-28,1990-12-30
2248,DFO,DFO-488,Australia,1990-12-25,1991-01-16
2248,EM-DAT,1990-0724-AUS,Australia,1990-12-25,1991-01-16
2249,DFO,DFO-484,Sri Lanka,1990-12-23,1990-12-27
2249,EM-DAT,1990-0603-LKA,Sri Lanka,1990-12-24,1990-12-25
2250,DFO,DFO-480,Honduras,1990-11-09,1990-11-21
2250,EM-DAT,1990-0115-HND,Honduras,1990-11-09,1990-11-21
2251,DFO,DFO-472,India,1990-10-17,1990-10-18
2251,DFO,DFO-474,India,1990-10-24,1990-10-28
2251,EM-DAT,1990-0414-IND,India,1990-10-24,1990-10-28
2252,DFO,DFO-470,Brazil,1990-10-14,1990-10-15
2252,EM-DAT,1990-0411-BRA,Brazil,1990-10-14,1990-10-15
2253,DFO,DFO-462,Mexico,1990-09-22,1990-09-25
2253,EM-DAT,1990-0596-MEX,Mexico,1990-09-22,1990-09-25
2254,DFO,DFO-458,Republic of Korea,1990-09-11,1990-09-14
2254,EM-DAT,1990-0075-KOR,Republic of Korea,1990-09-11,1990-09-14
2255,DFO,DFO-452,Philippines,1990-08-25,1990-09-01
2255,DFO,DFO-457,Philippines,1990-09-07,1990-09-10
2255,EM-DAT,1990-0616-PHL,Philippines,1990-08-25,1990-09-01
2255,EM-DAT,1990-0645-PHL,Philippines,1990-09-01,1990-09-01
2256,DFO,DFO-454,Nepal,1990-08-27,1990-09-04
2256,EM-DAT,1990-0399-NPL,Nepal,1990-08-27,1990-09-04
2257,DFO,DFO-455,Ethiopia,1990-08-27,1990-09-01
2257,EM-DAT,1990-0582-ETH,Ethiopia,1990-08-27,1990-09-01
2258,DFO,DFO-428,Bangladesh,1990-06-26,1990-07-08
2258,DFO,DFO-436,Bangladesh,1990-07-14,1990-09-06
2258,DFO,DFO-453,Bangladesh,1990-08-25,1990-08-27
2258,EM-DAT,1990-0609-BGD,Bangladesh,1990-07-14,1990-09-06
2259,DFO,DFO-434,Soviet Union,1990-07-08,1990-07-10
2259,EM-DAT,1990-0379-SUN,Soviet Union,1990-07-08,1990-07-10
2260,DFO,DFO-417,China,1990-06-05,1990-07-02
2260,DFO,DFO-423,China,1990-06-18,1990-06-22
2260,DFO,DFO-426,China,1990-06-23,1990-06-29
2260,DFO,DFO-433,China,1990-07-04,1990-07-19
2260,EM-DAT,1990-0024-CHN,China,1990-06-05,1990-07-02
2260,EM-DAT,1990-0699-CHN,China,1990-07-01,1990-07-01
2260,EM-DAT,1990-0039-CHN,China,1990-07-04,1990-07-19
2261,DFO,DFO-429,Japan,1990-06-29,1990-07-03
2261,EM-DAT,1990-0572-JPN,Japan,1990-06-25,1990-07-04
2262,DFO,DFO-420,United States of America,1990-06-15,1990-06-16
2262,DFO,DFO-424,United States of America,1990-06-20,1990-06-22
2262,EM-DAT,1990-0073-USA,United States of America,1990-06-21,1990-06-21
2263,DFO,DFO-421,Philippines,1990-06-17,1990-06-19
2263,DFO,DFO-425,Philippines,1990-06-20,1990-06-25
2263,EM-DAT,1990-0027-PHL,Philippines,1990-06-17,1990-06-19
2264,DFO,DFO-418,Viet Nam,1990-06-12,1990-06-20
2264,DFO,DFO-427,Viet Nam,1990-06-20,1990-07-08
2264,EM-DAT,1990-0048-VNM,Viet Nam,1990-06-20,1990-07-08
2265,DFO,DFO-422,Türkiye,1990-06-18,1990-06-21
2265,EM-DAT,1990-0023-TUR,Türkiye,1990-06-18,1990-06-21
2266,DFO,DFO-419,India,1990-06-13,1990-06-18
2266,EM-DAT,1990-0714-IND,India,1990-06-13,1990-06-18
2267,DFO,DFO-408,United States of America,1990-04-26,1990-06-01
2267,DFO,DFO-416,United States of America,1990-05-31,1990-06-02
2267,EM-DAT,1990-0713-USA,United States of America,1990-05-31,1990-06-02
2268,DFO,DFO-415,Soviet Union,1990-05-30,1990-05-30
2268,EM-DAT,1990-0712-SUN,Soviet Union,1990-05-30,1990-05-30
2269,DFO,DFO-414,Nicaragua,1990-05-28,1990-05-29
2269,EM-DAT,1990-0107-NIC,Nicaragua,1990-05-28,1990-05-29
2270,DFO,DFO-410,Soviet Union,1990-05-05,1990-05-11
2270,EM-DAT,1990-0354-SUN,Soviet Union,1990-05-05,1990-05-11
2270,EM-DAT,1990-0711-SUN,Soviet Union,1990-05-18,1990-05-19
2271,DFO,DFO-405,Australia,1990-04-18,1990-04-28
2271,EM-DAT,1990-0087-AUS,Australia,1990-04-18,1990-04-24
2272,DFO,DFO-406,Brazil,1990-04-18,1990-04-19
2272,EM-DAT,1990-0710-BRA,Brazil,1990-04-18,1990-04-19
2273,DFO,DFO-404,Indonesia,1990-04-04,1990-04-05
2273,EM-DAT,1990-0709-IDN,Indonesia,1990-04-04,1990-04-05
2274,DFO,DFO-403,United Republic of Tanzania,1990-04-03,1990-05-01
2274,EM-DAT,1990-0016-TZA,United Republic of Tanzania,1990-04-03,1990-04-10
2274,EM-DAT,1990-0018-TZA,United Republic of Tanzania,1990-05-02,1990-05-02
2275,DFO,DFO-402,Bangladesh,1990-03-24,1990-03-30
2275,EM-DAT,1990-0095-BGD,Bangladesh,1990-03-24,1990-03-30
2276,DFO,DFO-401,India,1990-03-21,1990-03-22
2276,EM-DAT,1990-0103-IND,India,1990-03-21,1990-03-22
2277,DFO,DFO-397,Peru,1990-02-20,1990-02-23
2277,EM-DAT,1990-0315-PER,Peru,1990-02-14,1990-02-14
2277,EM-DAT,1990-0322-PER,Peru,1990-02-20,1990-02-23
2278,DFO,DFO-396,Türkiye,1990-02-18,1990-02-20
2278,EM-DAT,1990-0634-TUR,Türkiye,1990-02-18,1990-02-19
2279,DFO,DFO-390,United States of America,1990-01-26,1990-01-30
2279,EM-DAT,1990-0708-USA,United States of America,1990-01-25,1990-01-27
2280,DFO,DFO-391,Indonesia,1990-01-26,1990-02-01
2280,EM-DAT,1990-0005-IDN,Indonesia,1990-01-26,1990-02-01
2281,DFO,DFO-389,Tunisia,1990-01-20,1990-02-01
2281,EM-DAT,1990-0002-TUN,Tunisia,1990-01-20,1990-02-01
2282,DFO,DFO-387,Paraguay,1990-01-14,1990-03-14
2282,EM-DAT,1990-0011-PRY,Paraguay,1990-01-14,1990-03-14
2283,DFO,DFO-384,United States of America,1989-12-15,1990-01-15
2283,DFO,DFO-386,United States of America,1990-01-09,1990-01-11
2283,EM-DAT,1990-0707-USA,United States of America,1990-01-09,1990-01-11
2284,DFO,DFO-385,Sri Lanka,1990-01-03,1990-01-14
2284,EM-DAT,1990-0001-LKA,Sri Lanka,1990-01-06,1990-01-14
2285,DFO,DFO-383,Brazil,1989-12-10,1989-12-31
2285,EM-DAT,1989-0141-BRA,Brazil,1989-12-28,1989-12-28
2286,DFO,DFO-358,Ghana,1989-08-25,1989-08-29
2286,EM-DAT,1989-0258-GHA,Ghana,1989-08-25,1989-08-25
2287,DFO,DFO-345,Bangladesh,1989-08-01,1989-08-07
2287,EM-DAT,1989-0119-BGD,Bangladesh,1989-08-14,1989-08-14
2288,DFO,DFO-348,Pakistan,1989-07-29,1989-08-07
2288,EM-DAT,1989-0270-PAK,Pakistan,1989-08-04,1989-08-04
2289,DFO,DFO-334,India,1989-07-05,1989-08-10
2289,DFO,DFO-330,India,1989-07-22,1989-07-31
2289,EM-DAT,1989-0091-IND,India,1989-07-28,1989-07-28
2289,EM-DAT,1989-0260-IND,India,1989-08-01,1989-08-01
2290,DFO,DFO-320,China,1989-06-30,1989-07-20
2290,DFO,DFO-317,China,1989-07-03,1989-07-07
2290,DFO,DFO-319,China,1989-07-06,1989-07-10
2290,DFO,DFO-322,China,1989-07-07,1989-07-20
2290,DFO,DFO-324,China,1989-07-10,1989-07-17
2290,DFO,DFO-321,China,1989-07-11,1989-07-23
2290,DFO,DFO-326,China,1989-07-16,1989-07-27
2290,DFO,DFO-331,China,1989-07-18,1989-07-26
2290,DFO,DFO-327,China,1989-07-19,1989-07-27
2290,DFO,DFO-328,China,1989-07-20,1989-07-25
2290,DFO,DFO-339,China,1989-07-20,1989-07-29
2290,DFO,DFO-329,China,1989-07-21,1989-07-31
2290,EM-DAT,1989-0087-CHN,China,1989-07-14,1989-07-14
2291,DFO,DFO-312,Brazil,1989-07-05,1989-07-16
2291,EM-DAT,1989-0064-BRA,Brazil,1989-07-19,1989-07-19
2292,DFO,DFO-307,Sri Lanka,1989-05-30,1989-06-11
2292,EM-DAT,1989-0021-LKA,Sri Lanka,1989-05-30,1989-05-30
2293,DFO,DFO-297,Brazil,1989-04-08,1989-04-15
2293,EM-DAT,1989-0362-BRA,Brazil,1989-04-12,1989-04-12
2293,EM-DAT,1989-0061-BRA,Brazil,1989-04-21,1989-04-21
2294,DFO,DFO-299,Djibouti,1989-04-07,1989-04-12
2294,EM-DAT,1989-0011-DJI,Djibouti,1989-04-09,1989-04-09
2295,DFO,DFO-296,Australia,1989-04-04,1989-04-08
2295,EM-DAT,1989-0396-AUS,Australia,1989-04-01,1989-04-01
2296,DFO,DFO-291,Malawi,1989-03-09,1989-03-15
2296,EM-DAT,1989-0008-MWI,Malawi,1989-03-14,1989-03-14
2297,DFO,DFO-281,Philippines,1989-01-25,1989-02-08
2297,EM-DAT,1989-0094-PHL,Philippines,1989-02-09,1989-02-09
2298,DFO,DFO-272,Indonesia,1988-12-17,1988-12-19
2298,EM-DAT,1988-0494-IDN,Indonesia,1988-12-20,1988-12-20
2299,DFO,DFO-269,Thailand,1988-11-20,1988-12-01
2299,EM-DAT,1988-0512-THA,Thailand,1988-11-19,1988-11-27
2300,DFO,DFO-265,Indonesia,1988-11-05,1988-11-07
2300,EM-DAT,1988-0504-IDN,Indonesia,1988-11-06,1988-11-06
2301,DFO,DFO-228,India,1988-08-23,1988-09-15
2301,DFO,DFO-253,India,1988-09-21,1988-10-08
2301,DFO,DFO-255,India,1988-10-03,1988-10-04
2301,EM-DAT,1988-0438-IND,India,1988-09-22,1988-10-09
2302,DFO,DFO-256,France,1988-10-03,1988-10-03
2302,EM-DAT,1988-0698-FRA,France,1988-10-03,1988-10-04
2303,DFO,DFO-209,China,1988-07-21,1988-08-19
2303,DFO,DFO-210,China,1988-07-23,1988-07-23
2303,DFO,DFO-212,China,1988-07-29,1988-08-05
2303,DFO,DFO-216,China,1988-08-06,1988-08-06
2303,DFO,DFO-218,China,1988-08-07,1988-08-08
2303,DFO,DFO-226,China,1988-08-09,1988-08-18
2303,DFO,DFO-219,China,1988-08-10,1988-08-15
2303,DFO,DFO-223,China,1988-08-13,1988-08-14
2303,DFO,DFO-233,China,1988-08-23,1988-08-24
2303,DFO,DFO-238,China,1988-08-31,1988-09-06
2303,DFO,DFO-246,China,1988-09-05,1988-09-14
2303,EM-DAT,1988-0320-CHN,China,1988-07-23,1988-07-23
2303,EM-DAT,1988-0363-CHN,China,1988-08-06,1988-08-06
2303,EM-DAT,1988-0388-CHN,China,1988-08-24,1988-08-24
2303,EM-DAT,1988-0402-CHN,China,1988-09-01,1988-09-01
2303,EM-DAT,1988-0401-CHN,China,1988-09-01,1988-09-01
2304,DFO,DFO-237,El Salvador,1988-08-25,1988-08-29
2304,EM-DAT,1988-0387-SLV,El Salvador,1988-08-24,1988-08-24
2305,DFO,DFO-239,Iran (Islamic Republic of),1988-08-25,1988-08-25
2305,EM-DAT,1988-0392-IRN,Iran (Islamic Republic of),1988-08-26,1988-08-26
2306,DFO,DFO-188,Bangladesh,1988-06-14,1988-06-20
2306,DFO,DFO-193,Bangladesh,1988-06-27,1988-08-15
2306,DFO,DFO-227,Bangladesh,1988-08-20,1988-10-03
2306,EM-DAT,1988-0242-BGD,Bangladesh,1988-06-01,1988-09-01
2306,EM-DAT,1988-0294-BGD,Bangladesh,1988-07-01,1988-07-01
2307,DFO,DFO-236,Chad,1988-08-20,1988-09-06
2307,EM-DAT,1988-0386-TCD,Chad,1988-08-24,1988-08-24
2308,DFO,DFO-224,Venezuela (Bolivarian Republic of),1988-08-16,1988-08-23
2308,EM-DAT,1988-0377-VEN,Venezuela (Bolivarian Republic of),1988-08-15,1988-08-15
2309,DFO,DFO-225,Nigeria,1988-08-07,1988-08-20
2309,EM-DAT,1988-0334-NGA,Nigeria,1988-08-01,1988-08-01
2310,DFO,DFO-217,Sudan,1988-08-05,1988-09-10
2310,EM-DAT,1988-0359-SDN,Sudan,1988-08-01,1988-09-02
2311,DFO,DFO-213,Venezuela (Bolivarian Republic of),1988-07-31,1988-07-31
2311,EM-DAT,1988-0327-VEN,Venezuela (Bolivarian Republic of),1988-07-25,1988-07-25
2312,DFO,DFO-196,India,1988-07-04,1988-08-08
2312,DFO,DFO-203,India,1988-07-14,1988-07-27
2312,DFO,DFO-214,India,1988-07-31,1988-08-02
2312,EM-DAT,1988-0703-IND,India,1988-08-01,1988-08-01
2313,DFO,DFO-211,New Zealand,1988-07-27,1988-07-27
2313,EM-DAT,1988-0611-NZL,New Zealand,1988-07-24,1988-07-24
2314,DFO,DFO-205,Pakistan,1988-07-18,1988-08-05
2314,EM-DAT,1988-0332-PAK,Pakistan,1988-08-01,1988-08-01
2315,DFO,DFO-202,Japan,1988-07-15,1988-07-15
2315,EM-DAT,1988-0696-JPN,Japan,1988-07-09,1988-07-09
2316,DFO,DFO-187,Türkiye,1988-06-12,1988-06-12
2316,EM-DAT,1988-0684-TUR,Türkiye,1988-06-13,1988-06-13
2317,DFO,DFO-182,Cuba,1988-05-30,1988-06-06
2317,EM-DAT,1988-0224-CUB,Cuba,1988-05-26,1988-05-26
2318,DFO,DFO-179,China,1988-05-19,1988-05-28
2318,DFO,DFO-181,China,1988-05-24,1988-05-26
2318,EM-DAT,1988-0215-CHN,China,1988-05-20,1988-05-20
2318,EM-DAT,1988-0240-CHN,China,1988-06-01,1988-06-01
2319,DFO,DFO-180,India,1988-05-23,1988-06-11
2319,EM-DAT,1988-0244-IND,India,1988-06-01,1988-06-01
2320,DFO,DFO-178,Rwanda,1988-05-06,1988-05-15
2320,EM-DAT,1988-0201-RWA,Rwanda,1988-05-06,1988-05-06
2321,DFO,DFO-172,Germany Federal Republic,1988-03-26,1988-03-30
2321,EM-DAT,1988-0139-DFR,Germany Federal Republic,1988-03-26,1988-04-04
2322,DFO,DFO-171,Argentina,1988-03-25,1988-03-28
2322,EM-DAT,1988-0116-ARG,Argentina,1988-03-23,1988-03-23
2323,DFO,DFO-169,Peru,1988-02-22,1988-02-22
2323,EM-DAT,1988-0093-PER,Peru,1988-02-24,1988-02-24
2324,DFO,DFO-166,Brazil,1988-02-01,1988-02-10
2324,EM-DAT,1988-0071-BRA,Brazil,1988-02-02,1988-02-02
2325,DFO,DFO-159,Spain,1987-11-03,1987-11-06
2325,EM-DAT,1987-0207-ESP,Spain,1987-11-03,1987-11-05
2326,DFO,DFO-158,Jamaica,1987-10-30,1987-11-01
2326,EM-DAT,1987-0326-JAM,Jamaica,1987-10-31,1987-11-04
2327,DFO,DFO-153,Guatemala,1987-10-01,1987-10-08
2327,EM-DAT,1987-0170-GTM,Guatemala,1987-09-30,1987-09-30
2328,DFO,DFO-152,Mexico,1987-09-28,1987-09-29
2328,EM-DAT,1987-0583-MEX,Mexico,1987-09-29,1987-09-29
2329,DFO,DFO-151,South Africa,1987-09-26,1987-10-02
2329,EM-DAT,1987-0166-ZAF,South Africa,1987-09-25,1987-09-29
2330,DFO,DFO-147,China,1987-08-26,1987-08-27
2330,DFO,DFO-149,China,1987-08-27,1987-09-15
2330,EM-DAT,1987-0408-CHN,China,1987-08-26,1987-08-26
2331,DFO,DFO-145,Iran (Islamic Republic of),1987-07-24,1987-07-27
2331,EM-DAT,1987-0133-IRN,Iran (Islamic Republic of),1987-07-24,1987-07-24
2332,DFO,DFO-146,Bangladesh,1987-07-23,1987-09-24
2332,EM-DAT,1987-0132-BGD,Bangladesh,1987-07-22,1987-07-22
2332,EM-DAT,1987-0319-BGD,Bangladesh,1987-08-01,1987-08-01
2333,DFO,DFO-136,China,1987-06-24,1987-07-02
2333,DFO,DFO-138,China,1987-07-02,1987-07-23
2333,DFO,DFO-143,China,1987-07-16,1987-07-21
2333,EM-DAT,1987-0393-CHN,China,1987-07-05,1987-07-05
2333,EM-DAT,1987-0134-CHN,China,1987-07-28,1987-07-28
2334,DFO,DFO-140,Chile,1987-07-12,1987-07-18
2334,EM-DAT,1987-0126-CHL,Chile,1987-07-17,1987-07-17
2335,DFO,DFO-139,Colombia,1987-07-04,1987-07-06
2335,EM-DAT,1987-0124-COL,Colombia,1987-07-04,1987-07-04
2336,DFO,DFO-131,Poland,1987-05-23,1987-05-26
2336,EM-DAT,1987-0091-POL,Poland,1987-05-23,1987-05-26
2337,DFO,DFO-132,China,1987-05-19,1987-06-09
2337,EM-DAT,1987-0098-CHN,China,1987-05-21,1987-05-21
2338,DFO,DFO-125,Peru,1987-03-09,1987-03-11
2338,EM-DAT,1987-0073-PER,Peru,1987-03-09,1987-03-09
2339,DFO,DFO-123,Indonesia,1987-02-21,1987-02-23
2339,EM-DAT,1987-0063-IDN,Indonesia,1987-02-23,1987-02-23
2340,DFO,DFO-121,Peru,1987-02-01,1987-02-10
2340,EM-DAT,1987-0023-PER,Peru,1987-02-01,1987-02-01
2341,DFO,DFO-119,Brazil,1987-01-26,1987-01-28
2341,EM-DAT,1987-0052-BRA,Brazil,1987-01-26,1987-01-26
2342,DFO,DFO-120,Bolivia (Plurinational State of),1987-01-20,1987-01-30
2342,EM-DAT,1987-0053-BOL,Bolivia (Plurinational State of),1987-02-01,1987-02-01
2343,DFO,DFO-118,Madagascar,1987-01-01,1987-01-26
2343,EM-DAT,1986-0144-MDG,Madagascar,1986-12-29,1986-12-29
2344,DFO,DFO-115,Viet Nam,1986-12-03,1986-12-05
2344,EM-DAT,1986-0139-VNM,Viet Nam,1986-12-03,1986-12-03
2345,DFO,DFO-114,Iran (Islamic Republic of),1986-11-30,1986-12-11
2345,EM-DAT,1986-0129-IRN,Iran (Islamic Republic of),1986-11-30,1986-12-11
2346,DFO,DFO-112,Indonesia,1986-10-27,1986-11-03
2346,EM-DAT,1986-0126-IDN,Indonesia,1986-10-24,1986-10-24
2347,DFO,DFO-111,Haiti,1986-10-23,1986-10-25
2347,EM-DAT,1986-0125-HTI,Haiti,1986-10-23,1986-10-23
2348,DFO,DFO-108,Tunisia,1986-09-30,1986-10-03
2348,EM-DAT,1986-0118-TUN,Tunisia,1986-09-30,1986-09-30
2349,DFO,DFO-105,United States of America,1986-09-25,1986-10-05
2349,DFO,DFO-107,United States of America,1986-09-26,1986-10-13
2349,EM-DAT,1986-0237-USA,United States of America,1986-10-01,1986-10-01
2350,DFO,DFO-106,India,1986-09-22,1986-10-10
2350,EM-DAT,1986-0239-IND,India,1986-10-10,1986-10-10
2351,DFO,DFO-103,Mexico,1986-09-04,1986-09-08
2351,EM-DAT,1986-0233-MEX,Mexico,1986-09-01,1986-09-01
2352,DFO,DFO-99,Uruguay,1986-08-04,1986-08-16
2352,EM-DAT,1986-0092-URY,Uruguay,1986-08-01,1986-08-01
2353,DFO,DFO-94,China,1986-06-25,1986-08-24
2353,DFO,DFO-92,China,1986-07-21,1986-07-31
2353,EM-DAT,1986-0229-CHN,China,1986-07-01,1986-07-01
2353,EM-DAT,1986-0086-CHN,China,1986-08-01,1986-08-01
2354,DFO,DFO-91,Canada,1986-07-18,1986-07-22
2354,EM-DAT,1986-0187-CAN,Canada,1986-07-15,1986-07-15
2355,DFO,DFO-86,Chile,1986-06-15,1986-06-18
2355,EM-DAT,1986-0075-CHL,Chile,1986-06-15,1986-06-15
2356,DFO,DFO-93,India,1986-06-15,1986-08-20
2356,EM-DAT,1986-0085-IND,India,1986-08-01,1986-08-01
2357,DFO,DFO-78,Thailand,1986-05-09,1986-05-12
2357,EM-DAT,1986-0059-THA,Thailand,1986-05-08,1986-05-08
2358,DFO,DFO-77,Iran (Islamic Republic of),1986-05-02,1986-05-06
2358,EM-DAT,1986-0225-IRN,Iran (Islamic Republic of),1986-04-28,1986-04-28
2359,DFO,DFO-75,Argentina,1986-04-11,1986-05-07
2359,EM-DAT,1986-0038-ARG,Argentina,1986-04-11,1986-05-06
2360,DFO,DFO-72,United States of America,1986-02-12,1986-02-27
2360,EM-DAT,1986-0030-USA,United States of America,1986-02-13,1986-02-13
2361,DFO,DFO-73,Peru,1986-02-01,1986-05-01
2361,EM-DAT,1986-0027-PER,Peru,1986-02-01,1986-02-01
2362,DFO,DFO-71,Bolivia (Plurinational State of),1986-01-06,1986-04-03
2362,EM-DAT,1986-0003-BOL,Bolivia (Plurinational State of),1986-01-06,1986-01-06
2363,DFO,DFO-69,United States of America,1985-12-30,1985-12-31
2363,DFO,DFO-70,United States of America,1986-01-01,1986-01-06
2363,EM-DAT,1986-0380-USA,United States of America,1986-01-01,1986-01-01
2364,DFO,DFO-67,Venezuela (Bolivarian Republic of),1985-12-02,1985-12-05
2364,EM-DAT,1985-0138-VEN,Venezuela (Bolivarian Republic of),1985-12-01,1985-12-01
2365,DFO,DFO-60,Thailand,1985-10-12,1985-10-17
2365,EM-DAT,1985-0016-THA,Thailand,1985-10-12,1985-10-12
2366,DFO,DFO-57,Puerto Rico,1985-10-06,1985-10-08
2366,EM-DAT,1985-0345-PRI,Puerto Rico,1985-10-07,1985-10-07
2367,DFO,DFO-55,Nigeria,1985-09-23,1985-09-25
2367,EM-DAT,1985-0015-NGA,Nigeria,1985-09-23,1985-09-23
2368,DFO,DFO-54,Dominican Republic,1985-09-14,1985-09-15
2368,EM-DAT,1985-0014-DOM,Dominican Republic,1985-09-14,1985-09-14
2369,DFO,DFO-52,Sweden,1985-09-12,1985-09-15
2369,EM-DAT,1985-0272-SWE,Sweden,1985-09-13,1985-09-13
2370,DFO,DFO-51,Viet Nam,1985-09-07,1985-09-15
2370,EM-DAT,1985-0106-VNM,Viet Nam,1985-09-07,1985-09-07
2371,DFO,DFO-35,China,1985-07-20,1985-09-02
2371,DFO,DFO-38,China,1985-08-01,1985-08-02
2371,DFO,DFO-41,China,1985-08-06,1985-08-09
2371,DFO,DFO-44,China,1985-08-30,1985-09-03
2371,DFO,DFO-45,China,1985-08-30,1985-09-08
2371,DFO,DFO-48,China,1985-09-01,1985-09-04
2371,EM-DAT,1985-0088-CHN,China,1985-08-01,1985-08-01
2371,EM-DAT,1985-0091-CHN,China,1985-08-01,1985-08-01
2371,EM-DAT,1985-0310-CHN,China,1985-09-01,1985-09-01
2372,DFO,DFO-43,Ethiopia,1985-08-17,1985-08-19
2372,EM-DAT,1985-0086-ETH,Ethiopia,1985-08-17,1985-08-17
2373,DFO,DFO-42,Austria,1985-08-07,1985-08-08
2373,EM-DAT,1985-0245-AUT,Austria,1985-08-05,1985-08-08
2374,DFO,DFO-40,Nepal,1985-08-04,1985-08-05
2374,EM-DAT,1985-0092-NPL,Nepal,1985-08-01,1985-08-01
2375,DFO,DFO-29,Bangladesh,1985-07-03,1985-07-04
2375,EM-DAT,1985-0299-BGD,Bangladesh,1985-07-05,1985-07-05
2376,DFO,DFO-27,India,1985-06-23,1985-06-27
2376,EM-DAT,1985-0343-IND,India,1985-06-23,1985-06-23
2377,DFO,DFO-23,Bangladesh,1985-06-03,1985-06-22
2377,EM-DAT,1985-0012-BGD,Bangladesh,1985-06-01,1985-06-01
2378,DFO,DFO-22,Argentina,1985-05-30,1985-06-01
2378,EM-DAT,1985-0165-ARG,Argentina,1985-05-30,1985-05-30
2379,DFO,DFO-21,China,1985-05-26,1985-06-06
2379,EM-DAT,1985-0065-CHN,China,1985-06-01,1985-06-01
2380,DFO,DFO-18,United States of America,1985-04-24,1985-04-25
2380,EM-DAT,1985-0005-USA,United States of America,1985-04-24,1985-04-24
2381,DFO,DFO-17,China,1985-04-21,1985-04-29
2381,EM-DAT,1985-0304-CHN,China,1985-04-21,1985-04-21
2381,EM-DAT,1985-0058-CHN,China,1985-05-01,1985-05-01
2382,DFO,DFO-16,United States of America,1985-04-11,1985-04-12
2382,EM-DAT,1985-0003-USA,United States of America,1985-04-11,1985-04-11
2383,DFO,DFO-15,Brazil,1985-04-02,1985-04-17
2383,EM-DAT,1985-0050-BRA,Brazil,1985-04-01,1985-04-01
2384,DFO,DFO-14,United States of America,1985-03-30,1985-03-31
2384,EM-DAT,1985-0002-USA,United States of America,1985-03-30,1985-03-30
2385,DFO,DFO-9,United States of America,1985-02-22,1985-03-01
2385,DFO,DFO-11,United States of America,1985-03-03,1985-03-08
2385,EM-DAT,1985-0166-USA,United States of America,1985-03-03,1985-03-03
2386,DFO,DFO-10,Bolivia (Plurinational State of),1985-02-25,1985-02-28
2386,EM-DAT,1985-0167-BOL,Bolivia (Plurinational State of),1985-02-25,1985-02-25
2387,DFO,DFO-4,Indonesia,1985-02-04,1985-02-18
2387,DFO,DFO-8,Indonesia,1985-02-19,1985-02-23
2387,EM-DAT,1985-0009-IDN,Indonesia,1985-02-04,1985-02-04
2387,EM-DAT,1985-0062-IDN,Indonesia,1985-02-19,1985-02-19
2388,DFO,DFO-7,New Zealand,1985-02-17,1985-02-18
2388,EM-DAT,1985-0392-NZL,New Zealand,1985-02-17,1985-02-17
2389,DFO,DFO-3,Philippines,1985-01-20,1985-01-21
2389,EM-DAT,1985-0342-PHL,Philippines,1985-01-26,1985-01-26
2390,DFO,DFO-1,Algeria,1985-01-01,1985-01-05
2390,EM-DAT,1985-0143-DZA,Algeria,1985-01-09,1985-01-09
